amoblado,bathroom,baulera,bedroom,dimension_built,dimension_ground,garage,id_neighborhood,latitud,longitud,neighborhood,price,status,type_offer,year_built,riesgo
0,4.0,0,4.0,286,261,2,38,-16.532234,-68.079918,Koani,250000.0,2,Venta,,bajo
0,3.0,0,4.0,225,225,0,35,-16.538757,-68.057556,Cota Cota,250000.0,2,Venta,,moderado
0,4.0,0,4.0,432,850,3,151,-16.55986,-68.09461999999999,Aranjuez,530000.0,2,Venta,,moderado
0,6.0,0,3.0,600,603,2,37,-16.514441,-68.086395,Irpavi,580000.0,2,Venta,,moderado
0,4.0,0,5.0,250,300,3,29,-16.513678,-68.053596,Achumani,169000.0,1,Venta,2019.0,alto
0,6.0,0,4.0,345,351,2,29,-16.512421,-68.057358,Achumani,375000.0,2,Venta,,alto
0,5.0,0,4.0,620,1050,5,32,-16.537254,-68.072968,Calacoto,890000.0,2,Venta,,bajo
0,5.0,0,4.0,557,930,3,32,-16.541328,-68.08330500000001,Calacoto,1320000.0,2,Venta,1990.0,bajo
0,6.0,0,6.0,485,500,2,151,-16.557638,-68.098846,Aranjuez,350000.0,2,Venta,,moderado
0,5.0,0,4.0,492,320,2,29,-16.522589,-68.059662,Achumani,345000.0,2,Venta,2008.0,alto
0,4.0,0,5.0,500,650,0,29,-16.523220000000002,-68.06514,Achumani,480000.0,2,Venta,,alto
0,4.0,0,4.0,304,494,2,35,-16.544447,-68.065163,Cota Cota,370000.0,2,Venta,,moderado
0,2.0,0,3.0,165,165,1,29,-16.525305,-68.04908,Achumani,158000.0,1,Venta,2018.0,alto
0,5.0,0,4.0,420,627,3,29,-16.517899,-68.062874,Achumani,500000.0,2,Venta,2010.0,alto
0,4.0,0,4.0,307,185,1,35,-16.540758,-68.063416,Cota Cota,170000.0,2,Venta,,moderado
0,4.0,0,3.0,625,717,3,29,-16.517809,-68.051636,Achumani,290000.0,2,Venta,2015.0,alto
0,5.0,0,20.0,470,571,1,45,-16.506088000000002,-68.138535,San Pedro,550000.0,2,Venta,,moderado
0,3.0,0,7.0,195,250,2,43,-16.498272,-68.103287,Pampahasi,180000.0,2,Venta,,bajo
0,2.0,0,4.0,235,497,2,31,-16.514997,-68.09114100000001,Bolognia,230000.0,2,Venta,1994.0,bajo
0,2.0,0,3.0,0,350,2,47,-16.513016,-68.123688,Sopocachi,330000.0,2,Venta,,moderado
0,4.0,0,4.0,200,300,2,29,-16.521746,-68.05545,Achumani,205000.0,1,Venta,2018.0,alto
0,4.0,0,3.0,337,300,5,180,-16.516335,-68.083603,Alto Irpavi,250000.0,2,Venta,,bajo
0,3.0,0,5.0,257,200,1,30,-16.519811999999998,-68.102852,Alto Obrajes,218000.0,2,Venta,,moderado
0,3.0,0,4.0,335,448,2,54,-16.665884,-68.013588,Mecapaca,220000.0,2,Venta,2005.0,alto
0,4.0,0,6.0,0,204,1,32,-16.539158,-68.08114599999999,Calacoto,265000.0,2,Venta,,bajo
0,6.0,0,4.0,0,1461,3,35,-16.542698,-68.062912,Cota Cota,980000.0,2,Venta,2000.0,moderado
0,5.0,0,4.0,500,777,4,32,-16.540155,-68.085892,Calacoto,850000.0,1,Venta,2001.0,bajo
0,4.0,0,3.0,423,0,3,32,-16.539234,-68.08671600000001,Calacoto,510000.0,1,Venta,2017.0,bajo
0,5.0,0,5.0,433,356,1,41,-16.502962,-68.117294,Miraflores,370000.0,2,Venta,,muy bajo
0,5.0,0,4.0,435,430,2,29,-16.517618,-68.062965,Achumani,550000.0,2,Venta,,alto
0,1.0,0,2.0,180,200,0,43,-16.497284,-68.101738,Pampahasi,83000.0,2,Venta,,bajo
0,8.0,0,5.0,510,610,3,37,-16.502229999999997,-68.082146,Irpavi,570000.0,2,Venta,2011.0,moderado
0,4.0,0,4.0,297,373,2,33,-16.537321,-68.04675300000001,Chasquipampa,270000.0,2,Venta,,bajo
0,3.0,0,4.0,680,680,2,29,-16.53558,-68.080055,Achumani,750000.0,2,Venta,1950.0,alto
0,4.0,0,4.0,560,300,0,37,-16.502979,-68.082169,Irpavi,255000.0,2,Venta,,moderado
0,5.0,0,4.0,990,700,1,55,-16.547079,-68.069542,Auquisamaña,750000.0,1,Venta,2003.0,bajo
0,6.0,0,4.0,380,300,4,37,-16.528793,-68.085922,Irpavi,395000.0,2,Venta,,moderado
1,4.0,0,3.0,325,400,2,29,-16.507460000000002,-68.041359,Achumani,140000.0,2,Venta,,alto
0,4.0,0,3.0,370,370,4,29,-16.515427,-68.06081400000001,Achumani,465000.0,1,Venta,2010.0,alto
0,4.0,0,3.0,464,400,0,39,-16.545839,-68.084091,La Florida,450000.0,2,Venta,,moderado
0,5.0,0,4.0,350,280,1,42,-16.52272,-68.108124,Obrajes,285000.0,2,Venta,,bajo
0,5.0,0,4.0,0,0,3,35,-16.542715,-68.062874,Cota Cota,320000.0,2,Venta,1995.0,moderado
0,3.0,0,3.0,440,550,2,39,-16.551388,-68.084808,La Florida,495000.0,2,Venta,,moderado
0,6.0,0,4.0,530,0,3,39,-16.552507000000002,-68.08371700000001,La Florida,535000.0,2,Venta,2015.0,moderado
0,2.0,0,3.0,200,300,3,46,-16.533479999999997,-68.10333299999999,Seguencoma,210000.0,2,Venta,,bajo
0,4.0,0,3.0,340,600,2,35,-16.542582,-68.06079100000001,Cota Cota,415000.0,2,Venta,1996.0,moderado
0,4.0,0,3.0,300,420,3,29,-16.514236,-68.058945,Achumani,237000.0,1,Venta,,alto
0,8.0,0,6.0,677,914,5,37,-16.520359,-68.08635699999999,Irpavi,799000.0,2,Venta,,moderado
0,4.0,0,3.0,350,640,4,52,-16.543179000000002,-68.07083100000001,Los Pinos,650000.0,2,Venta,,moderado
0,6.0,0,4.0,280,300,2,180,-16.514395,-68.082565,Alto Irpavi,235000.0,2,Venta,,bajo
0,5.0,0,3.0,415,355,2,29,-16.520739000000003,-68.06369000000001,Achumani,345000.0,2,Venta,,alto
0,6.0,0,4.0,580,980,2,192,-16.569693,-68.098495,Mallasilla,1000000.0,2,Venta,,alto
0,3.0,0,3.0,670,498,3,32,-16.543612,-68.082893,Calacoto,1050000.0,1,Venta,2014.0,bajo
0,6.0,0,5.0,494,681,4,29,-16.513044,-68.056694,Achumani,620000.0,2,Venta,2007.0,alto
0,5.0,0,3.0,401,572,3,192,-16.571213,-68.091972,Mallasilla,540000.0,2,Venta,1990.0,alto
0,3.0,0,3.0,512,459,2,29,-16.534685,-68.07798000000001,Achumani,550000.0,2,Venta,,alto
0,5.0,0,5.0,316,280,2,237,-16.543941,-68.07907900000001,San Miguel,420000.0,2,Venta,,bajo
0,5.0,0,4.0,480,630,4,29,-16.513536,-68.06004300000001,Achumani,630000.0,2,Venta,2006.0,alto
0,4.0,0,3.0,220,270,4,29,-16.514318,-68.05438199999999,Achumani,243000.0,1,Venta,2019.0,alto
0,6.0,0,4.0,380,1000,5,37,-16.504696,-68.082527,Irpavi,347000.0,2,Venta,,moderado
0,3.0,0,3.0,190,220,2,29,-16.514442000000003,-68.054077,Achumani,188000.0,1,Venta,2019.0,alto
0,5.0,0,3.0,400,300,3,37,-16.515982,-68.08805100000001,Irpavi,300000.0,2,Venta,2014.0,moderado
0,6.0,0,4.0,581,440,2,39,-16.551057999999998,-68.08557900000001,La Florida,500000.0,2,Venta,2017.0,moderado
0,5.0,0,3.0,295,320,3,33,-16.538839000000003,-68.047729,Chasquipampa,260000.0,2,Venta,2014.0,bajo
0,5.0,0,3.0,500,646,3,29,-16.512541,-68.057106,Achumani,550000.0,2,Venta,2014.0,alto
0,2.0,0,2.0,200,308,2,29,-16.532688,-68.074715,Achumani,350000.0,2,Venta,2011.0,alto
0,6.0,0,4.0,413,424,2,55,-16.551336,-68.070038,Auquisamaña,360000.0,2,Venta,,bajo
0,5.0,0,4.0,420,425,1,29,-16.516829,-68.064293,Achumani,550000.0,2,Venta,,alto
0,5.0,0,3.0,406,360,2,39,-16.548426,-68.08575400000001,La Florida,483800.0,1,Venta,2019.0,moderado
0,8.0,0,6.0,380,653,5,42,-16.525345,-68.104698,Obrajes,465000.0,2,Venta,1988.0,bajo
0,5.0,0,4.0,260,300,2,29,-16.514154,-68.058319,Achumani,370000.0,2,Venta,,alto
0,3.0,0,3.0,187,390,2,33,-16.544007999999998,-68.054024,Chasquipampa,240000.0,2,Venta,,bajo
0,4.0,0,3.0,280,308,2,29,-16.532463,-68.07330300000001,Achumani,360000.0,2,Venta,2014.0,alto
0,5.0,0,4.0,470,385,2,29,-16.535742000000003,-68.07465400000001,Achumani,369000.0,2,Venta,,alto
0,3.0,0,9.0,678,510,2,46,-16.539618,-68.096535,Seguencoma,420000.0,2,Venta,1975.0,bajo
0,4.0,0,3.0,444,512,4,35,-16.544447,-68.065163,Cota Cota,470000.0,2,Venta,,moderado
0,7.0,0,4.0,604,812,4,55,-16.549946,-68.07412,Auquisamaña,865000.0,2,Venta,2013.0,bajo
0,4.0,0,4.0,209,430,3,236,-16.531843,-68.037132,Ovejuyo,280000.0,2,Venta,2018.0,moderado
0,4.0,0,3.0,271,300,2,151,-16.556795,-68.093498,Aranjuez,200000.0,2,Venta,2009.0,moderado
0,4.0,0,4.0,280,500,3,35,-16.543776,-68.069511,Cota Cota,430000.0,2,Venta,2000.0,moderado
0,5.0,0,4.0,330,444,3,29,-16.522072,-68.062073,Achumani,395000.0,2,Venta,,alto
0,3.0,0,3.0,183,300,2,29,-16.522054999999998,-68.054893,Achumani,168000.0,2,Venta,,alto
0,6.0,0,5.0,280,300,3,29,-16.514523999999998,-68.05901300000001,Achumani,320000.0,2,Venta,2012.0,alto
0,1.0,0,5.0,320,401,3,32,-16.542665,-68.06809200000001,Calacoto,460000.0,2,Venta,,bajo
0,6.0,0,4.0,345,351,3,29,-16.514828,-68.060257,Achumani,360000.0,2,Venta,,alto
0,3.0,0,9.0,570,300,5,47,-16.514051000000002,-68.12796,Sopocachi,360000.0,2,Venta,1990.0,moderado
0,3.0,0,3.0,308,352,3,55,-16.549068,-68.073402,Auquisamaña,250000.0,2,Venta,1999.0,bajo
0,3.0,0,4.0,400,600,3,37,-16.527134,-68.086929,Irpavi,600000.0,2,Venta,1994.0,moderado
0,6.0,0,3.0,300,500,3,39,-16.550678,-68.085625,La Florida,440000.0,1,Venta,2010.0,moderado
0,5.0,0,5.0,530,1080,5,42,-16.529293,-68.102722,Obrajes,1100000.0,2,Venta,1997.0,bajo
0,3.0,0,3.0,442,459,3,237,-16.539442,-68.08094799999999,San Miguel,775000.0,2,Venta,,bajo
0,6.0,0,4.0,375,330,2,32,-16.546511,-68.069405,Calacoto,410000.0,2,Venta,,bajo
0,3.0,0,3.0,398,690,3,29,-16.518887,-68.06175999999999,Achumani,720000.0,2,Venta,,alto
0,4.0,0,12.0,400,630,2,35,-16.543734,-68.068993,Cota Cota,780000.0,2,Venta,1994.0,moderado
0,2.0,0,3.0,180,300,4,29,-16.522734,-68.05980699999999,Achumani,168000.0,2,Venta,2013.0,alto
0,4.0,0,4.0,436,685,2,241,-16.531269,-68.095062,Bella Vista,570000.0,2,Venta,,moderado
0,5.0,0,4.0,462,300,3,29,-16.52046,-68.062073,Achumani,380000.0,2,Venta,2009.0,alto
0,5.0,0,6.0,300,170,2,43,-16.492722,-68.09992199999999,Pampahasi,163000.0,1,Venta,2019.0,bajo
0,5.0,0,5.0,371,382,2,35,-16.541605,-68.057381,Cota Cota,320000.0,2,Venta,,moderado
0,8.0,0,14.0,600,102,1,48,-16.512918,-68.140167,Tembladerani,460000.0,2,Venta,2005.0,moderado
0,5.0,0,16.0,699,241,1,178,-16.511629,-68.12162,San Jorge,950000.0,2,Venta,1970.0,muy bajo
0,5.0,0,6.0,394,500,2,29,-16.52673,-68.063828,Achumani,460000.0,2,Venta,1997.0,alto
0,6.0,0,5.0,380,300,4,192,-16.568037,-68.101189,Mallasilla,328000.0,2,Venta,2015.0,alto
0,5.0,0,4.0,374,400,2,37,-16.517032999999998,-68.087242,Irpavi,315000.0,2,Venta,,moderado
0,6.0,0,3.0,378,312,2,192,-16.562859,-68.103386,Mallasilla,290000.0,2,Venta,,alto
0,3.0,0,5.0,700,318,0,29,-16.522909,-68.05855600000001,Achumani,480000.0,2,Venta,,alto
0,5.0,0,5.0,550,850,3,55,-16.547911,-68.067444,Auquisamaña,750000.0,2,Venta,1994.0,bajo
0,4.0,0,3.0,300,420,3,29,-16.514046,-68.059212,Achumani,237000.0,2,Venta,,alto
0,6.0,0,4.0,378,230,2,151,-16.557436,-68.104431,Aranjuez,299000.0,2,Venta,,moderado
0,7.0,0,4.0,400,637,4,46,-16.536821,-68.097122,Seguencoma,480000.0,1,Venta,2003.0,bajo
0,5.0,0,4.0,490,329,3,29,-16.521314999999998,-68.061523,Achumani,350000.0,2,Venta,2007.0,alto
0,2.0,0,4.0,280,300,2,29,-16.521849,-68.060905,Achumani,165000.0,2,Venta,,alto
0,5.0,0,4.0,0,458,2,42,-16.528246,-68.102898,Obrajes,700000.0,2,Venta,,bajo
0,13.0,0,10.0,924,1450,2,192,-16.564792999999998,-68.112801,Mallasilla,980000.0,2,Venta,1998.0,alto
0,7.0,0,4.0,560,600,4,151,-16.557596,-68.102875,Aranjuez,385000.0,1,Venta,2019.0,moderado
0,5.0,0,5.0,300,370,2,33,-16.536985,-68.04244200000001,Chasquipampa,270000.0,2,Venta,2005.0,bajo
0,3.0,0,4.0,305,150,2,180,-16.517692999999998,-68.078026,Alto Irpavi,230000.0,2,Venta,2016.0,bajo
0,5.0,0,5.0,550,1100,4,32,-16.541122,-68.087875,Calacoto,1600000.0,2,Venta,2007.0,bajo
0,8.0,0,6.0,690,494,2,35,-16.544395,-68.065979,Cota Cota,610000.0,2,Venta,,moderado
0,6.0,0,5.0,477,360,3,32,-16.542171,-68.076035,Calacoto,445000.0,2,Venta,,bajo
0,7.0,0,9.0,423,350,3,29,-16.510656,-68.061501,Achumani,198000.0,1,Venta,,alto
0,7.0,0,5.0,425,400,3,29,-16.523042999999998,-68.06691,Achumani,485000.0,2,Venta,2010.0,alto
0,4.0,0,3.0,190,380,2,29,-16.530199,-68.051765,Achumani,165000.0,2,Venta,2009.0,alto
0,3.0,0,9.0,416,500,0,51,-16.497734,-68.090775,Villa San Antonio,330000.0,2,Venta,,alto
0,4.0,0,3.0,271,312,2,35,-16.539755,-68.05764,Cota Cota,270000.0,2,Venta,,moderado
0,4.0,0,4.0,700,400,2,29,-16.53055,-68.07643900000001,Achumani,430000.0,2,Venta,,alto
0,4.0,0,5.0,280,650,4,29,-16.521725,-68.060249,Achumani,340000.0,2,Venta,2009.0,alto
0,4.0,0,11.0,310,0,1,178,-16.512894,-68.120224,San Jorge,420000.0,2,Venta,1959.0,muy bajo
0,4.0,0,3.0,280,320,2,29,-16.519669,-68.06532299999999,Achumani,240000.0,2,Venta,2010.0,alto
0,3.0,0,4.0,209,161,1,192,-16.563347,-68.105347,Mallasilla,199000.0,1,Venta,2019.0,alto
0,3.0,0,5.0,571,380,2,42,-16.522629000000002,-68.114052,Obrajes,380000.0,2,Venta,1984.0,bajo
0,5.0,0,5.0,430,300,3,29,-16.525328,-68.061653,Achumani,260000.0,1,Venta,2019.0,alto
0,4.0,0,4.0,304,688,3,35,-16.541842000000003,-68.061913,Cota Cota,560000.0,2,Venta,2008.0,moderado
0,6.0,0,4.0,592,313,2,39,-16.54859,-68.086952,La Florida,650000.0,2,Venta,2014.0,moderado
0,6.0,0,4.0,580,650,2,29,-16.525839,-68.06405600000001,Achumani,490000.0,2,Venta,2000.0,alto
0,4.0,0,3.0,260,150,2,29,-16.508095,-68.053833,Achumani,210000.0,1,Venta,2019.0,alto
0,4.0,0,4.0,316,385,3,29,-16.535045999999998,-68.069473,Achumani,270000.0,2,Venta,2002.0,alto
0,5.0,0,3.0,308,351,4,55,-16.548328,-68.07034300000001,Auquisamaña,240000.0,2,Venta,,bajo
0,4.0,0,3.0,292,200,3,35,-16.540398,-68.06279,Cota Cota,235000.0,2,Venta,1997.0,moderado
0,1.0,0,2.0,60,300,0,53,-16.576069,-68.08300799999999,Mallasa,47000.0,1,Venta,2016.0,alto
0,5.0,0,3.0,450,360,2,39,-16.548426,-68.086845,La Florida,545000.0,1,Venta,2019.0,moderado
0,6.0,0,4.0,550,600,4,29,-16.518805,-68.059784,Achumani,830000.0,2,Venta,2012.0,alto
0,7.0,0,5.0,485,300,2,55,-16.550635999999997,-68.069687,Auquisamaña,277000.0,1,Venta,,bajo
0,6.0,0,5.0,600,400,5,32,-16.537172,-68.072449,Calacoto,660000.0,2,Venta,,bajo
0,3.0,0,4.0,308,219,2,192,-16.563323999999998,-68.105347,Mallasilla,252000.0,1,Venta,2019.0,alto
0,3.0,0,4.0,205,219,2,192,-16.563457,-68.105331,Mallasilla,211000.0,1,Venta,2019.0,alto
0,5.0,0,4.0,252,200,2,192,-16.563285999999998,-68.105133,Mallasilla,222000.0,1,Venta,2019.0,alto
0,3.0,0,4.0,304,214,1,192,-16.563168,-68.104889,Mallasilla,201000.0,1,Venta,2019.0,alto
0,4.0,0,4.0,216,198,2,192,-16.562946,-68.104889,Mallasilla,219000.0,1,Venta,2019.0,alto
0,4.0,0,4.0,225,207,2,192,-16.562936999999998,-68.104958,Mallasilla,228000.0,1,Venta,2019.0,alto
0,4.0,0,4.0,216,198,2,192,-16.562834,-68.10494200000001,Mallasilla,219000.0,1,Venta,2019.0,alto
0,5.0,0,3.0,334,406,2,39,-16.549454,-68.090477,La Florida,450000.0,2,Venta,,moderado
0,7.0,0,5.0,643,800,8,237,-16.54608,-68.07753000000001,San Miguel,850000.0,2,Venta,,bajo
0,4.0,0,3.0,320,385,2,29,-16.519215,-68.062187,Achumani,270000.0,2,Venta,2012.0,alto
0,6.0,0,4.0,390,300,2,29,-16.514648,-68.060257,Achumani,350000.0,2,Venta,2006.0,alto
0,1.0,0,3.0,200,225,2,237,-16.544134,-68.07867399999999,San Miguel,325000.0,2,Venta,,bajo
0,8.0,0,10.0,500,300,0,178,-16.505697,-68.12710600000001,San Jorge,760000.0,2,Venta,,muy bajo
0,3.0,0,3.0,300,279,3,29,-16.512541,-68.06163000000001,Achumani,240000.0,2,Venta,,alto
0,5.0,0,5.0,391,216,2,35,-16.54143,-68.057358,Cota Cota,220000.0,2,Venta,,moderado
0,5.0,0,10.0,1000,678,4,46,-16.538715,-68.096313,Seguencoma,480000.0,1,Venta,1973.0,bajo
0,6.0,0,4.0,313,345,2,29,-16.530222,-68.05684699999999,Achumani,195000.0,1,Venta,2019.0,alto
0,6.0,0,4.0,590,450,2,29,-16.512695,-68.06139399999999,Achumani,400000.0,1,Venta,2017.0,alto
0,4.0,0,5.0,250,300,3,29,-16.514275,-68.051361,Achumani,169000.0,1,Venta,2019.0,alto
0,3.0,0,3.0,180,380,5,53,-16.56741,-68.08976700000001,Mallasa,295000.0,2,Venta,,alto
0,3.0,0,4.0,350,280,3,29,-16.531578,-68.06333199999999,Achumani,110000.0,1,Venta,2019.0,alto
0,5.0,0,4.0,374,400,2,37,-16.520982999999998,-68.084923,Irpavi,315000.0,2,Venta,2009.0,moderado
0,8.0,0,6.0,690,494,2,35,-16.544395,-68.065979,Cota Cota,610000.0,2,Venta,,moderado
0,2.0,0,4.0,238,242,3,42,-16.525211,-68.107231,Obrajes,210000.0,2,Venta,1984.0,bajo
0,4.0,0,4.0,435,685,2,277,-16.53327,-68.09073599999999,San Alberto,570000.0,2,Venta,2007.0,alto
0,2.0,0,3.0,171,400,2,29,-16.518978,-68.064316,Achumani,285000.0,2,Venta,1998.0,alto
0,4.0,0,4.0,292,320,3,55,-16.547642,-68.078094,Auquisamaña,260000.0,2,Venta,,bajo
0,5.0,0,8.0,1000,475,0,44,-16.48605,-68.137466,Centro,700000.0,2,Venta,1968.0,bajo
0,4.0,0,5.0,415,220,3,29,-16.522291,-68.057396,Achumani,380000.0,2,Venta,2004.0,alto
0,6.0,0,6.0,354,386,3,38,-16.533255,-68.080299,Koani,350000.0,2,Venta,,bajo
0,5.0,0,4.0,460,600,6,29,-16.523577,-68.05259699999999,Achumani,320000.0,2,Venta,2012.0,alto
0,7.0,0,4.0,400,800,2,35,-16.540594,-68.066994,Cota Cota,580000.0,2,Venta,1998.0,moderado
0,5.0,0,3.0,324,200,4,151,-16.558641,-68.093307,Aranjuez,289000.0,1,Venta,2018.0,moderado
0,5.0,0,5.0,380,300,4,192,-16.562739999999998,-68.099571,Mallasilla,320000.0,2,Venta,2015.0,alto
0,6.0,0,4.0,519,596,2,29,-16.509783,-68.054062,Achumani,790000.0,2,Venta,,alto
0,5.0,0,3.0,310,315,2,192,-16.567923,-68.10141,Mallasilla,280000.0,2,Venta,,alto
0,6.0,0,9.0,880,295,2,30,-16.520243,-68.109451,Alto Obrajes,380000.0,2,Venta,1995.0,moderado
0,7.0,0,4.0,600,1200,5,32,-16.542417999999998,-68.087929,Calacoto,1500000.0,2,Venta,,bajo
0,6.0,0,4.0,519,596,2,29,-16.509783,-68.054062,Achumani,790000.0,2,Venta,,alto
0,5.0,0,4.0,370,170,1,192,-16.566319,-68.106049,Mallasilla,290000.0,2,Venta,2007.0,alto
0,4.0,0,3.0,220,300,3,33,-16.538385,-68.042877,Chasquipampa,158000.0,2,Venta,2005.0,bajo
0,4.0,0,4.0,400,1000,5,37,-16.50466,-68.082024,Irpavi,350000.0,2,Venta,2005.0,moderado
0,4.0,0,4.0,400,500,4,55,-16.546265,-68.066666,Auquisamaña,360000.0,2,Venta,2000.0,bajo
0,4.0,0,4.0,420,600,2,29,-16.526289000000002,-68.063675,Achumani,449000.0,2,Venta,1990.0,alto
0,4.0,0,3.0,275,308,2,29,-16.518723,-68.060303,Achumani,250000.0,1,Venta,2018.0,alto
0,3.0,0,4.0,560,1000,3,42,-16.528067,-68.104027,Obrajes,1300000.0,2,Venta,1980.0,bajo
0,5.0,0,4.0,400,730,3,39,-16.548178,-68.087639,La Florida,640000.0,2,Venta,2005.0,moderado
0,5.0,0,3.0,290,490,3,29,-16.515877,-68.057846,Achumani,285000.0,2,Venta,,alto
0,5.0,0,3.0,300,550,2,39,-16.54711,-68.084724,La Florida,440000.0,2,Venta,2010.0,moderado
0,2.0,0,10.0,380,280,4,47,-16.510399,-68.12915799999999,Sopocachi,300000.0,2,Venta,1950.0,moderado
0,4.0,0,4.0,500,600,5,29,-16.513569,-68.052162,Achumani,450000.0,2,Venta,2013.0,alto
0,4.0,0,4.0,280,293,4,47,-16.508574,-68.124153,Sopocachi,410000.0,2,Venta,2000.0,moderado
0,5.0,0,3.0,300,550,2,39,-16.548529000000002,-68.08626600000001,La Florida,440000.0,2,Venta,2012.0,moderado
0,5.0,0,4.0,500,646,2,29,-16.512735,-68.057358,Achumani,550000.0,2,Venta,1997.0,alto
0,4.0,0,3.0,310,365,3,29,-16.535515,-68.075829,Achumani,420000.0,2,Venta,1985.0,alto
0,5.0,0,4.0,420,425,1,29,-16.516829,-68.064293,Achumani,550000.0,2,Venta,,alto
0,3.0,0,3.0,217,337,2,29,-16.535631,-68.069572,Achumani,265000.0,2,Venta,1999.0,alto
0,5.0,0,5.0,720,1112,5,42,-16.523424,-68.108078,Obrajes,886000.0,2,Venta,1980.0,bajo
0,4.0,0,6.0,300,100,0,45,-16.50618,-68.139709,San Pedro,230000.0,2,Venta,1995.0,moderado
0,9.0,0,9.0,397,300,5,37,-16.505142000000003,-68.08255799999999,Irpavi,300000.0,2,Venta,2014.0,moderado
0,6.0,0,6.0,354,386,3,38,-16.533255,-68.080299,Koani,350000.0,2,Venta,,bajo
0,5.0,0,4.0,385,300,2,37,-16.525783999999998,-68.087418,Irpavi,335000.0,2,Venta,2000.0,moderado
0,8.0,0,7.0,550,385,2,47,-16.509914000000002,-68.129486,Sopocachi,639999.0,2,Venta,1990.0,moderado
0,7.0,0,4.0,650,1050,5,151,-16.556341,-68.09605400000001,Aranjuez,890000.0,2,Venta,,moderado
0,7.0,0,6.0,408,220,1,38,-16.521027,-68.0821,Koani,350000.0,1,Venta,2018.0,bajo
0,5.0,0,5.0,420,420,3,42,-16.524481,-68.112289,Obrajes,350000.0,2,Venta,2010.0,bajo
0,4.0,0,3.0,300,350,2,35,-16.547216,-68.06343100000001,Cota Cota,257000.0,1,Venta,,moderado
0,3.0,0,3.0,187,390,2,33,-16.544007999999998,-68.054024,Chasquipampa,240000.0,2,Venta,,bajo
0,4.0,0,3.0,139,301,1,29,-16.531359,-68.056221,Achumani,146000.0,2,Venta,,alto
0,3.0,0,4.0,300,500,3,151,-16.560845999999998,-68.091507,Aranjuez,350000.0,2,Venta,,moderado
0,3.0,0,3.0,305,150,2,37,-16.502466000000002,-68.081032,Irpavi,160000.0,1,Venta,2014.0,moderado
0,7.0,0,6.0,750,452,4,277,-16.528576,-68.092621,San Alberto,650000.0,1,Venta,2002.0,alto
0,4.0,0,3.0,139,301,1,29,-16.531359,-68.056221,Achumani,146000.0,2,Venta,,alto
0,5.0,0,3.0,250,176,2,29,-16.526332999999997,-68.06279,Achumani,280000.0,1,Venta,2018.0,alto
0,6.0,0,4.0,385,418,3,29,-16.516356,-68.061913,Achumani,296000.0,2,Venta,2007.0,alto
0,6.0,0,10.0,434,441,5,46,-16.535917,-68.104675,Seguencoma,200000.0,2,Venta,,bajo
0,7.0,0,6.0,750,452,4,277,-16.532215,-68.091064,San Alberto,650000.0,1,Venta,2002.0,alto
0,3.0,0,4.0,243,250,3,29,-16.533511999999998,-68.077148,Achumani,295000.0,2,Venta,,alto
0,4.0,0,3.0,250,150,2,29,-16.525881,-68.063263,Achumani,286000.0,1,Venta,2018.0,alto
0,4.0,0,4.0,350,289,4,37,-16.517717,-68.083733,Irpavi,347000.0,2,Venta,,moderado
0,5.0,0,4.0,339,495,2,33,-16.5411,-68.054459,Chasquipampa,305000.0,2,Venta,,bajo
0,3.0,0,4.0,220,240,1,32,-16.543034,-68.086189,Calacoto,415000.0,1,Venta,1975.0,bajo
0,5.0,0,4.0,385,470,2,29,-16.521849,-68.060928,Achumani,369000.0,2,Venta,1990.0,alto
0,8.0,0,13.0,600,100,1,48,-16.513018,-68.14076999999999,Tembladerani,490000.0,2,Venta,1995.0,moderado
0,6.0,0,5.0,380,372,3,33,-16.537891000000002,-68.043816,Chasquipampa,299000.0,1,Venta,2019.0,bajo
0,5.0,0,6.0,270,230,3,192,-16.569035,-68.118149,Mallasilla,239000.0,1,Venta,2019.0,alto
0,4.0,0,4.0,270,280,2,35,-16.548105,-68.064255,Cota Cota,320000.0,2,Venta,2017.0,moderado
0,4.0,0,5.0,324,188,2,42,-16.529593,-68.099983,Obrajes,295000.0,2,Venta,2014.0,bajo
0,4.0,0,4.0,304,494,2,35,-16.544447,-68.065163,Cota Cota,370000.0,2,Venta,,moderado
0,5.0,0,3.0,320,180,4,151,-16.559488,-68.09288000000001,Aranjuez,289000.0,1,Venta,2019.0,moderado
0,3.0,0,5.0,195,200,0,45,-16.505342000000002,-68.136749,San Pedro,230000.0,2,Venta,,moderado
0,4.0,0,3.0,444,512,4,35,-16.544447,-68.065163,Cota Cota,470000.0,2,Venta,,moderado
0,4.0,0,3.0,169,200,0,29,-16.520779,-68.059296,Achumani,195000.0,1,Venta,2019.0,alto
0,5.0,0,5.0,290,300,2,29,-16.516088,-68.06517,Achumani,315000.0,1,Venta,2012.0,alto
0,5.0,0,6.0,248,190,4,33,-16.539351999999997,-68.049644,Chasquipampa,200000.0,2,Venta,2015.0,bajo
0,8.0,0,5.0,597,300,2,37,-16.527393,-68.08873,Irpavi,390000.0,2,Venta,,moderado
0,8.0,0,5.0,597,300,2,37,-16.529888,-68.083839,Irpavi,390000.0,2,Venta,,moderado
0,7.0,0,5.0,485,300,2,55,-16.548794,-68.072678,Auquisamaña,277000.0,2,Venta,,bajo
0,6.0,0,4.0,320,320,4,55,-16.547251,-68.077873,Auquisamaña,420000.0,1,Venta,,bajo
0,4.0,0,4.0,260,931,6,54,-16.642771,-68.042023,Mecapaca,230000.0,2,Venta,2015.0,alto
0,4.0,0,4.0,272,80,2,45,-16.505861,-68.13497199999999,San Pedro,230000.0,2,Venta,,moderado
0,4.0,0,3.0,300,300,3,29,-16.521379,-68.062744,Achumani,315000.0,2,Venta,,alto
0,1.0,0,3.0,90,184,0,41,-16.49021,-68.12718199999999,Miraflores,110000.0,2,Venta,1980.0,muy bajo
0,4.0,0,4.0,185,260,1,53,-16.601361999999998,-68.07060200000001,Mallasa,165000.0,1,Venta,2018.0,alto
0,7.0,0,5.0,485,300,2,55,-16.548794,-68.072678,Auquisamaña,277000.0,2,Venta,,bajo
0,5.0,0,4.0,330,444,3,29,-16.522072,-68.062073,Achumani,395000.0,2,Venta,,alto
0,3.0,0,3.0,239,162,1,35,-16.538771,-68.065552,Cota Cota,185000.0,2,Venta,,moderado
0,6.0,0,12.0,561,200,0,50,-16.475327,-68.128036,Villa Fatima,255000.0,1,Venta,2010.0,bajo
0,4.0,0,3.0,0,393,3,52,-16.544453,-68.07309000000001,Los Pinos,220000.0,2,Venta,,moderado
0,4.0,0,4.0,310,206,2,30,-16.520325,-68.105598,Alto Obrajes,230000.0,2,Venta,2010.0,moderado
0,3.0,0,3.0,239,162,1,35,-16.543375,-68.060677,Cota Cota,185000.0,2,Venta,,moderado
0,4.0,0,5.0,375,300,2,29,-16.533752,-68.073265,Achumani,390000.0,2,Venta,,alto
0,5.0,0,4.0,450,780,4,29,-16.524893,-68.06781,Achumani,790000.0,2,Venta,2013.0,alto
0,8.0,0,5.0,519,318,1,178,-16.513247,-68.122124,San Jorge,600000.0,2,Venta,,muy bajo
0,3.0,0,4.0,167,114,2,41,-16.486629,-68.124298,Miraflores,140000.0,2,Venta,1994.0,muy bajo
0,2.0,0,5.0,350,1000,4,46,-16.544495,-68.09585600000001,Seguencoma,600000.0,2,Venta,1980.0,bajo
0,4.0,0,4.0,500,1000,6,42,-16.529156,-68.101334,Obrajes,1230000.0,2,Venta,1988.0,bajo
0,6.0,0,7.0,570,600,2,33,-16.54166,-68.05275,Chasquipampa,420000.0,2,Venta,,bajo
0,6.0,0,7.0,570,600,2,33,-16.54166,-68.05275,Chasquipampa,420000.0,2,Venta,,bajo
0,4.0,1,3.0,291,200,3,35,-16.542147,-68.068962,Cota Cota,235000.0,2,Venta,1997.0,moderado
0,3.0,0,5.0,257,200,1,30,-16.519955,-68.103065,Alto Obrajes,218000.0,2,Venta,1994.0,moderado
0,2.0,0,4.0,235,497,2,31,-16.515409,-68.09139300000001,Bolognia,230000.0,2,Venta,1994.0,bajo
0,3.0,0,4.0,287,295,2,46,-16.538715,-68.096756,Seguencoma,248000.0,2,Venta,,bajo
0,3.0,0,4.0,360,420,2,29,-16.534983,-68.069778,Achumani,400000.0,2,Venta,2005.0,alto
0,5.0,0,4.0,0,500,2,52,-16.544453,-68.07309000000001,Los Pinos,359000.0,2,Venta,,moderado
0,3.0,0,4.0,300,340,2,29,-16.526045,-68.06324000000001,Achumani,370000.0,2,Venta,2010.0,alto
0,3.0,0,6.0,333,97,0,45,-16.499676,-68.143204,San Pedro,620000.0,2,Venta,2005.0,moderado
0,5.0,0,4.0,450,750,4,29,-16.525963,-68.068802,Achumani,790000.0,2,Venta,2011.0,alto
0,6.0,0,10.0,337,310,1,178,-16.51156,-68.11882,San Jorge,420000.0,2,Venta,1967.0,muy bajo
0,5.0,0,18.0,600,300,6,47,-16.508842,-68.125961,Sopocachi,780000.0,2,Venta,1980.0,moderado
0,4.0,0,3.0,298,500,3,192,-16.568514,-68.109566,Mallasilla,360000.0,2,Venta,2012.0,alto
0,5.0,0,5.0,550,1000,5,35,-16.540701000000002,-68.07159399999999,Cota Cota,630000.0,2,Venta,,moderado
0,3.0,0,3.0,222,250,2,29,-16.520796,-68.062828,Achumani,235000.0,1,Venta,2019.0,alto
0,4.0,0,5.0,274,529,2,29,-16.515293,-68.057785,Achumani,290000.0,2,Venta,2009.0,alto
0,9.0,0,7.0,630,480,8,29,-16.519709,-68.05686999999999,Achumani,780000.0,2,Venta,,alto
0,4.0,0,6.0,300,370,2,41,-16.50082,-68.120857,Miraflores,255000.0,2,Venta,,muy bajo
0,5.0,0,4.0,285,130,1,37,-16.523369,-68.085587,Irpavi,195000.0,1,Venta,2019.0,moderado
0,5.0,0,5.0,550,1000,5,35,-16.540701000000002,-68.07159399999999,Cota Cota,630000.0,2,Venta,,moderado
0,3.0,0,4.0,200,200,0,41,-16.501148,-68.120766,Miraflores,245000.0,2,Venta,,muy bajo
0,4.0,0,4.0,226,111,2,29,-16.526707000000002,-68.051613,Achumani,155000.0,1,Venta,2014.0,alto
0,4.0,0,4.0,400,589,3,31,-16.525537,-68.09070600000001,Bolognia,515000.0,2,Venta,,bajo
0,5.0,0,4.0,250,306,2,32,-16.548019,-68.050156,Calacoto,175000.0,1,Venta,2018.0,bajo
0,4.0,0,4.0,400,589,3,31,-16.525537,-68.09070600000001,Bolognia,515000.0,2,Venta,,bajo
0,3.0,0,6.0,246,203,2,50,-16.477518,-68.117241,Villa Fatima,210000.0,2,Venta,2010.0,bajo
0,4.0,0,4.0,600,340,2,41,-16.505716,-68.122185,Miraflores,580000.0,2,Venta,1980.0,muy bajo
0,5.0,0,3.0,300,277,3,37,-16.50296,-68.081078,Irpavi,248000.0,2,Venta,2014.0,moderado
0,3.0,0,4.0,260,931,6,54,-16.667360000000002,-68.018051,Mecapaca,230000.0,2,Venta,2014.0,alto
0,7.0,0,4.0,567,530,3,55,-16.548651,-68.06781,Auquisamaña,716000.0,2,Venta,2011.0,bajo
0,6.0,0,8.0,500,200,5,42,-16.526525,-68.095894,Obrajes,550000.0,2,Venta,2009.0,bajo
0,5.0,0,4.0,300,500,3,151,-16.559654000000002,-68.10165400000001,Aranjuez,359000.0,2,Venta,,moderado
0,2.0,1,3.0,180,229,0,44,-16.485364999999998,-68.137856,Centro,330000.0,2,Venta,1980.0,bajo
0,4.0,0,4.0,262,300,0,37,-16.525783999999998,-68.086235,Irpavi,279000.0,2,Venta,,moderado
0,2.0,0,4.0,240,300,1,31,-16.522011,-68.09025600000001,Bolognia,215000.0,2,Venta,,bajo
0,3.0,0,3.0,400,600,2,35,-16.54213,-68.056198,Cota Cota,380000.0,2,Venta,,moderado
0,3.0,0,4.0,311,210,2,55,-16.54936,-68.076736,Auquisamaña,250000.0,2,Venta,,bajo
0,8.0,0,6.0,780,600,3,29,-16.531509,-68.063103,Achumani,560000.0,2,Venta,1999.0,alto
0,3.0,0,9.0,380,571,1,41,-16.519915,-68.116325,Miraflores,380000.0,2,Venta,1980.0,muy bajo
0,6.0,0,5.0,485,300,3,55,-16.547642,-68.07807199999999,Auquisamaña,277000.0,1,Venta,2013.0,bajo
0,11.0,0,16.0,847,274,2,45,-16.502075,-68.139648,San Pedro,656000.0,2,Venta,1995.0,moderado
0,5.0,0,4.0,251,272,2,29,-16.526352,-68.062889,Achumani,278000.0,1,Venta,2018.0,alto
0,3.0,0,4.0,378,300,1,180,-16.511305,-68.08064300000001,Alto Irpavi,139000.0,1,Venta,,bajo
0,2.0,0,3.0,140,260,4,42,-16.535383,-68.113281,Obrajes,95000.0,2,Venta,2015.0,bajo
0,3.0,0,4.0,378,300,1,180,-16.511274,-68.08064300000001,Alto Irpavi,145000.0,1,Venta,,bajo
0,2.0,0,7.0,200,150,0,47,-16.515511,-68.127075,Sopocachi,150000.0,2,Venta,,moderado
0,3.0,0,4.0,262,300,2,37,-16.527895,-68.08431999999999,Irpavi,280000.0,2,Venta,1997.0,moderado
0,3.0,0,3.0,160,200,2,29,-16.52046,-68.058472,Achumani,188000.0,1,Venta,2019.0,alto
0,3.0,0,4.0,280,350,3,29,-16.531763,-68.063477,Achumani,110000.0,1,Venta,2019.0,alto
0,5.0,0,4.0,386,568,2,192,-16.562920000000002,-68.105576,Mallasilla,400000.0,2,Venta,,alto
0,4.0,0,4.0,316,0,1,29,-16.521301,-68.059731,Achumani,297000.0,2,Venta,,alto
0,4.0,0,3.0,300,337,2,180,-16.519169,-68.077232,Alto Irpavi,250000.0,2,Venta,,bajo
0,1.0,0,2.0,500,1030,0,241,-16.526003,-68.096222,Bella Vista,35500.0,2,Venta,1991.0,moderado
0,4.0,0,3.0,291,350,4,29,-16.536001000000002,-68.076973,Achumani,415000.0,2,Venta,,alto
0,5.0,0,4.0,304,600,2,37,-16.527895,-68.08567,Irpavi,550000.0,1,Venta,1984.0,moderado
0,4.0,0,3.0,220,200,4,29,-16.51943,-68.059784,Achumani,243000.0,2,Venta,,alto
0,4.0,0,5.0,300,500,4,37,-16.5044,-68.082298,Irpavi,320000.0,2,Venta,2010.0,moderado
0,4.0,0,3.0,287,342,3,35,-16.540083,-68.064713,Cota Cota,300000.0,2,Venta,,moderado
0,5.0,0,3.0,271,1,2,35,-16.539394,-68.057663,Cota Cota,280000.0,2,Venta,2005.0,moderado
0,1.0,0,2.0,200,250,0,47,-16.514129999999998,-68.131111,Sopocachi,250000.0,2,Venta,1998.0,moderado
0,14.0,1,10.0,923,1449,2,192,-16.565622,-68.113167,Mallasilla,980000.0,2,Venta,1998.0,alto
0,2.0,0,3.0,271,250,2,35,-16.539291,-68.060364,Cota Cota,265000.0,2,Venta,,moderado
0,4.0,0,4.0,0,764,2,35,-16.541044,-68.068466,Cota Cota,550000.0,2,Venta,,moderado
0,3.0,1,4.0,500,500,4,29,-16.535889,-68.07254,Achumani,580000.0,2,Venta,1985.0,alto
0,4.0,1,4.0,400,260,3,29,-16.513281,-68.05257399999999,Achumani,258000.0,2,Venta,,alto
0,8.0,0,5.0,600,622,5,37,-16.531679,-68.087898,Irpavi,720000.0,2,Venta,2000.0,moderado
0,5.0,0,4.0,480,1000,2,151,-16.558214000000003,-68.095665,Aranjuez,850000.0,2,Venta,2010.0,moderado
0,6.0,0,6.0,378,420,5,46,-16.540356,-68.098732,Seguencoma,375000.0,2,Venta,,bajo
0,4.0,0,4.0,517,280,2,46,-16.540113,-68.09648100000001,Seguencoma,300000.0,2,Venta,,bajo
0,5.0,0,4.0,300,500,3,41,-16.489689000000002,-68.119293,Miraflores,360000.0,2,Venta,,muy bajo
0,5.0,0,5.0,346,267,2,237,-16.545864,-68.07914,San Miguel,400000.0,2,Venta,,bajo
0,4.0,0,4.0,307,185,1,35,-16.540758,-68.063416,Cota Cota,170000.0,2,Venta,,moderado
0,6.0,0,6.0,378,420,5,46,-16.539455,-68.098412,Seguencoma,375000.0,1,Venta,2011.0,bajo
0,5.0,0,4.0,300,500,3,41,-16.489689000000002,-68.119293,Miraflores,360000.0,2,Venta,,muy bajo
0,1.0,0,3.0,180,260,2,237,-16.544846,-68.080795,San Miguel,390000.0,2,Venta,,bajo
0,5.0,0,5.0,346,267,2,237,-16.545864,-68.07914,San Miguel,400000.0,2,Venta,,bajo
0,4.0,0,3.0,223,187,2,29,-16.527252,-68.053093,Achumani,153000.0,1,Venta,,alto
0,7.0,1,7.0,550,1000,4,35,-16.543507,-68.061691,Cota Cota,660000.0,2,Venta,1993.0,moderado
0,4.0,0,4.0,300,500,2,192,-16.567636,-68.105186,Mallasilla,359000.0,2,Venta,2017.0,alto
0,6.0,0,4.0,355,180,2,151,-16.559036,-68.09816,Aranjuez,320000.0,2,Venta,2016.0,moderado
0,5.0,0,4.0,450,421,3,52,-16.544701,-68.073273,Los Pinos,580000.0,2,Venta,,moderado
0,4.0,0,3.0,223,187,2,29,-16.527252,-68.053093,Achumani,153000.0,2,Venta,,alto
0,4.0,0,4.0,240,160,3,29,-16.511747,-68.051727,Achumani,167000.0,1,Venta,2018.0,alto
0,5.0,0,4.0,450,421,3,52,-16.544701,-68.073273,Los Pinos,580000.0,2,Venta,,moderado
0,3.0,0,4.0,160,280,2,29,-16.524782000000002,-68.05036899999999,Achumani,155000.0,1,Venta,2018.0,alto
0,4.0,0,4.0,0,276,2,42,-16.528246,-68.102898,Obrajes,300000.0,2,Venta,,bajo
0,4.0,0,3.0,673,510,2,55,-16.54751,-68.068787,Auquisamaña,650000.0,2,Venta,,bajo
0,4.0,0,3.0,152,170,3,242,-16.54645,-68.05423,El Pedregal,149000.0,1,Venta,2018.0,alto
0,4.0,0,3.0,673,510,2,55,-16.54751,-68.068787,Auquisamaña,650000.0,2,Venta,,bajo
1,6.0,1,4.0,592,313,2,39,-16.547507999999997,-68.087639,La Florida,650000.0,2,Venta,2014.0,moderado
0,4.0,0,3.0,241,540,2,29,-16.514803,-68.057266,Achumani,285000.0,2,Venta,,alto
0,4.0,0,5.0,450,665,3,29,-16.518288000000002,-68.05699200000001,Achumani,390000.0,2,Venta,,alto
0,6.0,0,6.0,378,420,5,46,-16.540356,-68.098732,Seguencoma,375000.0,2,Venta,,bajo
0,5.0,0,3.0,400,600,3,192,-16.56514,-68.10067,Mallasilla,560000.0,2,Venta,,alto
0,4.0,0,5.0,400,450,2,29,-16.522907,-68.06752,Achumani,620000.0,2,Venta,,alto
0,4.0,0,4.0,655,265,3,41,-16.489689000000002,-68.119293,Miraflores,395000.0,2,Venta,,muy bajo
0,3.0,0,3.0,246,346,2,29,-16.535425,-68.068649,Achumani,285000.0,2,Venta,2000.0,alto
0,4.0,0,4.0,329,401,2,52,-16.543816,-68.075096,Los Pinos,390000.0,2,Venta,,moderado
0,4.0,0,4.0,329,401,2,52,-16.543816,-68.075096,Los Pinos,390000.0,2,Venta,,moderado
0,4.0,0,5.0,320,368,4,35,-16.541327,-68.069115,Cota Cota,320000.0,2,Venta,,moderado
0,7.0,1,7.0,504,325,3,29,-16.521317,-68.063278,Achumani,430000.0,2,Venta,2012.0,alto
0,4.0,1,3.0,287,430,0,37,-16.530903,-68.08689100000001,Irpavi,420000.0,2,Venta,,moderado
0,4.0,0,3.0,287,430,2,37,-16.523451,-68.085495,Irpavi,420000.0,2,Venta,,moderado
0,4.0,0,3.0,152,170,3,33,-16.547148,-68.045662,Chasquipampa,149000.0,2,Venta,,bajo
0,4.0,0,4.0,350,200,2,42,-16.524723,-68.106728,Obrajes,262000.0,2,Venta,1995.0,bajo
0,4.0,0,3.0,209,430,2,236,-16.530556,-68.03569,Ovejuyo,285000.0,2,Venta,,moderado
0,4.0,0,3.0,142,195,2,180,-16.519130999999998,-68.077515,Alto Irpavi,285000.0,2,Venta,,bajo
0,3.0,0,3.0,226,165,1,29,-16.528446,-68.049759,Achumani,199600.0,2,Venta,,alto
0,3.0,0,3.0,226,165,1,29,-16.528446,-68.049759,Achumani,199600.0,2,Venta,,alto
0,6.0,0,6.0,390,420,5,46,-16.536434,-68.097961,Seguencoma,390000.0,2,Venta,,bajo
0,4.0,0,3.0,209,430,2,236,-16.530556,-68.03569,Ovejuyo,285000.0,2,Venta,,moderado
0,6.0,0,6.0,420,300,3,29,-16.512688,-68.05119300000001,Achumani,258000.0,1,Venta,2015.0,alto
0,4.0,1,4.0,294,304,1,32,-16.539553,-68.088074,Calacoto,350000.0,2,Venta,,bajo
0,6.0,0,4.0,850,980,2,39,-16.548920000000003,-68.087296,La Florida,1500000.0,2,Venta,,moderado
0,3.0,0,5.0,700,318,5,29,-16.518887,-68.063393,Achumani,480000.0,2,Venta,,alto
0,6.0,0,4.0,460,600,4,29,-16.524584,-68.052284,Achumani,350000.0,2,Venta,,alto
0,4.0,0,4.0,217,157,2,29,-16.524244,-68.052689,Achumani,190000.0,2,Venta,,alto
0,6.0,0,4.0,250,220,2,180,-16.520279000000002,-68.080505,Alto Irpavi,215000.0,2,Venta,,bajo
0,4.0,0,3.0,305,120,2,29,-16.527138,-68.062187,Achumani,283000.0,1,Venta,2018.0,alto
0,3.0,0,3.0,240,600,10,29,-16.519524,-68.065338,Achumani,520000.0,2,Venta,,alto
0,3.0,0,4.0,346,267,0,237,-16.544106,-68.08045200000001,San Miguel,430000.0,1,Venta,2005.0,bajo
0,3.0,0,4.0,307,185,1,35,-16.5425,-68.059853,Cota Cota,170000.0,1,Venta,2010.0,moderado
0,4.0,0,5.0,495,290,5,46,-16.535917,-68.097298,Seguencoma,375000.0,2,Venta,,bajo
0,3.0,0,3.0,240,600,10,29,-16.519524,-68.065338,Achumani,520000.0,2,Venta,,alto
0,3.0,0,4.0,309,1000,4,180,-16.509657,-68.07914,Alto Irpavi,385000.0,2,Venta,,bajo
0,4.0,0,4.0,190,300,2,242,-16.546120000000002,-68.056549,El Pedregal,220000.0,1,Venta,2011.0,alto
0,4.0,0,4.0,264,170,2,180,-16.517941,-68.07995600000001,Alto Irpavi,185000.0,2,Venta,,bajo
0,3.0,0,3.0,300,315,2,29,-16.529478,-68.07012900000001,Achumani,315000.0,2,Venta,,alto
0,7.0,0,5.0,468,220,2,44,-16.486856,-68.140495,Centro,360000.0,2,Venta,,bajo
0,4.0,0,4.0,495,756,2,29,-16.527773,-68.071114,Achumani,780000.0,2,Venta,,alto
0,6.0,0,6.0,620,1800,5,39,-16.547974,-68.08631899999999,La Florida,1200000.0,2,Venta,,moderado
0,5.0,0,5.0,360,340,3,29,-16.519028,-68.06282,Achumani,570000.0,2,Venta,,alto
0,7.0,0,5.0,468,220,2,44,-16.486856,-68.140495,Centro,360000.0,2,Venta,,bajo
0,3.0,0,3.0,152,170,3,242,-16.546371,-68.053993,El Pedregal,149000.0,2,Venta,,alto
0,6.0,0,6.0,790,0,4,41,-16.488676,-68.123138,Miraflores,550000.0,2,Venta,,muy bajo
0,4.0,0,5.0,333,300,2,29,-16.520357,-68.06244699999999,Achumani,220000.0,2,Venta,,alto
0,3.0,0,3.0,247,280,1,29,-16.523664,-68.057068,Achumani,390000.0,2,Venta,,alto
0,6.0,0,5.0,485,300,2,55,-16.547972,-68.07251,Auquisamaña,277000.0,2,Venta,,bajo
0,5.0,0,3.0,375,315,2,192,-16.562597,-68.104309,Mallasilla,285000.0,2,Venta,2018.0,alto
0,4.0,0,5.0,333,300,2,29,-16.520357,-68.06244699999999,Achumani,220000.0,2,Venta,,alto
0,3.0,0,5.0,315,300,2,46,-16.535010999999997,-68.101669,Seguencoma,255000.0,1,Venta,2010.0,bajo
0,8.0,0,4.0,1000,3000,10,39,-16.548545999999998,-68.08845500000001,La Florida,150000.0,2,Venta,,moderado
0,6.0,0,4.0,385,300,2,37,-16.523258,-68.08734100000001,Irpavi,349000.0,2,Venta,,moderado
0,4.0,0,3.0,291,350,4,29,-16.535774,-68.07624799999999,Achumani,423000.0,2,Venta,,alto
0,6.0,0,3.0,378,312,2,192,-16.562859,-68.103386,Mallasilla,290000.0,2,Venta,,alto
0,3.0,0,3.0,203,400,2,53,-16.591261,-68.073257,Mallasa,145000.0,1,Venta,,alto
0,5.0,0,3.0,450,250,2,29,-16.516132,-68.064079,Achumani,390000.0,2,Venta,,alto
0,10.0,0,4.0,780,220,5,41,-16.49074,-68.123795,Miraflores,550000.0,1,Venta,2010.0,muy bajo
0,10.0,1,4.0,780,220,5,41,-16.489023,-68.123581,Miraflores,550000.0,2,Venta,,muy bajo
0,5.0,0,4.0,315,158,2,29,-16.524235,-68.05256700000001,Achumani,225000.0,2,Venta,,alto
0,5.0,0,5.0,380,560,5,29,-16.512428,-68.058136,Achumani,439000.0,2,Venta,,alto
0,5.0,0,5.0,324,188,2,42,-16.529636,-68.099571,Obrajes,295000.0,2,Venta,,bajo
0,6.0,0,5.0,450,300,2,29,-16.530098000000002,-68.064812,Achumani,375000.0,2,Venta,2012.0,alto
0,5.0,0,5.0,360,316,3,29,-16.517576000000002,-68.05592299999999,Achumani,335000.0,2,Venta,,alto
0,5.0,0,5.0,360,316,3,29,-16.517576000000002,-68.05592299999999,Achumani,335000.0,2,Venta,,alto
0,7.0,1,5.0,560,510,6,35,-16.541567,-68.054764,Cota Cota,368000.0,2,Venta,,moderado
0,4.0,0,5.0,480,600,4,32,-16.543375,-68.08625,Calacoto,600000.0,2,Venta,,bajo
0,5.0,0,4.0,315,158,2,29,-16.524235,-68.05256700000001,Achumani,225000.0,2,Venta,,alto
0,4.0,0,5.0,480,600,4,32,-16.543375,-68.08625,Calacoto,600000.0,2,Venta,,bajo
0,5.0,0,3.0,271,312,2,35,-16.539804,-68.057724,Cota Cota,265000.0,2,Venta,,moderado
0,4.0,0,3.0,270,243,1,29,-16.523277,-68.05902900000001,Achumani,238000.0,2,Venta,,alto
0,4.0,0,3.0,270,243,1,29,-16.518414,-68.061035,Achumani,238000.0,2,Venta,,alto
0,5.0,0,5.0,380,560,5,29,-16.512428,-68.058136,Achumani,439000.0,2,Venta,,alto
0,4.0,0,5.0,320,600,2,37,-16.529293,-68.08644100000001,Irpavi,520000.0,2,Venta,1984.0,moderado
0,4.0,0,4.0,332,302,2,29,-16.522417,-68.05938,Achumani,234000.0,2,Venta,,alto
0,2.0,0,1.0,200,140,0,44,-16.492085999999997,-68.132462,Centro,143000.0,2,Venta,1930.0,bajo
0,4.0,0,4.0,332,302,2,29,-16.51931,-68.05748,Achumani,234000.0,2,Venta,,alto
0,6.0,0,5.0,451,572,3,46,-16.535805,-68.09818299999999,Seguencoma,445000.0,1,Venta,1990.0,bajo
0,5.0,0,5.0,267,230,3,192,-16.569445,-68.117805,Mallasilla,239000.0,1,Venta,2019.0,alto
0,4.0,0,3.0,180,380,5,53,-16.567625,-68.09030200000001,Mallasa,355000.0,2,Venta,,alto
0,4.0,0,3.0,500,720,3,32,-16.540976999999998,-68.085045,Calacoto,700000.0,2,Venta,,bajo
0,5.0,0,4.0,462,300,4,29,-16.520599,-68.061661,Achumani,378000.0,1,Venta,2003.0,alto
0,7.0,0,6.0,700,1241,10,192,-16.569592999999998,-68.11769100000001,Mallasilla,590000.0,1,Venta,2019.0,alto
0,2.0,0,3.0,120,260,5,46,-16.532131,-68.109138,Seguencoma,92000.0,2,Venta,2015.0,bajo
0,5.0,0,7.0,600,151,2,235,-16.489658,-68.151726,Pura Pura,260000.0,2,Venta,2000.0,moderado
0,5.0,0,4.0,410,210,2,33,-16.536814,-68.05345200000001,Chasquipampa,270000.0,2,Venta,,bajo
0,4.0,0,3.0,304,600,0,37,-16.528906,-68.08470200000001,Irpavi,500000.0,2,Venta,,moderado
0,5.0,0,4.0,410,210,2,33,-16.536814,-68.05345200000001,Chasquipampa,270000.0,2,Venta,,bajo
0,4.0,0,3.0,304,600,0,37,-16.528906,-68.08470200000001,Irpavi,500000.0,2,Venta,,moderado
0,5.0,0,4.0,421,450,3,35,-16.544249,-68.067841,Cota Cota,580000.0,2,Venta,,moderado
0,3.0,0,3.0,188,170,2,29,-16.515472,-68.054611,Achumani,188000.0,2,Venta,,alto
0,6.0,0,6.0,470,300,3,180,-16.521191,-68.081886,Alto Irpavi,315000.0,2,Venta,,bajo
0,4.0,0,3.0,220,200,4,29,-16.518841000000002,-68.06289699999999,Achumani,243000.0,2,Venta,,alto
0,3.0,0,3.0,188,170,2,29,-16.515472,-68.054611,Achumani,188000.0,2,Venta,,alto
0,4.0,0,5.0,536,650,4,39,-16.548656,-68.086311,La Florida,595000.0,2,Venta,1985.0,moderado
0,5.0,0,3.0,250,0,2,29,-16.527801999999998,-68.065552,Achumani,286000.0,1,Venta,2018.0,alto
0,4.0,0,3.0,300,350,2,52,-16.544447,-68.074432,Los Pinos,120000.0,2,Venta,,moderado
0,5.0,0,5.0,290,435,5,53,-16.576521,-68.078659,Mallasa,370000.0,2,Venta,2006.0,alto
0,5.0,0,6.0,365,300,3,29,-16.514671,-68.059669,Achumani,290000.0,2,Venta,1993.0,alto
0,4.0,0,4.0,480,375,2,29,-16.535877,-68.07351700000001,Achumani,350000.0,2,Venta,1980.0,alto
0,3.0,0,3.0,150,304,2,37,-16.503864,-68.076904,Irpavi,160000.0,2,Venta,,moderado
0,6.0,0,5.0,485,519,4,29,-16.511829000000002,-68.056412,Achumani,439000.0,2,Venta,,alto
0,4.0,0,5.0,442,375,3,180,-16.521828,-68.08219100000001,Alto Irpavi,290000.0,2,Venta,2000.0,bajo
0,3.0,0,3.0,150,304,2,37,-16.503864,-68.076904,Irpavi,160000.0,2,Venta,,moderado
0,1.0,0,2.0,75,300,0,43,-16.484789000000003,-68.092392,Pampahasi,85000.0,1,Venta,2015.0,bajo
0,,0,,0,0,2,46,-16.536472,-68.097267,Seguencoma,570000.0,2,Venta,,bajo
0,6.0,0,5.0,424,853,3,55,-16.551737,-68.066109,Auquisamaña,750000.0,2,Venta,,bajo
0,2.0,0,10.0,473,173,1,36,-16.493259,-68.159348,El Tejar,214000.0,2,Venta,1993.0,moderado
0,6.0,0,5.0,424,853,3,55,-16.551737,-68.066109,Auquisamaña,750000.0,2,Venta,,bajo
0,7.0,0,5.0,380,300,4,192,-16.56233,-68.100098,Mallasilla,328000.0,2,Venta,,alto
0,4.0,0,3.0,240,260,3,29,-16.510842999999998,-68.057373,Achumani,188000.0,1,Venta,,alto
0,3.0,0,3.0,181,285,2,29,-16.520676,-68.061317,Achumani,305000.0,2,Venta,,alto
0,3.0,0,3.0,181,285,2,29,-16.52103,-68.06079100000001,Achumani,305000.0,2,Venta,,alto
0,7.0,0,5.0,380,300,4,192,-16.56233,-68.100098,Mallasilla,328000.0,2,Venta,,alto
0,5.0,0,3.0,300,550,2,39,-16.549001999999998,-68.085922,La Florida,440000.0,1,Venta,2011.0,moderado
0,,0,,570,900,0,46,-16.532557999999998,-68.099579,Seguencoma,840000.0,2,Venta,,bajo
0,6.0,0,4.0,480,1000,5,151,-16.55986,-68.093781,Aranjuez,850000.0,2,Venta,,moderado
0,10.0,0,7.0,800,1461,5,35,-16.542417999999998,-68.061134,Cota Cota,920000.0,2,Venta,,moderado
0,4.0,0,5.0,370,370,2,46,-16.544107,-68.095566,Seguencoma,355000.0,2,Venta,2000.0,bajo
0,3.0,0,3.0,350,889,2,29,-16.523733,-68.05941,Achumani,565000.0,2,Venta,,alto
0,4.0,0,4.0,352,328,5,38,-16.526888,-68.078255,Koani,280000.0,2,Venta,,bajo
0,3.0,0,3.0,300,350,4,29,-16.513248,-68.05998199999999,Achumani,285000.0,2,Venta,,alto
0,5.0,0,4.0,473,646,4,29,-16.511522,-68.055786,Achumani,625000.0,2,Venta,2014.0,alto
0,5.0,0,5.0,324,300,3,180,-16.519012,-68.082802,Alto Irpavi,255000.0,2,Venta,,bajo
0,6.0,0,5.0,470,500,3,37,-16.504435,-68.08163499999999,Irpavi,395000.0,2,Venta,,moderado
0,4.0,0,5.0,500,544,2,38,-16.52886,-68.078461,Koani,260000.0,2,Venta,2000.0,bajo
1,3.0,0,4.0,440,500,2,192,-16.566183,-68.101295,Mallasilla,358000.0,2,Venta,,alto
0,5.0,0,3.0,780,600,4,29,-16.527569,-68.06308,Achumani,780000.0,2,Venta,2014.0,alto
0,5.0,0,5.0,433,356,1,41,-16.502962,-68.117294,Miraflores,370000.0,2,Venta,,muy bajo
1,3.0,0,4.0,500,1000,6,32,-16.542476999999998,-68.08644100000001,Calacoto,1700000.0,2,Venta,,bajo
0,4.0,0,4.0,382,325,2,29,-16.517353,-68.060379,Achumani,305000.0,2,Venta,,alto
0,4.0,0,4.0,0,0,1,29,-16.517385,-68.06081400000001,Achumani,175000.0,1,Venta,2017.0,alto
0,4.0,0,4.0,350,350,2,29,-16.51609,-68.063644,Achumani,335000.0,2,Venta,,alto
0,4.0,0,4.0,467,0,2,29,-16.514471,-68.062218,Achumani,299000.0,2,Venta,,alto
1,3.0,0,4.0,350,300,5,37,-16.512672,-68.085663,Irpavi,300000.0,2,Venta,2007.0,moderado
0,5.0,0,4.0,370,540,5,192,-16.566599,-68.09983100000001,Mallasilla,430000.0,2,Venta,,alto
0,4.0,0,4.0,500,1350,4,39,-16.547132,-68.087761,La Florida,1200000.0,2,Venta,,moderado
0,6.0,0,6.0,384,260,8,29,-16.518383,-68.064346,Achumani,495000.0,2,Venta,,alto
0,6.0,0,4.0,600,380,2,35,-16.541916,-68.062653,Cota Cota,490000.0,2,Venta,,moderado
0,4.0,0,3.0,365,0,2,39,-16.553434,-68.082024,La Florida,370000.0,1,Venta,,moderado
0,3.0,0,3.0,205,300,4,55,-16.546633,-68.077934,Auquisamaña,280000.0,2,Venta,,bajo
0,3.0,0,4.0,215,250,3,192,-16.564138,-68.101501,Mallasilla,248000.0,1,Venta,2018.0,alto
0,4.0,0,5.0,500,307,4,29,-16.512856,-68.057213,Achumani,360000.0,1,Venta,2017.0,alto
0,5.0,0,5.0,430,300,3,29,-16.526348000000002,-68.062576,Achumani,260000.0,1,Venta,2019.0,alto
0,5.0,0,4.0,0,0,0,29,-16.513926,-68.05416899999999,Achumani,300000.0,2,Venta,,alto
0,6.0,0,6.0,384,260,8,29,-16.518383,-68.064346,Achumani,495000.0,2,Venta,,alto
0,7.0,0,5.0,375,400,4,29,-16.516829,-68.06210300000001,Achumani,650000.0,2,Venta,,alto
0,3.0,0,4.0,300,400,2,29,-16.516829,-68.06210300000001,Achumani,390000.0,1,Venta,,alto
0,5.0,0,5.0,480,600,5,37,-16.526491,-68.08749399999999,Irpavi,380000.0,2,Venta,,moderado
0,6.0,0,5.0,450,300,2,29,-16.516829,-68.06210300000001,Achumani,375000.0,2,Venta,,alto
0,6.0,0,5.0,450,300,2,29,-16.516829,-68.06210300000001,Achumani,375000.0,2,Venta,,alto
0,4.0,0,4.0,415,556,3,46,-16.536093,-68.100082,Seguencoma,590000.0,2,Venta,,bajo
0,5.0,0,4.0,347,450,3,29,-16.528907999999998,-68.068626,Achumani,500000.0,2,Venta,,alto
0,4.0,0,4.0,342,914,2,53,-16.594593,-68.07073199999999,Mallasa,194000.0,1,Venta,,alto
0,4.0,0,4.0,350,450,2,29,-16.527079,-68.068398,Achumani,530000.0,2,Venta,,alto
0,4.0,0,4.0,415,556,3,46,-16.536093,-68.100082,Seguencoma,590000.0,2,Venta,,bajo
0,6.0,0,7.0,700,654,6,37,-16.523079,-68.085709,Irpavi,440000.0,2,Venta,,moderado
0,6.0,0,7.0,700,654,6,37,-16.523079,-68.085709,Irpavi,440000.0,2,Venta,,moderado
0,4.0,0,4.0,0,479,2,29,-16.518597,-68.058304,Achumani,380000.0,2,Venta,,alto
0,5.0,0,6.0,440,300,3,37,-16.51429,-68.08744,Irpavi,460000.0,2,Venta,,moderado
0,4.0,0,4.0,540,860,4,32,-16.543663000000002,-68.08543399999999,Calacoto,1200000.0,2,Venta,,bajo
0,4.0,0,4.0,540,860,4,32,-16.543663000000002,-68.08543399999999,Calacoto,1200000.0,2,Venta,,bajo
0,5.0,0,6.0,440,300,3,37,-16.51429,-68.08744,Irpavi,460000.0,2,Venta,,moderado
0,3.0,0,3.0,214,319,3,29,-16.516314,-68.06175999999999,Achumani,210000.0,2,Venta,2010.0,alto
0,7.0,0,5.0,420,0,4,29,-16.516829,-68.06210300000001,Achumani,480000.0,2,Venta,,alto
0,4.0,0,5.0,540,498,2,29,-16.516829,-68.06210300000001,Achumani,370000.0,2,Venta,,alto
0,4.0,0,4.0,510,560,3,29,-16.512159,-68.05783100000001,Achumani,480000.0,2,Venta,,alto
0,3.0,0,3.0,251,293,3,35,-16.543047,-68.05765500000001,Cota Cota,280000.0,2,Venta,,moderado
0,6.0,0,5.0,470,500,3,37,-16.504435,-68.08163499999999,Irpavi,395000.0,2,Venta,,moderado
0,4.0,0,3.0,0,250,2,29,-16.526127,-68.06352199999999,Achumani,286000.0,1,Venta,2017.0,alto
0,4.0,0,4.0,330,1292,10,29,-16.534155,-68.071815,Achumani,550000.0,2,Venta,,alto
0,3.0,0,3.0,363,500,4,35,-16.542048,-68.05570999999999,Cota Cota,250000.0,1,Venta,,moderado
0,4.0,0,4.0,270,300,3,29,-16.513289999999998,-68.051529,Achumani,220000.0,2,Venta,2014.0,alto
0,3.0,0,3.0,220,310,3,46,-16.546539000000003,-68.095589,Seguencoma,278000.0,2,Venta,1990.0,bajo
0,5.0,0,3.0,672,510,3,32,-16.547808,-68.071159,Calacoto,750000.0,2,Venta,,bajo
0,5.0,0,4.0,400,2400,6,39,-16.547026000000002,-68.088669,La Florida,1800000.0,2,Venta,,moderado
0,5.0,0,4.0,650,500,5,151,-16.56184,-68.092636,Aranjuez,640000.0,2,Venta,,moderado
0,4.0,0,4.0,317,304,3,29,-16.520485,-68.061142,Achumani,399000.0,2,Venta,,alto
1,4.0,0,3.0,227,0,2,29,-16.526332999999997,-68.051743,Achumani,150000.0,1,Venta,2016.0,alto
0,5.0,0,4.0,650,500,5,151,-16.56184,-68.092636,Aranjuez,640000.0,2,Venta,,moderado
0,3.0,0,3.0,350,280,2,42,-16.525864000000002,-68.106071,Obrajes,290000.0,2,Venta,,bajo
0,3.0,0,3.0,350,280,2,42,-16.525864000000002,-68.106071,Obrajes,290000.0,2,Venta,,bajo
0,3.0,0,3.0,310,317,3,29,-16.520863000000002,-68.06223299999999,Achumani,259000.0,2,Venta,,alto
0,5.0,0,5.0,324,300,3,180,-16.519012,-68.082802,Alto Irpavi,255000.0,2,Venta,,bajo
0,5.0,0,5.0,420,220,2,29,-16.512779000000002,-68.053574,Achumani,310000.0,2,Venta,2018.0,alto
0,4.0,0,5.0,360,300,3,47,-16.51156,-68.130341,Sopocachi,360000.0,2,Venta,,moderado
0,,0,,586,472,0,178,-16.513599,-68.122757,San Jorge,550000.0,2,Venta,,muy bajo
0,4.0,0,5.0,417,175,0,41,-16.494057,-68.123672,Miraflores,340000.0,2,Venta,,muy bajo
0,5.0,0,3.0,250,300,2,29,-16.526297,-68.065102,Achumani,275000.0,1,Venta,,alto
0,4.0,0,3.0,237,143,1,29,-16.51944,-68.058838,Achumani,195000.0,2,Venta,,alto
0,3.0,0,4.0,317,336,4,29,-16.53064,-68.071404,Achumani,298000.0,2,Venta,,alto
0,4.0,0,3.0,464,400,0,39,-16.549179000000002,-68.088295,La Florida,450000.0,2,Venta,,moderado
0,4.0,0,4.0,354,300,0,38,-16.530369,-68.078506,Koani,370000.0,2,Venta,,bajo
0,8.0,0,8.0,840,700,8,39,-16.54863,-68.08624300000001,La Florida,900000.0,2,Venta,,moderado
0,4.0,0,3.0,232,171,1,29,-16.523531,-68.057068,Achumani,215000.0,2,Venta,,alto
0,3.0,0,4.0,320,368,2,35,-16.540998000000002,-68.067314,Cota Cota,349000.0,2,Venta,1998.0,moderado
0,8.0,0,8.0,840,700,8,39,-16.54863,-68.08624300000001,La Florida,900000.0,2,Venta,,moderado
0,4.0,0,3.0,370,316,2,29,-16.522934,-68.063156,Achumani,198000.0,2,Venta,2001.0,alto
0,3.0,0,3.0,180,300,2,37,-16.530399,-68.08710500000001,Irpavi,300000.0,2,Venta,1981.0,moderado
0,2.0,0,3.0,200,300,3,46,-16.533479999999997,-68.10333299999999,Seguencoma,210000.0,2,Venta,,bajo
0,6.0,0,4.0,512,459,2,29,-16.520861,-68.05995899999999,Achumani,560000.0,2,Venta,,alto
0,3.0,0,3.0,190,308,1,29,-16.521841000000002,-68.05794499999999,Achumani,169000.0,2,Venta,,alto
0,4.0,0,5.0,329,715,5,29,-16.516829,-68.06210300000001,Achumani,380000.0,2,Venta,,alto
0,4.0,0,5.0,329,715,5,29,-16.516829,-68.06210300000001,Achumani,380000.0,2,Venta,,alto
0,5.0,0,5.0,590,580,1,55,-16.547617000000002,-68.06813000000001,Auquisamaña,880000.0,2,Venta,,bajo
0,4.0,0,4.0,295,300,3,29,-16.53603,-68.077698,Achumani,330000.0,2,Venta,,alto
0,5.0,0,5.0,590,580,1,55,-16.547617000000002,-68.06813000000001,Auquisamaña,880000.0,2,Venta,,bajo
0,5.0,0,4.0,500,518,6,29,-16.511997,-68.055832,Achumani,439000.0,2,Venta,,alto
0,6.0,0,4.0,451,752,5,37,-16.530622,-68.091637,Irpavi,650000.0,2,Venta,,moderado
0,4.0,0,4.0,260,176,2,29,-16.516829,-68.06210300000001,Achumani,280000.0,1,Venta,,alto
0,3.0,0,4.0,451,480,3,32,-16.538839000000003,-68.079552,Calacoto,560000.0,2,Venta,1990.0,bajo
0,5.0,0,4.0,420,600,2,41,-16.489689000000002,-68.119293,Miraflores,420000.0,2,Venta,,muy bajo
0,3.0,0,3.0,260,330,2,29,-16.520557,-68.066078,Achumani,248000.0,2,Venta,,alto
0,5.0,0,4.0,420,600,2,41,-16.489689000000002,-68.119293,Miraflores,420000.0,2,Venta,,muy bajo
0,3.0,0,4.0,160,250,1,29,-16.522369,-68.05544300000001,Achumani,155000.0,2,Venta,,alto
0,3.0,0,4.0,270,150,2,180,-16.50861,-68.083313,Alto Irpavi,183000.0,2,Venta,2007.0,bajo
0,4.0,0,3.0,470,550,2,41,-16.489689000000002,-68.119293,Miraflores,500000.0,2,Venta,,muy bajo
0,5.0,0,5.0,410,601,4,41,-16.489689000000002,-68.119293,Miraflores,450000.0,2,Venta,,muy bajo
0,6.0,0,6.0,720,890,5,29,-16.53603,-68.077698,Achumani,800000.0,2,Venta,,alto
0,4.0,0,3.0,470,550,2,41,-16.489689000000002,-68.119293,Miraflores,500000.0,2,Venta,,muy bajo
0,3.0,0,4.0,160,250,1,29,-16.522369,-68.05544300000001,Achumani,155000.0,2,Venta,,alto
0,6.0,0,6.0,720,890,5,29,-16.53603,-68.077698,Achumani,800000.0,2,Venta,,alto
0,6.0,0,4.0,600,600,5,29,-16.522631,-68.048798,Achumani,570000.0,2,Venta,2004.0,alto
0,4.0,0,4.0,270,350,2,29,-16.519325,-68.062523,Achumani,310000.0,2,Venta,,alto
0,4.0,0,4.0,420,630,2,37,-16.506408999999998,-68.085144,Irpavi,450000.0,2,Venta,,moderado
0,5.0,0,5.0,430,300,3,29,-16.525263,-68.0616,Achumani,260000.0,1,Venta,2019.0,alto
0,2.0,0,3.0,215,645,1,43,-16.488657,-68.10011300000001,Pampahasi,300000.0,2,Venta,1984.0,bajo
0,5.0,0,4.0,620,1050,5,32,-16.537254,-68.072968,Calacoto,890000.0,2,Venta,,bajo
0,5.0,0,4.0,500,500,3,29,-16.522683999999998,-68.057991,Achumani,555000.0,2,Venta,,alto
0,5.0,0,4.0,475,520,3,37,-16.509399,-68.08551800000001,Irpavi,380000.0,2,Venta,,moderado
0,4.0,0,3.0,237,142,2,29,-16.521685,-68.05351999999999,Achumani,195000.0,1,Venta,,alto
0,4.0,0,3.0,232,171,2,29,-16.522589,-68.052231,Achumani,215000.0,1,Venta,,alto
0,5.0,0,4.0,400,650,3,37,-16.507076,-68.08335100000001,Irpavi,420000.0,2,Venta,,moderado
0,3.0,0,3.0,207,163,1,29,-16.525108,-68.05193299999999,Achumani,189000.0,1,Venta,2018.0,alto
0,5.0,0,4.0,500,500,3,29,-16.523836,-68.060608,Achumani,555000.0,2,Venta,,alto
0,5.0,0,4.0,296,298,3,29,-16.519228,-68.06489599999999,Achumani,390000.0,2,Venta,2014.0,alto
0,3.0,0,4.0,680,400,4,32,-16.543945,-68.084259,Calacoto,780000.0,2,Venta,,bajo
0,5.0,0,4.0,270,150,2,180,-16.519420999999998,-68.076736,Alto Irpavi,183000.0,2,Venta,,bajo
0,6.0,0,5.0,450,300,2,29,-16.519045000000002,-68.060539,Achumani,413000.0,1,Venta,2015.0,alto
0,3.0,0,4.0,680,400,4,32,-16.544624,-68.084351,Calacoto,780000.0,2,Venta,,bajo
0,4.0,1,4.0,457,427,1,29,-16.522642,-68.062607,Achumani,460000.0,2,Venta,,alto
0,8.0,0,7.0,613,400,10,29,-16.536041,-68.07579799999999,Achumani,800000.0,1,Venta,2017.0,alto
0,4.0,0,3.0,467,480,4,35,-16.542818,-68.065536,Cota Cota,470000.0,2,Venta,2014.0,moderado
0,4.0,0,4.0,420,620,3,29,-16.516154999999998,-68.06189,Achumani,559000.0,2,Venta,,alto
0,4.0,0,4.0,943,0,1,42,-16.522842,-68.108994,Obrajes,760000.0,2,Venta,,bajo
0,5.0,0,4.0,362,176,1,151,-16.558542000000003,-68.093262,Aranjuez,290000.0,2,Venta,,moderado
0,8.0,0,12.0,0,910,8,32,-16.543055,-68.086182,Calacoto,1183000.0,2,Venta,,bajo
0,8.0,0,12.0,0,910,8,32,-16.541281,-68.087914,Calacoto,1183000.0,2,Venta,,bajo
0,4.0,0,4.0,943,0,1,42,-16.525251,-68.110901,Obrajes,760000.0,2,Venta,,bajo
0,6.0,0,7.0,340,603,4,37,-16.527731,-68.086525,Irpavi,498000.0,2,Venta,,moderado
