amoblado,bathroom,baulera,bedroom,dimension_built,dimension_ground,elevator,garage,id_neighborhood,latitud,longitud,neighborhood,price,status,type_offer,year_built,riesgo
0,1.0,0,3.0,85,0,0,1,29,-16.527618,-68.053825,Achumani,89000.0,1,Venta,2017.0,alto
0,2.0,0,2.0,83,0,0,1,180,-16.514166,-68.08420600000001,Alto Irpavi,83000.0,2,Venta,2002.0,bajo
0,3.0,0,4.0,128,0,1,1,33,-16.539625,-68.047394,Chasquipampa,105000.0,1,Venta,2016.0,bajo
0,3.0,0,2.0,149,0,0,2,32,-16.541565,-68.08426700000001,Calacoto,228000.0,2,Venta,,bajo
0,2.0,0,1.0,60,0,0,1,29,-16.514936,-68.061073,Achumani,94500.0,1,Venta,2019.0,alto
0,4.0,0,4.0,154,0,0,0,178,-16.512133,-68.121941,San Jorge,167000.0,2,Venta,,muy bajo
0,2.0,0,1.0,97,0,0,1,29,-16.529336999999998,-68.06952700000001,Achumani,155800.0,1,Venta,,alto
0,4.0,0,3.0,110,0,0,1,55,-16.546141,-68.081688,Auquisamaña,130000.0,2,Venta,2013.0,bajo
0,2.0,0,3.0,146,0,0,1,180,-16.51602,-68.077332,Alto Irpavi,118000.0,1,Venta,2018.0,bajo
0,4.0,0,3.0,176,0,0,1,42,-16.524342,-68.110672,Obrajes,207000.0,2,Venta,,bajo
0,5.0,0,5.0,250,0,0,1,37,-16.525714999999998,-68.08401500000001,Irpavi,250000.0,2,Venta,,moderado
0,5.0,0,3.0,351,0,0,2,55,-16.547129,-68.07684300000001,Auquisamaña,460000.0,2,Venta,2004.0,bajo
0,2.0,0,2.0,70,0,0,1,52,-16.545101000000003,-68.067619,Los Pinos,76000.0,1,Venta,2019.0,moderado
0,3.0,0,2.0,87,0,0,1,37,-16.525755,-68.08635699999999,Irpavi,105000.0,1,Venta,2019.0,moderado
0,2.0,0,2.0,73,0,0,1,32,-16.540903,-68.08577700000001,Calacoto,125000.0,1,Venta,2018.0,bajo
0,3.0,0,3.0,101,0,0,1,180,-16.529844,-68.081001,Alto Irpavi,100000.0,2,Venta,,bajo
0,3.0,0,2.0,103,0,0,1,29,-16.522382999999998,-68.062721,Achumani,103000.0,1,Venta,,alto
0,2.0,0,2.0,105,0,0,1,55,-16.548502,-68.07315799999999,Auquisamaña,145000.0,2,Venta,,bajo
0,2.0,0,2.0,101,0,0,1,29,-16.519070000000003,-68.064743,Achumani,101000.0,1,Venta,2018.0,alto
0,6.0,0,4.0,222,0,0,2,32,-16.540627999999998,-68.08356500000001,Calacoto,330000.0,2,Venta,,bajo
0,3.0,0,3.0,184,0,0,2,35,-16.540689,-68.06658900000001,Cota Cota,159000.0,2,Venta,,moderado
0,3.0,0,2.0,229,0,0,1,242,-16.547577,-68.052811,El Pedregal,152000.0,1,Venta,,alto
0,3.0,1,3.0,132,0,1,1,29,-16.521866,-68.057709,Achumani,142000.0,2,Venta,,alto
0,3.0,0,2.0,120,0,0,1,29,-16.516527,-68.061691,Achumani,117500.0,2,Venta,,alto
0,3.0,0,4.0,255,0,0,1,35,-16.540277,-68.069763,Cota Cota,230000.0,2,Venta,,moderado
0,2.0,0,2.0,75,0,0,0,32,-16.538757,-68.087273,Calacoto,91000.0,1,Venta,2018.0,bajo
0,3.0,1,3.0,183,183,0,2,35,-16.538742000000003,-68.063843,Cota Cota,165000.0,2,Venta,,moderado
0,2.0,0,2.0,69,0,0,1,37,-16.502031,-68.082245,Irpavi,78000.0,2,Venta,,moderado
0,4.0,0,3.0,168,0,0,1,29,-16.518007,-68.062508,Achumani,178000.0,2,Venta,,alto
0,4.0,0,3.0,124,0,0,1,29,-16.529419,-68.057816,Achumani,100000.0,1,Venta,2018.0,alto
0,1.0,1,3.0,85,0,0,1,29,-16.527704,-68.053444,Achumani,90000.0,2,Venta,,alto
0,1.0,0,1.0,61,0,0,1,52,-16.545579999999998,-68.069664,Los Pinos,81010.0,1,Venta,2019.0,moderado
0,1.0,0,1.0,62,0,0,1,32,-16.544626,-68.08142099999999,Calacoto,62800.0,1,Venta,2017.0,bajo
0,3.0,0,2.0,106,0,0,1,29,-16.524088,-68.06734499999999,Achumani,114000.0,1,Venta,,alto
0,3.0,0,3.0,124,0,0,1,32,-16.539265,-68.074486,Calacoto,131200.0,1,Venta,2017.0,bajo
0,3.0,0,3.0,200,0,0,1,241,-16.531761,-68.096008,Bella Vista,200000.0,2,Venta,,moderado
0,1.0,0,1.0,50,0,0,1,32,-16.539351999999997,-68.084259,Calacoto,95000.0,1,Venta,,bajo
0,4.0,0,3.0,144,0,0,1,47,-16.51086,-68.12451899999999,Sopocachi,165000.0,2,Venta,1979.0,moderado
0,3.0,0,2.0,145,0,0,1,55,-16.548433,-68.06064599999999,Auquisamaña,143000.0,1,Venta,,bajo
0,4.0,0,3.0,176,0,0,1,42,-16.524995999999998,-68.11032900000001,Obrajes,180000.0,2,Venta,,bajo
0,4.0,0,3.0,139,0,0,1,42,-16.528801,-68.103081,Obrajes,160000.0,2,Venta,2014.0,bajo
0,3.0,0,2.0,97,0,0,1,29,-16.517364999999998,-68.060516,Achumani,114500.0,1,Venta,2014.0,alto
0,4.0,0,3.0,310,0,0,2,55,-16.548054,-68.06081400000001,Auquisamaña,310000.0,1,Venta,,bajo
0,2.0,0,2.0,89,0,0,1,42,-16.525345,-68.109543,Obrajes,105000.0,1,Venta,2015.0,bajo
0,5.0,0,3.0,165,0,0,1,32,-16.539244,-68.083237,Calacoto,169000.0,2,Venta,,bajo
0,4.0,0,3.0,132,0,0,1,29,-16.521437,-68.06373599999999,Achumani,110000.0,1,Venta,,alto
0,3.0,0,3.0,112,0,0,1,29,-16.520739000000003,-68.064339,Achumani,95000.0,2,Venta,2015.0,alto
0,6.0,0,3.0,265,0,0,2,178,-16.512096,-68.12133,San Jorge,260000.0,1,Venta,2003.0,muy bajo
0,5.0,0,3.0,220,0,0,2,39,-16.55151,-68.089577,La Florida,519980.0,2,Venta,2016.0,moderado
0,4.0,0,3.0,120,0,0,1,52,-16.544624,-68.070885,Los Pinos,135000.0,1,Venta,2019.0,moderado
0,1.0,0,1.0,62,0,0,1,32,-16.541307,-68.073952,Calacoto,74000.0,1,Venta,2018.0,bajo
0,3.0,0,2.0,86,0,0,1,47,-16.509114999999998,-68.13018000000001,Sopocachi,111000.0,1,Venta,,moderado
0,4.0,0,3.0,174,0,0,1,35,-16.540649,-68.06749,Cota Cota,135000.0,2,Venta,,moderado
0,2.0,0,2.0,100,0,0,1,29,-16.521749,-68.062454,Achumani,135000.0,2,Venta,,alto
0,4.0,0,3.0,151,0,0,1,32,-16.539017,-68.084183,Calacoto,180000.0,2,Venta,,bajo
0,2.0,0,2.0,83,0,0,1,37,-16.51734,-68.086365,Irpavi,82000.0,2,Venta,,moderado
0,5.0,0,4.0,310,0,0,1,32,-16.543035999999997,-68.089508,Calacoto,398000.0,1,Venta,,bajo
0,5.0,0,4.0,324,0,0,2,42,-16.525759,-68.106155,Obrajes,320000.0,2,Venta,2018.0,bajo
0,2.0,0,2.0,130,0,0,1,37,-16.518698,-68.086014,Irpavi,106000.0,1,Venta,,moderado
0,4.0,0,3.0,178,0,0,1,29,-16.525017000000002,-68.062065,Achumani,192000.0,1,Venta,,alto
0,4.0,0,3.0,120,0,0,1,52,-16.542938,-68.07294499999999,Los Pinos,135000.0,1,Venta,,moderado
0,4.0,0,3.0,165,0,0,1,32,-16.539270000000002,-68.082062,Calacoto,169000.0,2,Venta,2009.0,bajo
0,3.0,0,3.0,169,0,0,1,39,-16.547623,-68.090111,La Florida,240000.0,2,Venta,2014.0,moderado
0,3.0,0,3.0,134,0,0,2,35,-16.545471,-68.063713,Cota Cota,145000.0,2,Venta,2016.0,moderado
0,3.0,0,2.0,99,0,0,1,29,-16.517104999999997,-68.061432,Achumani,119000.0,2,Venta,2015.0,alto
0,2.0,0,3.0,115,0,0,0,178,-16.509584,-68.124123,San Jorge,125000.0,2,Venta,,muy bajo
0,4.0,0,3.0,165,0,0,1,32,-16.539661,-68.081436,Calacoto,175000.0,2,Venta,,bajo
0,4.0,0,3.0,200,0,0,0,47,-16.510332000000002,-68.127289,Sopocachi,180000.0,1,Venta,1970.0,moderado
0,3.0,0,3.0,110,0,0,1,47,-16.508557999999997,-68.128922,Sopocachi,160000.0,2,Venta,1993.0,moderado
0,4.0,0,3.0,208,0,0,2,242,-16.547512,-68.052734,El Pedregal,195000.0,2,Venta,,alto
0,2.0,1,4.0,163,0,0,1,37,-16.529066,-68.085014,Irpavi,159000.0,2,Venta,,moderado
0,4.0,0,3.0,132,0,0,1,37,-16.51255,-68.086685,Irpavi,129000.0,2,Venta,,moderado
0,3.0,0,3.0,132,132,0,1,35,-16.542698,-68.065483,Cota Cota,115000.0,1,Venta,,moderado
0,5.0,0,4.0,240,0,0,2,29,-16.528597,-68.07171600000001,Achumani,265000.0,2,Venta,,alto
0,2.0,0,3.0,120,0,0,0,40,-16.526285,-68.123772,Llojeta,104000.0,1,Venta,2018.0,alto
0,4.0,0,3.0,288,0,0,3,29,-16.532970000000002,-68.076225,Achumani,295000.0,2,Venta,,alto
0,3.0,0,3.0,288,0,0,3,29,-16.519842,-68.050789,Achumani,300000.0,2,Venta,,alto
0,4.0,0,3.0,128,0,0,1,33,-16.539165,-68.047249,Chasquipampa,105000.0,1,Venta,,bajo
0,2.0,0,3.0,114,0,0,1,37,-16.528446,-68.08622,Irpavi,97000.0,2,Venta,2015.0,moderado
0,4.0,0,3.0,170,0,0,1,37,-16.520654999999998,-68.08635699999999,Irpavi,139000.0,1,Venta,2018.0,moderado
0,3.0,0,3.0,120,0,0,1,37,-16.503248000000003,-68.08171800000001,Irpavi,125000.0,2,Venta,2012.0,moderado
0,2.0,0,1.0,113,0,0,1,29,-16.529007,-68.07103000000001,Achumani,158200.0,1,Venta,2018.0,alto
0,4.0,0,3.0,165,0,0,1,29,-16.520739000000003,-68.066742,Achumani,190000.0,1,Venta,2018.0,alto
0,4.0,0,3.0,152,0,0,1,29,-16.518620000000002,-68.05686999999999,Achumani,103000.0,1,Venta,2019.0,alto
0,2.0,0,1.0,138,0,0,0,29,-16.513241,-68.06304200000001,Achumani,94500.0,1,Venta,2019.0,alto
0,4.0,0,3.0,201,0,0,1,178,-16.507303,-68.126427,San Jorge,270000.0,1,Venta,1995.0,muy bajo
0,3.0,0,3.0,116,0,0,1,37,-16.514557,-68.086945,Irpavi,116820.0,2,Venta,,moderado
0,3.0,0,3.0,134,0,0,1,29,-16.524832,-68.054474,Achumani,127000.0,2,Venta,,alto
0,4.0,0,3.0,152,0,0,1,32,-16.540792,-68.090645,Calacoto,175000.0,2,Venta,2008.0,bajo
0,2.0,0,3.0,104,0,0,1,41,-16.502548,-68.125237,Miraflores,130000.0,2,Venta,,muy bajo
0,3.0,0,3.0,157,0,0,1,178,-16.50757,-68.12738,San Jorge,165000.0,2,Venta,,muy bajo
0,4.0,0,3.0,157,0,0,0,32,-16.539978,-68.079346,Calacoto,180000.0,1,Venta,2018.0,bajo
0,1.0,0,1.0,26,0,0,1,29,-16.526909,-68.05313100000001,Achumani,28000.0,1,Venta,,alto
0,2.0,0,2.0,108,0,0,0,32,-16.541635999999997,-68.086761,Calacoto,101000.0,1,Venta,,bajo
0,1.0,0,1.0,49,0,0,1,47,-16.518309,-68.128113,Sopocachi,55300.0,1,Venta,2019.0,moderado
0,3.0,0,2.0,105,0,0,0,37,-16.502754,-68.08174100000001,Irpavi,85000.0,2,Venta,2016.0,moderado
0,3.0,0,3.0,140,0,0,1,29,-16.529091,-68.07210500000001,Achumani,135000.0,1,Venta,2018.0,alto
0,2.0,0,2.0,70,0,0,1,29,-16.521437,-68.05995899999999,Achumani,117000.0,1,Venta,2017.0,alto
0,3.0,0,3.0,116,0,0,1,37,-16.512178,-68.086632,Irpavi,115000.0,2,Venta,2003.0,moderado
0,3.0,0,3.0,156,0,0,2,29,-16.525202,-68.070427,Achumani,145000.0,2,Venta,,alto
0,3.0,0,2.0,100,0,0,1,29,-16.518337,-68.062218,Achumani,115000.0,2,Venta,,alto
0,1.0,0,1.0,52,0,1,0,237,-16.544445,-68.07737,San Miguel,83000.0,2,Venta,,bajo
0,3.0,0,2.0,150,0,0,1,52,-16.545401000000002,-68.069168,Los Pinos,145000.0,2,Venta,,moderado
0,3.0,0,3.0,167,0,0,1,29,-16.523125,-68.055603,Achumani,140000.0,1,Venta,2018.0,alto
0,2.0,0,3.0,99,0,0,0,44,-16.486626,-68.138237,Centro,125000.0,2,Venta,,bajo
0,3.0,0,3.0,185,0,0,1,35,-16.543488,-68.063538,Cota Cota,180000.0,2,Venta,,moderado
0,4.0,0,3.0,135,0,0,1,35,-16.540401,-68.068443,Cota Cota,150000.0,2,Venta,,moderado
0,1.0,0,1.0,300,0,0,1,53,-16.576151,-68.082581,Mallasa,30000.0,1,Venta,,alto
0,5.0,1,3.0,206,0,0,1,32,-16.545647,-68.084236,Calacoto,210000.0,2,Venta,,bajo
0,3.0,0,3.0,148,0,0,1,29,-16.522993,-68.05450400000001,Achumani,138000.0,2,Venta,2017.0,alto
0,4.0,0,3.0,200,0,0,1,32,-16.542147,-68.083687,Calacoto,210000.0,1,Venta,2017.0,bajo
0,5.0,0,3.0,187,0,0,2,178,-16.50757,-68.126648,San Jorge,265000.0,1,Venta,,muy bajo
0,4.0,0,3.0,265,0,0,1,178,-16.509186,-68.12389399999999,San Jorge,255000.0,2,Venta,,muy bajo
0,4.0,0,3.0,222,0,0,2,32,-16.539703,-68.083946,Calacoto,330000.0,1,Venta,2016.0,bajo
0,2.0,0,4.0,139,0,0,1,31,-16.516251,-68.08998100000001,Bolognia,75000.0,2,Venta,,bajo
0,1.0,0,1.0,51,0,0,1,41,-16.487106,-68.123238,Miraflores,53000.0,1,Venta,,muy bajo
0,2.0,0,2.0,74,0,0,0,37,-16.524603,-68.086617,Irpavi,79900.0,1,Venta,2019.0,moderado
0,3.0,0,3.0,120,0,0,1,52,-16.543015,-68.07122,Los Pinos,129000.0,2,Venta,2017.0,moderado
0,3.0,0,3.0,152,0,0,1,29,-16.52318,-68.053925,Achumani,130000.0,1,Venta,2017.0,alto
0,4.0,0,3.0,120,0,0,1,52,-16.544352,-68.07159399999999,Los Pinos,135000.0,1,Venta,2019.0,moderado
0,5.0,0,4.0,200,0,0,1,32,-16.539951000000002,-68.086845,Calacoto,220000.0,2,Venta,,bajo
0,4.0,0,3.0,209,0,0,1,29,-16.514805,-68.062607,Achumani,178000.0,2,Venta,2006.0,alto
0,2.0,0,2.0,77,0,0,1,180,-16.518581,-68.08228299999999,Alto Irpavi,98000.0,2,Venta,,bajo
0,4.0,0,3.0,148,0,0,1,178,-16.510932999999998,-68.124374,San Jorge,158000.0,2,Venta,1995.0,muy bajo
0,3.0,0,3.0,182,0,0,1,29,-16.522394,-68.063339,Achumani,280000.0,1,Venta,2016.0,alto
0,4.0,0,4.0,162,0,0,1,32,-16.539518,-68.08000200000001,Calacoto,180000.0,2,Venta,,bajo
0,3.0,0,3.0,164,0,0,1,29,-16.520245000000003,-68.06369000000001,Achumani,185000.0,1,Venta,2019.0,alto
0,4.0,0,3.0,162,0,0,1,29,-16.53454,-68.071526,Achumani,135000.0,1,Venta,2018.0,alto
0,2.0,0,2.0,108,0,0,1,35,-16.546474,-68.063286,Cota Cota,130000.0,2,Venta,2010.0,moderado
0,2.0,0,2.0,82,0,0,1,37,-16.522505,-68.08489200000001,Irpavi,92000.0,1,Venta,2018.0,moderado
0,3.0,0,3.0,164,0,0,1,29,-16.521053,-68.06588,Achumani,190000.0,1,Venta,,alto
0,2.0,0,1.0,52,0,0,0,237,-16.543920999999997,-68.078438,San Miguel,83200.0,1,Venta,2018.0,bajo
0,1.0,0,2.0,58,0,0,1,32,-16.549536,-68.071564,Calacoto,52200.0,1,Venta,,bajo
0,2.0,0,2.0,69,0,0,1,29,-16.521437,-68.058563,Achumani,120000.0,1,Venta,,alto
0,3.0,0,3.0,122,0,0,2,37,-16.520243,-68.08686800000001,Irpavi,146000.0,2,Venta,2017.0,moderado
0,2.0,0,3.0,79,0,0,0,52,-16.543739000000002,-68.07605,Los Pinos,80000.0,1,Venta,2000.0,moderado
0,5.0,0,4.0,281,0,0,2,35,-16.540018,-68.07016800000001,Cota Cota,285000.0,1,Venta,,moderado
0,5.0,0,5.0,284,0,0,1,37,-16.524008,-68.08422900000001,Irpavi,235000.0,2,Venta,,moderado
0,4.0,0,3.0,113,0,0,1,41,-16.512691,-68.11774399999999,Miraflores,127000.0,2,Venta,,muy bajo
0,2.0,0,1.0,64,0,0,0,42,-16.524372,-68.110313,Obrajes,71107.0,1,Venta,2019.0,bajo
0,3.0,0,3.0,150,0,0,1,237,-16.541334,-68.080391,San Miguel,160000.0,2,Venta,,bajo
0,3.0,0,3.0,124,0,0,1,192,-16.564905,-68.099739,Mallasilla,108000.0,1,Venta,2018.0,alto
0,5.0,0,3.0,150,0,0,1,32,-16.536535,-68.076256,Calacoto,11800.0,2,Venta,2013.0,bajo
0,3.0,0,3.0,141,0,0,1,178,-16.510738,-68.123428,San Jorge,180000.0,2,Venta,1999.0,muy bajo
0,4.0,0,3.0,120,0,0,1,52,-16.54468,-68.070724,Los Pinos,130000.0,1,Venta,2019.0,moderado
0,3.0,0,3.0,164,0,0,1,29,-16.521027,-68.06532299999999,Achumani,190000.0,1,Venta,2018.0,alto
0,3.0,0,4.0,144,0,0,1,192,-16.56489,-68.099785,Mallasilla,121000.0,1,Venta,2018.0,alto
0,3.0,0,4.0,155,0,0,1,47,-16.510984,-68.132233,Sopocachi,155000.0,2,Venta,,moderado
0,3.0,0,3.0,153,0,0,1,32,-16.539248999999998,-68.083946,Calacoto,175000.0,2,Venta,,bajo
0,2.0,0,2.0,87,0,0,0,47,-16.514317000000002,-68.13095899999999,Sopocachi,96000.0,2,Venta,,moderado
0,2.0,0,3.0,131,0,0,1,29,-16.535404,-68.07128900000001,Achumani,130000.0,2,Venta,2000.0,alto
0,3.0,0,3.0,150,0,0,1,32,-16.5397,-68.089844,Calacoto,180000.0,2,Venta,2012.0,bajo
0,3.0,0,3.0,92,0,0,1,180,-16.515844,-68.08470200000001,Alto Irpavi,87000.0,1,Venta,,bajo
0,2.0,0,2.0,80,0,0,1,180,-16.516583999999998,-68.084793,Alto Irpavi,80000.0,1,Venta,,bajo
0,3.0,0,2.0,99,0,0,1,29,-16.517553,-68.061348,Achumani,119000.0,2,Venta,2012.0,alto
0,4.0,0,3.0,137,0,0,1,47,-16.515068,-68.126251,Sopocachi,170000.0,2,Venta,2017.0,moderado
0,5.0,0,3.0,210,0,0,2,32,-16.539497,-68.07470699999999,Calacoto,295000.0,2,Venta,,bajo
0,4.0,0,4.0,130,0,0,1,52,-16.542562,-68.07151,Los Pinos,140000.0,2,Venta,2017.0,moderado
0,4.0,0,3.0,116,0,0,1,42,-16.525551,-68.109604,Obrajes,140000.0,2,Venta,2015.0,bajo
0,4.0,0,3.0,152,0,0,1,29,-16.518419,-68.05674,Achumani,110000.0,1,Venta,2019.0,alto
0,1.0,0,1.0,45,0,0,1,29,-16.517899,-68.062744,Achumani,70000.0,2,Venta,,alto
0,2.0,0,4.0,180,0,0,0,46,-16.545154999999998,-68.09597,Seguencoma,110000.0,2,Venta,2000.0,bajo
0,2.0,0,2.0,74,0,0,0,37,-16.522591000000002,-68.087112,Irpavi,79900.0,2,Venta,,moderado
0,3.0,0,3.0,155,0,0,1,42,-16.524887,-68.110664,Obrajes,185000.0,1,Venta,,bajo
0,3.0,0,2.0,87,0,0,1,37,-16.522236,-68.085899,Irpavi,106000.0,2,Venta,,moderado
0,3.0,0,3.0,140,0,0,0,46,-16.540429999999997,-68.095619,Seguencoma,155000.0,2,Venta,2010.0,bajo
0,2.0,0,1.0,52,0,0,0,47,-16.509577,-68.128853,Sopocachi,77000.0,1,Venta,2019.0,moderado
0,2.0,0,2.0,84,0,0,0,47,-16.518511,-68.128853,Sopocachi,120000.0,1,Venta,2016.0,moderado
0,3.0,0,3.0,112,0,0,1,31,-16.518207999999998,-68.09082,Bolognia,86000.0,1,Venta,2019.0,bajo
0,2.0,0,3.0,249,0,0,1,35,-16.544145999999998,-68.055092,Cota Cota,195000.0,2,Venta,2012.0,moderado
0,3.0,0,3.0,135,0,0,1,32,-16.545668,-68.091476,Calacoto,138000.0,2,Venta,2016.0,bajo
0,5.0,0,3.0,195,340,0,1,39,-16.545755,-68.089653,La Florida,280000.0,2,Venta,,moderado
0,3.0,0,3.0,185,0,0,1,237,-16.542423,-68.078529,San Miguel,179000.0,2,Venta,,bajo
0,1.0,0,1.0,58,0,0,0,32,-16.540485,-68.083069,Calacoto,78000.0,1,Venta,2018.0,bajo
0,3.0,0,2.0,144,0,0,1,55,-16.547726,-68.064171,Auquisamaña,124000.0,1,Venta,2017.0,bajo
0,2.0,0,2.0,79,0,0,1,37,-16.514720999999998,-68.08699,Irpavi,83845.0,2,Venta,,moderado
0,4.0,0,4.0,210,0,0,0,50,-16.482559,-68.121628,Villa Fatima,142000.0,2,Venta,,bajo
0,4.0,0,4.0,0,160,0,1,42,-16.525612,-68.11196899999999,Obrajes,190000.0,2,Venta,,bajo
0,4.0,0,3.0,208,0,0,2,242,-16.547512,-68.052734,El Pedregal,195000.0,2,Venta,,alto
0,3.0,0,3.0,144,0,0,1,37,-16.514720999999998,-68.08699,Irpavi,148042.0,2,Venta,,moderado
0,4.0,0,3.0,137,0,0,1,29,-16.525839,-68.070305,Achumani,165000.0,1,Venta,2018.0,alto
0,2.0,0,2.0,79,0,0,1,37,-16.514720999999998,-68.08699,Irpavi,83845.0,2,Venta,,moderado
0,6.0,0,2.0,281,0,0,2,32,-16.539742999999998,-68.073082,Calacoto,285000.0,2,Venta,,bajo
0,2.0,0,2.0,87,0,0,1,37,-16.522074,-68.08500699999999,Irpavi,107000.0,1,Venta,,moderado
0,3.0,0,3.0,160,0,0,1,29,-16.534843,-68.07016,Achumani,173000.0,1,Venta,2017.0,alto
0,3.0,0,4.0,183,0,0,0,47,-16.511726,-68.13317099999999,Sopocachi,157000.0,2,Venta,2010.0,moderado
0,1.0,0,1.0,61,0,0,0,45,-16.505779,-68.13606999999999,San Pedro,59999.0,1,Venta,2018.0,moderado
0,2.0,0,3.0,76,0,0,0,41,-16.495142,-68.122147,Miraflores,83000.0,2,Venta,1994.0,muy bajo
0,6.0,0,4.0,281,0,0,2,32,-16.539742999999998,-68.073029,Calacoto,285000.0,2,Venta,,bajo
0,3.0,0,3.0,137,0,0,1,47,-16.515203,-68.126038,Sopocachi,170000.0,2,Venta,,moderado
0,6.0,0,4.0,281,0,0,2,32,-16.539414999999998,-68.07337199999999,Calacoto,285000.0,2,Venta,,bajo
0,4.0,0,3.0,249,0,0,1,242,-16.546188,-68.053619,El Pedregal,190000.0,2,Venta,2012.0,alto
0,1.0,0,1.0,52,0,0,1,29,-16.523535,-68.055626,Achumani,48000.0,1,Venta,2018.0,alto
0,2.0,0,2.0,80,0,0,1,37,-16.514704000000002,-68.087067,Irpavi,81999.0,2,Venta,,moderado
0,3.0,0,3.0,160,0,0,2,29,-16.534167999999998,-68.070595,Achumani,183000.0,1,Venta,2018.0,alto
0,6.0,0,4.0,281,0,0,2,32,-16.539991,-68.07328000000001,Calacoto,285000.0,2,Venta,,bajo
0,2.0,0,2.0,79,0,0,1,37,-16.514704000000002,-68.087067,Irpavi,81473.0,2,Venta,,moderado
0,3.0,0,3.0,144,0,0,1,37,-16.514720999999998,-68.08699,Irpavi,158103.0,2,Venta,,moderado
0,2.0,0,2.0,79,0,0,1,37,-16.514704000000002,-68.087067,Irpavi,81473.0,2,Venta,,moderado
0,3.0,0,3.0,144,0,0,1,37,-16.514720999999998,-68.08699,Irpavi,148042.0,2,Venta,,moderado
0,1.0,0,1.0,58,0,0,0,32,-16.540385999999998,-68.087532,Calacoto,78000.0,2,Venta,,bajo
0,3.0,0,3.0,130,0,0,1,29,-16.520861,-68.06012700000001,Achumani,55000.0,1,Venta,2019.0,alto
0,3.0,0,3.0,280,0,0,1,37,-16.514720999999998,-68.08699,Irpavi,235250.0,2,Venta,,moderado
0,3.0,0,3.0,280,0,0,1,37,-16.514720999999998,-68.08699,Irpavi,235250.0,2,Venta,,moderado
0,3.0,0,3.0,120,0,0,1,35,-16.543177,-68.05967700000001,Cota Cota,130000.0,1,Venta,2002.0,moderado
0,2.0,0,3.0,62,0,0,1,29,-16.526169,-68.053566,Achumani,57000.0,1,Venta,2019.0,alto
0,2.0,0,2.0,69,0,0,1,37,-16.501831,-68.082413,Irpavi,76000.0,2,Venta,,moderado
0,2.0,0,2.0,80,0,0,1,37,-16.514704000000002,-68.087067,Irpavi,81999.0,2,Venta,,moderado
0,4.0,0,3.0,130,0,0,1,52,-16.542562,-68.071312,Los Pinos,125000.0,2,Venta,2015.0,moderado
0,6.0,0,3.0,311,0,0,2,39,-16.545773,-68.089233,La Florida,550000.0,2,Venta,,moderado
0,4.0,0,4.0,154,0,0,0,178,-16.512133,-68.121941,San Jorge,167000.0,2,Venta,,muy bajo
0,2.0,0,2.0,75,0,0,1,37,-16.519718,-68.08770799999999,Irpavi,130000.0,1,Venta,2018.0,moderado
0,5.0,0,3.0,207,0,0,1,32,-16.538729,-68.080727,Calacoto,370000.0,2,Venta,2017.0,bajo
0,3.0,0,3.0,144,0,0,1,37,-16.514720999999998,-68.08699,Irpavi,158103.0,2,Venta,,moderado
0,6.0,0,3.0,311,0,0,2,39,-16.545648999999997,-68.089272,La Florida,500000.0,2,Venta,,moderado
0,4.0,0,3.0,120,0,0,1,32,-16.541363,-68.077232,Calacoto,132000.0,2,Venta,2007.0,bajo
0,1.0,0,1.0,48,0,0,0,47,-16.51165,-68.123795,Sopocachi,77000.0,1,Venta,2017.0,moderado
0,3.0,0,3.0,126,0,0,1,29,-16.519842,-68.05534399999999,Achumani,84000.0,1,Venta,2019.0,alto
0,4.0,0,4.0,252,0,0,2,29,-16.514269,-68.059563,Achumani,240000.0,2,Venta,2014.0,alto
0,4.0,0,3.0,216,0,0,2,29,-16.520411,-68.058426,Achumani,155000.0,2,Venta,2015.0,alto
0,2.0,0,3.0,79,0,0,0,52,-16.543526,-68.075813,Los Pinos,92000.0,2,Venta,,moderado
0,2.0,0,3.0,89,0,0,0,41,-16.500954,-68.12323,Miraflores,89000.0,2,Venta,2016.0,muy bajo
0,3.0,0,3.0,93,0,0,1,37,-16.525328,-68.087265,Irpavi,109000.0,1,Venta,,moderado
0,3.0,0,3.0,170,0,0,1,37,-16.522217,-68.084236,Irpavi,148000.0,2,Venta,,moderado
0,4.0,0,3.0,152,0,0,1,29,-16.513289999999998,-68.05729699999999,Achumani,137000.0,1,Venta,2014.0,alto
0,4.0,0,3.0,141,0,0,1,29,-16.519029999999997,-68.062439,Achumani,130000.0,1,Venta,2019.0,alto
0,1.0,0,1.0,40,0,0,0,42,-16.523371,-68.112251,Obrajes,55000.0,2,Venta,2015.0,bajo
0,4.0,0,3.0,200,0,0,1,38,-16.529512,-68.078629,Koani,175000.0,2,Venta,1994.0,bajo
0,2.0,0,2.0,92,0,0,1,29,-16.524975,-68.06884000000001,Achumani,125000.0,1,Venta,2019.0,alto
0,2.0,0,3.0,156,0,0,0,47,-16.518024,-68.132912,Sopocachi,130000.0,2,Venta,2015.0,moderado
0,4.0,0,3.0,180,0,0,1,37,-16.526042999999998,-68.08528100000001,Irpavi,166000.0,2,Venta,1990.0,moderado
0,3.0,0,3.0,140,0,0,1,35,-16.545916000000002,-68.061272,Cota Cota,185000.0,1,Venta,2018.0,moderado
0,4.0,0,3.0,170,0,0,1,37,-16.518760999999998,-68.08704399999999,Irpavi,139000.0,1,Venta,2018.0,moderado
0,4.0,0,3.0,140,0,0,0,42,-16.528595000000003,-68.102463,Obrajes,100000.0,2,Venta,2008.0,bajo
0,4.0,0,3.0,190,0,0,2,29,-16.519092999999998,-68.06360600000001,Achumani,178000.0,2,Venta,2007.0,alto
0,4.0,0,4.0,168,0,0,1,47,-16.508221,-68.128731,Sopocachi,168000.0,2,Venta,,moderado
0,2.0,0,3.0,100,0,0,0,44,-16.498466,-68.134979,Centro,125000.0,2,Venta,1993.0,bajo
0,2.0,0,1.0,59,0,0,1,37,-16.512463,-68.08551,Irpavi,70000.0,2,Venta,2013.0,moderado
0,2.0,0,3.0,156,0,0,0,47,-16.518055,-68.132912,Sopocachi,130000.0,2,Venta,2015.0,moderado
0,4.0,0,3.0,165,0,0,1,32,-16.541616,-68.09034,Calacoto,200000.0,2,Venta,,bajo
0,1.0,0,1.0,62,0,0,1,46,-16.536427,-68.099419,Seguencoma,65000.0,2,Venta,,bajo
0,4.0,0,3.0,165,0,0,1,32,-16.541348,-68.08980600000001,Calacoto,200000.0,2,Venta,,bajo
0,2.0,0,4.0,140,0,0,0,44,-16.487202,-68.132141,Centro,50000.0,2,Venta,2010.0,bajo
0,2.0,0,3.0,105,0,0,0,44,-16.493622,-68.13185899999999,Centro,110000.0,2,Venta,,bajo
0,4.0,0,3.0,185,0,0,2,242,-16.545052,-68.055862,El Pedregal,195000.0,1,Venta,2019.0,alto
0,2.0,0,3.0,90,0,0,1,37,-16.528387,-68.085899,Irpavi,99500.0,1,Venta,2019.0,moderado
0,2.0,0,2.0,91,0,0,1,29,-16.515348,-68.06064599999999,Achumani,101000.0,1,Venta,2019.0,alto
0,1.0,0,1.0,62,0,0,0,46,-16.541923999999998,-68.09549,Seguencoma,65000.0,1,Venta,2018.0,bajo
0,2.0,0,2.0,82,0,0,1,29,-16.514854,-68.061417,Achumani,126000.0,1,Venta,2019.0,alto
0,5.0,0,3.0,195,340,0,1,39,-16.545755,-68.089653,La Florida,280000.0,2,Venta,,moderado
0,2.0,0,2.0,86,0,0,1,29,-16.514196,-68.06133299999999,Achumani,125500.0,1,Venta,2019.0,alto
0,2.0,0,2.0,86,0,0,1,29,-16.514772,-68.06133299999999,Achumani,112000.0,1,Venta,2019.0,alto
0,3.0,0,2.0,138,0,0,1,29,-16.502679999999998,-68.070419,Achumani,112000.0,1,Venta,2019.0,alto
0,3.0,0,3.0,118,0,0,0,37,-16.522629000000002,-68.087212,Irpavi,122000.0,1,Venta,2019.0,moderado
0,2.0,0,3.0,163,0,0,1,47,-16.510579999999997,-68.127258,Sopocachi,170000.0,2,Venta,,moderado
0,5.0,0,4.0,161,0,0,1,29,-16.521355,-68.063538,Achumani,138000.0,2,Venta,,alto
0,3.0,0,3.0,170,0,0,2,37,-16.529684,-68.088272,Irpavi,165000.0,2,Venta,,moderado
0,2.0,0,3.0,90,0,0,1,52,-16.545873999999998,-68.07384499999999,Los Pinos,158000.0,2,Venta,,moderado
0,3.0,0,3.0,164,0,0,1,29,-16.525783999999998,-68.068466,Achumani,165000.0,2,Venta,,alto
0,2.0,0,2.0,92,0,0,0,29,-16.519588,-68.064087,Achumani,89000.0,1,Venta,,alto
0,3.0,0,3.0,180,0,0,1,242,-16.545622,-68.05579399999999,El Pedregal,175000.0,2,Venta,2017.0,alto
0,3.0,0,3.0,118,0,0,0,37,-16.522591000000002,-68.087112,Irpavi,122000.0,2,Venta,,moderado
0,4.0,0,3.0,148,0,0,0,32,-16.541829999999997,-68.077354,Calacoto,220000.0,2,Venta,2013.0,bajo
0,1.0,0,1.0,45,0,0,0,32,-16.54213,-68.087448,Calacoto,75000.0,1,Venta,2014.0,bajo
0,3.0,0,3.0,145,0,0,1,29,-16.515581,-68.061447,Achumani,148000.0,2,Venta,2011.0,alto
0,2.0,0,2.0,98,0,0,1,52,-16.545422,-68.069199,Los Pinos,110000.0,2,Venta,,moderado
0,2.0,0,2.0,100,0,0,1,29,-16.522322,-68.062874,Achumani,128000.0,2,Venta,2018.0,alto
0,3.0,0,4.0,155,0,0,1,37,-16.521723,-68.08635699999999,Irpavi,155000.0,2,Venta,1994.0,moderado
0,3.0,0,3.0,118,0,0,0,41,-16.485429999999997,-68.122574,Miraflores,120000.0,2,Venta,2013.0,muy bajo
0,2.0,0,2.0,77,0,0,1,180,-16.518581,-68.08228299999999,Alto Irpavi,98000.0,2,Venta,,bajo
0,3.0,0,2.0,109,0,0,1,32,-16.538612,-68.076706,Calacoto,160500.0,2,Venta,,bajo
0,3.0,0,2.0,87,0,0,1,37,-16.522236,-68.085899,Irpavi,106000.0,2,Venta,,moderado
0,3.0,0,2.0,160,88,0,1,37,-16.523703,-68.085976,Irpavi,111000.0,2,Venta,,moderado
0,3.0,0,2.0,160,88,0,1,37,-16.523703,-68.085976,Irpavi,111000.0,2,Venta,,moderado
0,3.0,0,2.0,109,0,0,1,32,-16.538612,-68.076706,Calacoto,160500.0,2,Venta,,bajo
0,2.0,0,4.0,137,0,0,1,47,-16.50757,-68.129143,Sopocachi,155000.0,2,Venta,,moderado
0,5.0,0,3.0,280,0,0,2,32,-16.541470999999998,-68.08335100000001,Calacoto,325000.0,2,Venta,,bajo
0,2.0,0,2.0,103,0,0,0,41,-16.502645,-68.12178,Miraflores,110000.0,2,Venta,2007.0,muy bajo
0,2.0,0,1.0,66,0,0,1,33,-16.537373000000002,-68.049988,Chasquipampa,57000.0,2,Venta,2014.0,bajo
0,2.0,0,2.0,0,93,0,1,29,-16.514167999999998,-68.061363,Achumani,102000.0,2,Venta,,alto
0,2.0,0,2.0,69,0,0,0,37,-16.522591000000002,-68.087112,Irpavi,74500.0,2,Venta,,moderado
0,2.0,0,2.0,69,0,0,0,37,-16.522591000000002,-68.087112,Irpavi,74500.0,2,Venta,,moderado
0,2.0,0,2.0,86,146,0,1,29,-16.514122,-68.063774,Achumani,125000.0,2,Venta,,alto
0,2.0,0,2.0,0,93,0,1,29,-16.514167999999998,-68.061363,Achumani,102000.0,2,Venta,,alto
0,2.0,0,2.0,82,163,0,1,29,-16.514122,-68.063774,Achumani,126000.0,2,Venta,,alto
0,2.0,0,2.0,82,163,0,1,29,-16.514122,-68.063774,Achumani,126000.0,2,Venta,,alto
0,2.0,0,2.0,86,146,0,1,29,-16.514122,-68.063774,Achumani,125000.0,2,Venta,,alto
0,2.0,0,2.0,86,138,0,1,29,-16.515154000000003,-68.06085999999999,Achumani,112000.0,2,Venta,,alto
0,4.0,0,4.0,240,0,0,1,32,-16.542680999999998,-68.065483,Calacoto,220000.0,2,Venta,2008.0,bajo
0,4.0,0,3.0,260,0,0,3,32,-16.538960999999997,-68.082672,Calacoto,360000.0,2,Venta,,bajo
0,4.0,0,3.0,140,0,0,1,29,-16.529123000000002,-68.068497,Achumani,135000.0,2,Venta,2010.0,alto
0,3.0,0,3.0,180,0,0,2,32,-16.540228,-68.08622,Calacoto,260000.0,2,Venta,,bajo
0,4.0,0,4.0,281,0,0,2,35,-16.539558,-68.07045,Cota Cota,285000.0,2,Venta,2015.0,moderado
0,1.0,0,1.0,52,0,0,1,55,-16.545832,-68.06809200000001,Auquisamaña,52100.0,1,Venta,2019.0,bajo
0,4.0,0,3.0,123,0,0,1,55,-16.54645,-68.06815300000001,Auquisamaña,143500.0,1,Venta,2019.0,bajo
0,3.0,0,3.0,160,0,0,1,35,-16.542126,-68.056885,Cota Cota,109000.0,2,Venta,2004.0,moderado
0,4.0,0,3.0,156,0,0,1,29,-16.517692999999998,-68.06189,Achumani,145000.0,2,Venta,2015.0,alto
0,3.0,0,3.0,180,0,0,0,178,-16.503511,-68.130486,San Jorge,260000.0,2,Venta,,muy bajo
0,4.0,0,3.0,0,132,0,1,37,-16.528093,-68.086708,Irpavi,129000.0,2,Venta,,moderado
0,4.0,0,4.0,179,0,0,1,178,-16.513947,-68.119972,San Jorge,189000.0,2,Venta,2013.0,muy bajo
0,4.0,0,3.0,127,0,0,1,29,-16.526312,-68.064575,Achumani,130000.0,1,Venta,2018.0,alto
0,3.0,0,5.0,172,0,0,1,52,-16.540846,-68.073669,Los Pinos,140000.0,2,Venta,,moderado
0,4.0,0,3.0,182,0,0,1,29,-16.528,-68.070312,Achumani,220000.0,1,Venta,2016.0,alto
0,3.0,0,2.0,125,0,0,1,29,-16.525141,-68.069229,Achumani,122000.0,2,Venta,2012.0,alto
0,3.0,0,3.0,101,0,0,0,47,-16.513248,-68.12236,Sopocachi,110000.0,2,Venta,1988.0,moderado
0,3.0,0,3.0,150,0,0,1,52,-16.544538,-68.07324200000001,Los Pinos,143000.0,2,Venta,,moderado
0,4.0,0,3.0,120,0,0,1,52,-16.545586,-68.077751,Los Pinos,129000.0,2,Venta,2016.0,moderado
0,4.0,0,3.0,154,0,0,1,42,-16.524199,-68.111603,Obrajes,210000.0,2,Venta,,bajo
0,1.0,0,2.0,113,0,0,1,237,-16.541431,-68.079124,San Miguel,153000.0,1,Venta,2018.0,bajo
0,2.0,0,1.0,53,0,0,0,237,-16.543806,-68.078453,San Miguel,83500.0,1,Venta,2019.0,bajo
0,,0,,45,0,0,1,29,-16.517895000000003,-68.057114,Achumani,72000.0,2,Venta,,alto
0,2.0,0,3.0,100,0,0,0,44,-16.500938,-68.13203399999999,Centro,125000.0,2,Venta,,bajo
0,1.0,0,1.0,0,0,0,0,47,-16.514841,-68.13117199999999,Sopocachi,55000.0,2,Venta,,moderado
0,3.0,0,3.0,158,0,0,1,32,-16.538933,-68.078239,Calacoto,228000.0,2,Venta,,bajo
0,1.0,0,1.0,39,0,0,0,42,-16.524469,-68.111168,Obrajes,52000.0,2,Venta,2015.0,bajo
0,3.0,0,4.0,157,0,0,1,35,-16.538347,-68.053093,Cota Cota,110000.0,2,Venta,,moderado
0,3.0,0,3.0,120,0,0,1,35,-16.540443,-68.06276700000001,Cota Cota,120000.0,2,Venta,2015.0,moderado
0,4.0,0,3.0,152,0,0,1,29,-16.519381,-68.053551,Achumani,104000.0,2,Venta,2019.0,alto
0,1.0,0,1.0,65,0,0,0,32,-16.538591,-68.073753,Calacoto,71600.0,1,Venta,2019.0,bajo
0,,0,,84,0,0,1,29,-16.523613,-68.062561,Achumani,107000.0,2,Venta,,alto
0,4.0,0,3.0,130,0,0,1,52,-16.542994,-68.071655,Los Pinos,125000.0,2,Venta,2016.0,moderado
0,2.0,0,2.0,87,0,0,0,32,-16.537687,-68.073715,Calacoto,94786.0,1,Venta,2019.0,bajo
1,1.0,1,1.0,89,0,1,1,29,-16.515093,-68.060822,Achumani,135000.0,2,Venta,2011.0,alto
0,3.0,0,4.0,168,0,0,1,29,-16.521931,-68.05169699999999,Achumani,96000.0,1,Venta,,alto
0,2.0,0,3.0,87,0,0,1,45,-16.491913,-68.143623,San Pedro,100000.0,2,Venta,,moderado
0,4.0,0,3.0,180,0,1,1,29,-16.529320000000002,-68.073051,Achumani,185000.0,2,Venta,2013.0,alto
0,3.0,0,3.0,135,0,0,0,37,-16.523094,-68.084579,Irpavi,168000.0,2,Venta,,moderado
0,2.0,1,2.0,99,0,1,1,29,-16.517239,-68.063347,Achumani,125000.0,1,Venta,2017.0,alto
0,2.0,0,3.0,150,0,0,1,178,-16.511495999999998,-68.122063,San Jorge,143.0,2,Venta,,muy bajo
0,6.0,0,4.0,265,0,0,2,29,-16.516157,-68.061752,Achumani,240000.0,1,Venta,,alto
0,4.0,0,3.0,138,138,0,2,32,-16.54298,-68.085014,Calacoto,168000.0,2,Venta,,bajo
0,3.0,0,3.0,176,0,0,2,29,-16.530178,-68.056488,Achumani,118000.0,2,Venta,,alto
0,3.0,0,3.0,153,0,0,1,35,-16.540854,-68.06336999999999,Cota Cota,115000.0,2,Venta,,moderado
0,2.0,0,3.0,0,145,0,1,37,-16.529888,-68.086563,Irpavi,238000.0,2,Venta,,moderado
0,2.0,0,2.0,0,112,0,1,52,-16.544453,-68.07309000000001,Los Pinos,132000.0,2,Venta,,moderado
0,2.0,0,2.0,148,0,0,1,32,-16.537769,-68.07465400000001,Calacoto,130000.0,1,Venta,2015.0,bajo
0,3.0,0,3.0,167,0,0,1,32,-16.541059,-68.090836,Calacoto,220000.0,2,Venta,,bajo
0,4.0,1,3.0,202,0,0,2,32,-16.542553,-68.08728,Calacoto,340000.0,2,Venta,,bajo
0,1.0,0,1.0,26,0,0,0,29,-16.519037,-68.05903599999999,Achumani,28000.0,2,Venta,,alto
0,2.0,0,3.0,62,0,0,0,29,-16.518326000000002,-68.062225,Achumani,57000.0,2,Venta,,alto
0,1.0,0,2.0,46,0,0,0,29,-16.521852,-68.061752,Achumani,42000.0,2,Venta,,alto
0,3.0,0,2.0,84,0,0,1,37,-16.514687,-68.087425,Irpavi,127000.0,2,Venta,,moderado
0,4.0,0,3.0,148,0,0,1,178,-16.511047,-68.124184,San Jorge,158000.0,2,Venta,1999.0,muy bajo
0,2.0,0,3.0,61,0,0,0,29,-16.519806,-68.06282,Achumani,57000.0,2,Venta,,alto
0,1.0,0,1.0,26,0,0,0,29,-16.523443,-68.062729,Achumani,28000.0,2,Venta,,alto
0,5.0,0,4.0,185,0,0,1,35,-16.546758999999998,-68.062218,Cota Cota,180000.0,2,Venta,2015.0,moderado
0,3.0,0,3.0,0,0,0,1,29,-16.530403,-68.06774899999999,Achumani,180000.0,2,Venta,,alto
0,2.0,0,2.0,97,0,0,1,52,-16.544804,-68.07157099999999,Los Pinos,124570.0,1,Venta,2019.0,moderado
0,2.0,0,1.0,52,0,0,0,237,-16.543364999999998,-68.079422,San Miguel,83000.0,1,Venta,2018.0,bajo
0,4.0,0,4.0,210,0,0,1,38,-16.530127,-68.078903,Koani,153000.0,2,Venta,,bajo
0,5.0,0,3.0,210,0,0,2,32,-16.540676,-68.08284,Calacoto,290000.0,2,Venta,2016.0,bajo
0,4.0,0,3.0,216,0,0,3,29,-16.51996,-68.062096,Achumani,160000.0,2,Venta,2015.0,alto
0,2.0,0,2.0,79,0,0,1,32,-16.537232999999997,-68.078926,Calacoto,119500.0,1,Venta,2019.0,bajo
0,3.0,0,3.0,152,0,0,1,29,-16.518520000000002,-68.056259,Achumani,121000.0,1,Venta,2018.0,alto
0,2.0,0,3.0,79,0,0,0,52,-16.544864999999998,-68.074348,Los Pinos,90000.0,2,Venta,1983.0,moderado
0,4.0,0,3.0,151,0,0,1,32,-16.542076,-68.083389,Calacoto,180000.0,2,Venta,,bajo
0,3.0,0,3.0,255,0,0,1,41,-16.493847,-68.123131,Miraflores,58000.0,1,Venta,2019.0,muy bajo
0,4.0,0,3.0,120,0,0,1,52,-16.543186,-68.075172,Los Pinos,135000.0,2,Venta,2000.0,moderado
0,2.0,0,2.0,125,0,0,1,29,-16.524441,-68.06755799999999,Achumani,122000.0,2,Venta,2011.0,alto
0,1.0,0,3.0,0,0,0,1,37,-16.524309,-68.08689100000001,Irpavi,140000.0,2,Venta,,moderado
0,2.0,0,3.0,79,0,0,0,52,-16.54431,-68.075089,Los Pinos,87000.0,2,Venta,,moderado
0,4.0,0,3.0,151,0,0,1,32,-16.542076,-68.083389,Calacoto,180000.0,2,Venta,,bajo
0,1.0,0,1.0,85,0,0,0,40,-16.40016,-67.249825,Llojeta,82000.0,2,Venta,,alto
0,2.0,0,2.0,115,0,0,1,29,-16.521479,-68.062279,Achumani,110000.0,2,Venta,2014.0,alto
0,3.0,0,3.0,99,0,0,1,35,-16.539576999999998,-68.063499,Cota Cota,125000.0,1,Venta,2019.0,moderado
0,3.0,0,2.0,98,0,0,1,29,-16.522123,-68.060677,Achumani,115000.0,2,Venta,2015.0,alto
0,1.0,0,1.0,49,0,0,1,41,-16.487099,-68.12044499999999,Miraflores,58000.0,1,Venta,2019.0,muy bajo
0,1.0,0,1.0,48,0,0,1,32,-16.539127,-68.07547,Calacoto,83000.0,1,Venta,,bajo
0,4.0,0,4.0,264,0,0,1,32,-16.54501,-68.082726,Calacoto,215000.0,2,Venta,2014.0,bajo
0,4.0,0,3.0,150,0,0,1,35,-16.540731,-68.06289699999999,Cota Cota,115000.0,2,Venta,2000.0,moderado
0,4.0,0,4.0,200,0,0,1,237,-16.540335,-68.08017,San Miguel,370000.0,2,Venta,,bajo
0,2.0,0,4.0,138,0,0,0,44,-16.485885999999997,-68.137466,Centro,89000.0,2,Venta,2011.0,bajo
0,2.0,0,3.0,90,0,0,1,47,-16.513626000000002,-68.129875,Sopocachi,85000.0,2,Venta,1989.0,moderado
0,4.0,0,3.0,222,0,0,2,32,-16.539776,-68.084038,Calacoto,330000.0,1,Venta,2017.0,bajo
0,4.0,1,3.0,210,0,0,2,32,-16.546204,-68.068001,Calacoto,298000.0,2,Venta,,bajo
0,3.0,0,2.0,113,0,0,0,237,-16.543163,-68.078232,San Miguel,160000.0,2,Venta,,bajo
0,3.0,0,2.0,113,0,0,0,237,-16.543163,-68.078232,San Miguel,160000.0,2,Venta,,bajo
0,4.0,0,3.0,160,0,0,1,46,-16.542505,-68.100075,Seguencoma,139520.0,2,Venta,,bajo
0,4.0,1,3.0,210,0,0,2,32,-16.546204,-68.068001,Calacoto,298000.0,2,Venta,,bajo
0,1.0,0,2.0,71,0,0,1,32,-16.542185,-68.083954,Calacoto,79800.0,1,Venta,2008.0,bajo
0,3.0,1,3.0,160,0,0,1,29,-16.535313000000002,-68.072075,Achumani,150000.0,2,Venta,,alto
0,3.0,0,3.0,177,0,0,1,237,-16.541742000000003,-68.078636,San Miguel,187000.0,2,Venta,,bajo
0,1.0,0,1.0,49,0,0,0,46,-16.541954,-68.097305,Seguencoma,62000.0,2,Venta,,bajo
0,2.0,0,2.0,80,0,0,1,180,-16.517925,-68.084183,Alto Irpavi,82000.0,1,Venta,,bajo
0,3.0,1,3.0,160,0,0,1,29,-16.535313000000002,-68.072075,Achumani,150000.0,2,Venta,,alto
0,4.0,0,3.0,160,0,0,1,46,-16.537819,-68.0989,Seguencoma,139520.0,2,Venta,,bajo
0,1.0,0,1.0,56,0,0,0,42,-16.524658,-68.110794,Obrajes,73000.0,1,Venta,2017.0,bajo
0,1.0,0,1.0,49,0,0,0,46,-16.541954,-68.097305,Seguencoma,62000.0,2,Venta,,bajo
0,3.0,0,3.0,92,0,0,1,37,-16.528225,-68.086525,Irpavi,99500.0,1,Venta,2018.0,moderado
0,3.0,0,3.0,135,0,0,1,33,-16.544783,-68.054695,Chasquipampa,140000.0,2,Venta,,bajo
0,4.0,0,4.0,200,0,0,1,29,-16.519768,-68.06163000000001,Achumani,150000.0,1,Venta,2010.0,alto
0,3.0,0,3.0,135,0,0,1,33,-16.544783,-68.054695,Chasquipampa,140000.0,2,Venta,,bajo
0,4.0,0,3.0,168,0,0,1,29,-16.518366,-68.062157,Achumani,169000.0,2,Venta,,alto
0,2.0,0,3.0,98,0,0,1,178,-16.511116,-68.12258100000001,San Jorge,120000.0,2,Venta,1985.0,muy bajo
0,6.0,0,4.0,300,0,0,1,32,-16.537025,-68.074265,Calacoto,320000.0,1,Venta,2018.0,bajo
0,1.0,0,1.0,46,0,0,1,35,-16.545795000000002,-68.063148,Cota Cota,75500.0,2,Venta,,moderado
0,4.0,0,3.0,168,0,0,1,29,-16.518366,-68.062157,Achumani,169000.0,2,Venta,,alto
0,5.0,0,4.0,244,0,0,1,49,-16.490589,-68.11563100000001,Villa Copacabana,190000.0,2,Venta,2011.0,muy bajo
0,1.0,0,1.0,31,0,0,0,42,-16.525537,-68.109276,Obrajes,47000.0,2,Venta,2015.0,bajo
0,1.0,0,1.0,46,0,0,1,35,-16.545795000000002,-68.063148,Cota Cota,75500.0,2,Venta,,moderado
0,3.0,0,3.0,158,0,0,1,29,-16.518454000000002,-68.062302,Achumani,11111.0,2,Venta,2011.0,alto
0,4.0,0,3.0,164,0,0,1,52,-16.542007,-68.073097,Los Pinos,185000.0,2,Venta,2017.0,moderado
0,5.0,0,4.0,164,0,0,1,29,-16.535856,-68.07382199999999,Achumani,195000.0,1,Venta,2018.0,alto
0,4.0,0,4.0,177,0,0,1,49,-16.490526000000003,-68.11563100000001,Villa Copacabana,142000.0,2,Venta,2011.0,muy bajo
0,,0,2.0,130,0,0,1,37,-16.518862,-68.086166,Irpavi,106000.0,2,Venta,,moderado
0,1.0,0,2.0,46,0,0,0,29,-16.519247,-68.05841099999999,Achumani,42000.0,2,Venta,,alto
0,1.0,0,2.0,46,0,0,0,29,-16.518358,-68.060753,Achumani,42000.0,2,Venta,,alto
0,3.0,0,2.0,108,0,0,1,41,-16.49761,-68.12113199999999,Miraflores,122000.0,2,Venta,2008.0,muy bajo
0,3.0,0,3.0,100,0,0,0,35,-16.542994,-68.06121800000001,Cota Cota,98100.0,1,Venta,2019.0,moderado
0,2.0,0,2.0,76,0,0,1,47,-16.512878,-68.127251,Sopocachi,72960.0,1,Venta,2019.0,moderado
0,4.0,0,3.0,120,0,0,1,32,-16.543797,-68.084595,Calacoto,168000.0,1,Venta,2018.0,bajo
0,2.0,0,3.0,113,0,0,1,47,-16.513783,-68.128624,Sopocachi,108634.0,1,Venta,2019.0,moderado
0,5.0,0,3.0,178,0,0,1,52,-16.543913,-68.06603199999999,Los Pinos,160000.0,2,Venta,2014.0,moderado
0,2.0,0,3.0,100,0,0,0,42,-16.522053,-68.113708,Obrajes,103000.0,1,Venta,1999.0,bajo
0,1.0,0,1.0,39,0,0,0,52,-16.541265,-68.07527900000001,Los Pinos,57000.0,1,Venta,2018.0,moderado
0,1.0,0,2.0,47,0,0,0,29,-16.521814000000003,-68.05746500000001,Achumani,43000.0,2,Venta,,alto
0,1.0,0,2.0,46,0,0,0,29,-16.518213,-68.061134,Achumani,42000.0,2,Venta,,alto
0,2.0,0,3.0,62,0,0,0,29,-16.522738,-68.06154599999999,Achumani,57000.0,2,Venta,,alto
0,2.0,0,2.0,90,0,0,1,32,-16.543995000000002,-68.084755,Calacoto,120000.0,2,Venta,2013.0,bajo
0,2.0,0,1.0,60,0,0,0,237,-16.544024,-68.079163,San Miguel,83000.0,1,Venta,2019.0,bajo
0,1.0,0,2.0,47,0,0,0,29,-16.518156,-68.06085999999999,Achumani,43000.0,2,Venta,,alto
0,1.0,0,1.0,28,0,0,0,29,-16.51844,-68.057091,Achumani,28000.0,2,Venta,,alto
0,2.0,0,3.0,61,0,0,0,29,-16.523371,-68.057823,Achumani,57000.0,2,Venta,,alto
0,2.0,0,2.0,93,0,0,0,35,-16.545795000000002,-68.063148,Cota Cota,132000.0,2,Venta,,moderado
0,5.0,0,4.0,168,0,0,1,32,-16.537101999999997,-68.074348,Calacoto,212000.0,2,Venta,,bajo
0,5.0,0,4.0,168,0,0,1,32,-16.537101999999997,-68.074348,Calacoto,212000.0,2,Venta,,bajo
0,2.0,0,2.0,93,0,0,0,35,-16.545795000000002,-68.063148,Cota Cota,132000.0,2,Venta,,moderado
0,1.0,0,1.0,28,0,0,0,29,-16.523418,-68.058449,Achumani,28000.0,2,Venta,,alto
0,4.0,0,3.0,140,0,0,1,35,-16.545795000000002,-68.063148,Cota Cota,142000.0,2,Venta,,moderado
0,4.0,0,3.0,140,0,0,1,35,-16.545795000000002,-68.063148,Cota Cota,142000.0,2,Venta,,moderado
0,4.0,1,2.0,266,0,0,2,32,-16.542553,-68.08728,Calacoto,280000.0,2,Venta,,bajo
0,2.0,0,2.0,109,109,0,1,37,-16.529083,-68.088486,Irpavi,128000.0,2,Venta,,moderado
0,4.0,0,4.0,387,0,0,1,35,-16.545795000000002,-68.063148,Cota Cota,314500.0,2,Venta,,moderado
0,4.0,0,4.0,387,0,0,1,35,-16.545795000000002,-68.063148,Cota Cota,314500.0,2,Venta,,moderado
0,2.0,0,2.0,84,0,0,0,52,-16.545271,-68.073235,Los Pinos,75000.0,2,Venta,,moderado
0,3.0,0,3.0,135,0,0,1,180,-16.520224,-68.08382399999999,Alto Irpavi,128000.0,1,Venta,2019.0,bajo
0,4.0,1,2.0,266,0,0,2,32,-16.542553,-68.08728,Calacoto,280000.0,2,Venta,,bajo
0,2.0,0,3.0,100,0,0,0,178,-16.513556,-68.12043800000001,San Jorge,125000.0,1,Venta,2000.0,muy bajo
0,2.0,0,2.0,69,0,0,0,37,-16.529169,-68.086143,Irpavi,78000.0,1,Venta,2019.0,moderado
0,1.0,0,1.0,61,0,0,1,37,-16.525509,-68.086525,Irpavi,79000.0,1,Venta,2019.0,moderado
0,2.0,0,1.0,52,0,0,0,237,-16.542295000000003,-68.07899499999999,San Miguel,82300.0,1,Venta,2019.0,bajo
0,4.0,1,3.0,202,0,0,2,32,-16.542553,-68.08728,Calacoto,340000.0,2,Venta,,bajo
0,3.0,0,3.0,162,0,0,1,29,-16.530468,-68.06854200000001,Achumani,180000.0,2,Venta,,alto
0,5.0,0,4.0,305,0,0,1,32,-16.537268,-68.07429499999999,Calacoto,345000.0,2,Venta,,bajo
0,2.0,0,3.0,99,0,0,1,35,-16.539331,-68.063278,Cota Cota,120000.0,2,Venta,2017.0,moderado
0,5.0,0,4.0,305,0,0,1,32,-16.537268,-68.07429499999999,Calacoto,345000.0,2,Venta,,bajo
0,2.0,0,2.0,77,0,0,1,29,-16.509792,-68.05085,Achumani,82000.0,1,Venta,2018.0,alto
0,3.0,0,3.0,126,0,0,0,32,-16.538591,-68.079124,Calacoto,159779.0,1,Venta,2019.0,bajo
0,3.0,0,3.0,107,0,0,1,29,-16.509752,-68.050903,Achumani,114000.0,1,Venta,2018.0,alto
0,4.0,0,3.0,162,0,0,1,29,-16.529419,-68.06987,Achumani,180000.0,2,Venta,,alto
0,6.0,0,4.0,281,0,0,2,32,-16.53977,-68.073196,Calacoto,285000.0,2,Venta,2014.0,bajo
0,4.0,0,3.0,164,0,0,1,32,-16.540319,-68.072769,Calacoto,185000.0,2,Venta,2017.0,bajo
0,3.0,0,2.0,114,0,0,1,29,-16.525141,-68.066223,Achumani,100000.0,1,Venta,2017.0,alto
0,3.0,0,3.0,107,0,0,1,29,-16.509783,-68.050919,Achumani,114000.0,1,Venta,2018.0,alto
0,3.0,0,3.0,135,0,0,1,37,-16.509342,-68.080864,Irpavi,127500.0,1,Venta,2019.0,moderado
0,1.0,0,2.0,78,0,0,1,35,-16.540567000000003,-68.066422,Cota Cota,95000.0,1,Venta,2016.0,moderado
0,2.0,0,2.0,77,0,0,1,29,-16.509804000000003,-68.050888,Achumani,82000.0,1,Venta,2018.0,alto
0,3.0,0,3.0,100,0,0,0,41,-16.505695000000003,-68.122742,Miraflores,109500.0,2,Venta,1991.0,muy bajo
0,3.0,0,3.0,166,0,0,0,32,-16.542328,-68.08094,Calacoto,145000.0,2,Venta,,bajo
0,4.0,0,3.0,151,0,0,1,29,-16.520393,-68.058174,Achumani,115000.0,2,Venta,,alto
0,4.0,0,4.0,200,0,0,1,38,-16.528202,-68.079391,Koani,160000.0,2,Venta,,bajo
0,2.0,0,2.0,80,0,0,0,180,-16.516413,-68.084686,Alto Irpavi,69000.0,1,Venta,2019.0,bajo
0,4.0,0,3.0,130,0,0,1,29,-16.525278,-68.068962,Achumani,150000.0,2,Venta,,alto
0,5.0,1,4.0,199,0,0,1,37,-16.513287,-68.08744,Irpavi,180000.0,2,Venta,,moderado
0,4.0,0,3.0,151,0,0,1,29,-16.520113000000002,-68.058563,Achumani,115000.0,2,Venta,,alto
0,4.0,0,3.0,130,0,0,1,29,-16.525278,-68.068962,Achumani,150000.0,2,Venta,,alto
0,4.0,0,3.0,155,0,0,1,37,-16.502651,-68.08279399999999,Irpavi,130000.0,2,Venta,,moderado
0,3.0,0,2.0,98,0,0,1,39,-16.549578,-68.089745,La Florida,116000.0,1,Venta,2019.0,moderado
0,2.0,0,3.0,62,0,0,0,29,-16.518944,-68.062637,Achumani,57000.0,2,Venta,,alto
0,1.0,0,1.0,46,0,0,1,52,-16.545379999999998,-68.069511,Los Pinos,75500.0,1,Venta,2019.0,moderado
0,4.0,0,3.0,140,0,0,1,52,-16.542459,-68.076035,Los Pinos,130000.0,2,Venta,2015.0,moderado
0,3.0,0,3.0,140,0,0,1,37,-16.529335,-68.086182,Irpavi,159000.0,1,Venta,2018.0,moderado
0,2.0,0,3.0,62,0,0,0,29,-16.523178,-68.059349,Achumani,57000.0,2,Venta,,alto
0,2.0,0,2.0,90,0,0,1,37,-16.522382999999998,-68.08626600000001,Irpavi,106000.0,1,Venta,2019.0,moderado
0,1.0,0,1.0,45,0,0,0,42,-16.524110999999998,-68.11241899999999,Obrajes,65000.0,1,Venta,2018.0,bajo
0,4.0,0,3.0,186,0,0,1,32,-16.540443,-68.087776,Calacoto,260000.0,1,Venta,,bajo
0,4.0,0,3.0,206,0,0,1,32,-16.54501,-68.085213,Calacoto,210000.0,1,Venta,2014.0,bajo
0,1.0,0,2.0,60,0,0,0,29,-16.521314999999998,-68.06073,Achumani,65000.0,1,Venta,2018.0,alto
0,1.0,0,2.0,46,0,0,0,29,-16.519054,-68.061249,Achumani,42000.0,2,Venta,,alto
0,3.0,0,3.0,80,0,0,1,180,-16.517281,-68.08326,Alto Irpavi,80000.0,1,Venta,,bajo
0,4.0,0,4.0,137,0,0,1,42,-16.525581,-68.109711,Obrajes,178000.0,2,Venta,2016.0,bajo
0,1.0,0,2.0,47,0,0,0,29,-16.523771,-68.059288,Achumani,43000.0,2,Venta,,alto
0,1.0,0,1.0,26,0,0,0,29,-16.521513,-68.061035,Achumani,28000.0,2,Venta,,alto
0,1.0,0,1.0,26,0,0,0,29,-16.522697,-68.061897,Achumani,28000.0,2,Venta,,alto
0,1.0,0,2.0,47,0,0,0,29,-16.518307,-68.058945,Achumani,43000.0,2,Venta,,alto
0,1.0,0,2.0,46,0,0,0,29,-16.522688,-68.057091,Achumani,42000.0,2,Venta,,alto
0,2.0,0,3.0,62,0,0,0,29,-16.521046,-68.061066,Achumani,57000.0,2,Venta,,alto
0,2.0,0,2.0,98,0,0,1,37,-16.521601,-68.08446500000001,Irpavi,100000.0,1,Venta,2018.0,moderado
0,3.0,0,2.0,128,0,0,1,32,-16.540976999999998,-68.090324,Calacoto,160000.0,2,Venta,,bajo
0,1.0,0,2.0,47,0,0,0,29,-16.523433999999998,-68.057487,Achumani,43000.0,2,Venta,,alto
0,1.0,0,2.0,47,0,0,0,29,-16.522465,-68.058273,Achumani,43000.0,2,Venta,,alto
0,2.0,0,3.0,62,0,0,0,29,-16.523654999999998,-68.057793,Achumani,57000.0,2,Venta,,alto
0,2.0,0,1.0,62,102,0,1,37,-16.527054,-68.086632,Irpavi,79000.0,2,Venta,,moderado
0,3.0,0,3.0,162,0,0,1,29,-16.53055,-68.067642,Achumani,180000.0,2,Venta,,alto
0,2.0,0,3.0,79,0,0,0,52,-16.543651999999998,-68.07401999999999,Los Pinos,82000.0,2,Venta,2006.0,moderado
0,3.0,0,2.0,101,0,0,0,47,-16.517899,-68.132599,Sopocachi,100000.0,2,Venta,2012.0,moderado
0,3.0,0,3.0,127,0,0,1,29,-16.522907,-68.064545,Achumani,120536.0,2,Venta,,alto
0,3.0,0,2.0,92,53,0,0,35,-16.537647,-68.06034100000001,Cota Cota,110900.0,2,Venta,,moderado
0,1.0,0,1.0,49,0,0,0,35,-16.544279,-68.060677,Cota Cota,47800.0,1,Venta,,moderado
0,2.0,0,2.0,84,0,0,0,35,-16.537508,-68.060135,Cota Cota,81869.0,2,Venta,,moderado
0,4.0,0,3.0,215,0,0,1,32,-16.539265,-68.084091,Calacoto,255000.0,2,Venta,2011.0,bajo
0,4.0,1,3.0,148,0,0,1,35,-16.54295,-68.063843,Cota Cota,134000.0,2,Venta,,moderado
0,3.0,0,3.0,158,0,0,1,32,-16.539602,-68.082451,Calacoto,220000.0,2,Venta,,bajo
0,4.0,1,3.0,148,0,0,1,35,-16.54295,-68.063843,Cota Cota,134000.0,2,Venta,,moderado
0,4.0,0,3.0,169,0,0,1,39,-16.547356,-68.087814,La Florida,259000.0,2,Venta,2016.0,moderado
0,1.0,0,1.0,0,0,0,1,52,-16.545359,-68.069496,Los Pinos,118000.0,2,Venta,,moderado
0,3.0,0,4.0,176,0,0,1,41,-16.496745999999998,-68.125191,Miraflores,210000.0,1,Venta,2018.0,muy bajo
0,4.0,0,3.0,133,0,0,1,37,-16.527164000000003,-68.086342,Irpavi,145000.0,2,Venta,,moderado
0,1.0,0,1.0,53,0,0,0,41,-16.502613,-68.120125,Miraflores,83000.0,2,Venta,,muy bajo
0,3.0,0,3.0,125,0,0,0,37,-16.509375,-68.086235,Irpavi,124632.0,2,Venta,,moderado
0,3.0,0,3.0,125,0,0,0,37,-16.509375,-68.086235,Irpavi,124632.0,2,Venta,,moderado
0,2.0,0,3.0,94,0,0,1,44,-16.486857999999998,-68.140274,Centro,81840.0,2,Venta,,bajo
0,5.0,1,4.0,272,0,0,2,42,-16.524199,-68.1119,Obrajes,260000.0,2,Venta,,bajo
0,4.0,0,3.0,222,0,0,2,32,-16.539167000000003,-68.083969,Calacoto,350000.0,2,Venta,2017.0,bajo
0,5.0,1,4.0,272,0,0,2,42,-16.524199,-68.1119,Obrajes,260000.0,2,Venta,,bajo
0,3.0,0,3.0,145,0,0,1,29,-16.518557,-68.06231700000001,Achumani,120000.0,1,Venta,2018.0,alto
0,2.0,0,2.0,75,0,0,1,41,-16.501192,-68.121323,Miraflores,103470.0,2,Venta,,muy bajo
0,2.0,0,2.0,81,93,0,1,41,-16.499775,-68.120544,Miraflores,116448.0,2,Venta,,muy bajo
0,2.0,0,2.0,75,0,0,1,41,-16.501829,-68.12359599999999,Miraflores,103470.0,2,Venta,,muy bajo
0,2.0,0,2.0,80,0,0,1,41,-16.500013,-68.12305500000001,Miraflores,110000.0,2,Venta,,muy bajo
0,3.0,0,3.0,157,0,0,1,41,-16.499802,-68.123024,Miraflores,189490.0,2,Venta,,muy bajo
0,2.0,0,2.0,81,93,0,1,41,-16.498596,-68.119331,Miraflores,116448.0,2,Venta,,muy bajo
0,2.0,0,2.0,80,0,0,1,41,-16.501972,-68.119553,Miraflores,110000.0,2,Venta,,muy bajo
0,2.0,0,2.0,113,157,0,1,41,-16.501901999999998,-68.12289399999999,Miraflores,179000.0,2,Venta,,muy bajo
0,3.0,0,3.0,125,0,0,0,37,-16.509293,-68.086334,Irpavi,118750.0,2,Venta,,moderado
0,2.0,0,2.0,113,157,0,1,41,-16.504208,-68.12334399999999,Miraflores,179000.0,2,Venta,,muy bajo
0,3.0,0,3.0,125,0,0,0,37,-16.509293,-68.086334,Irpavi,118750.0,2,Venta,,moderado
0,2.0,0,3.0,94,0,0,1,44,-16.48525,-68.137627,Centro,81840.0,2,Venta,,bajo
0,3.0,0,2.0,88,0,0,1,35,-16.540762,-68.063339,Cota Cota,90000.0,2,Venta,,moderado
0,3.0,0,3.0,157,0,0,1,41,-16.499403,-68.11882800000001,Miraflores,189490.0,2,Venta,,muy bajo
0,3.0,0,3.0,125,0,0,0,37,-16.509293,-68.086334,Irpavi,121250.0,2,Venta,,moderado
0,3.0,0,3.0,145,0,0,0,29,-16.518805,-68.063263,Achumani,120000.0,1,Venta,2018.0,alto
0,2.0,0,2.0,77,0,0,1,44,-16.487161999999998,-68.135727,Centro,70000.0,2,Venta,,bajo
0,3.0,0,4.0,186,0,0,1,44,-16.489079,-68.134674,Centro,135400.0,1,Venta,,bajo
0,4.0,0,3.0,205,0,0,1,29,-16.515759,-68.056442,Achumani,160000.0,1,Venta,2018.0,alto
0,3.0,0,3.0,125,0,0,0,37,-16.509293,-68.086334,Irpavi,121250.0,2,Venta,,moderado
0,4.0,0,3.0,167,0,0,1,42,-16.526332999999997,-68.108215,Obrajes,230000.0,2,Venta,2010.0,bajo
0,3.0,0,4.0,186,0,0,1,44,-16.488708,-68.136398,Centro,135400.0,2,Venta,,bajo
0,4.0,0,3.0,128,0,0,1,33,-16.53965,-68.048218,Chasquipampa,105000.0,1,Venta,,bajo
0,2.0,0,2.0,77,0,0,1,44,-16.483929,-68.135277,Centro,70000.0,2,Venta,,bajo
0,1.0,0,1.0,50,0,0,0,45,-16.506563,-68.135216,San Pedro,80000.0,2,Venta,,moderado
0,4.0,0,3.0,170,0,0,2,29,-16.514278,-68.063393,Achumani,165000.0,2,Venta,2012.0,alto
0,4.0,1,3.0,115,0,0,0,41,-16.499689,-68.11752299999999,Miraflores,114000.0,2,Venta,,muy bajo
0,1.0,0,1.0,60,0,0,0,47,-16.51189,-68.123047,Sopocachi,72000.0,2,Venta,2005.0,moderado
0,1.0,0,1.0,39,0,0,0,52,-16.540134,-68.075462,Los Pinos,61000.0,1,Venta,2018.0,moderado
0,2.0,0,2.0,73,0,0,1,32,-16.543454999999998,-68.087082,Calacoto,95000.0,1,Venta,,bajo
0,3.0,0,3.0,120,0,0,1,32,-16.540565,-68.083519,Calacoto,165000.0,2,Venta,,bajo
0,2.0,0,2.0,78,0,0,0,47,-16.513575,-68.130585,Sopocachi,96000.0,2,Venta,2015.0,moderado
0,2.0,0,2.0,73,0,0,1,32,-16.543303,-68.08916500000001,Calacoto,95000.0,2,Venta,,bajo
0,3.0,0,3.0,140,0,0,0,41,-16.492801999999998,-68.12129200000001,Miraflores,139999.0,2,Venta,,muy bajo
0,4.0,1,3.0,115,0,0,0,41,-16.499689,-68.11752299999999,Miraflores,114000.0,2,Venta,,muy bajo
0,2.0,0,2.0,62,0,0,0,44,-16.497709,-68.132561,Centro,83000.0,2,Venta,,bajo
0,2.0,0,3.0,94,0,0,1,178,-16.50831,-68.125771,San Jorge,120000.0,2,Venta,1990.0,muy bajo
0,3.0,0,3.0,128,0,0,1,42,-16.527403,-68.106323,Obrajes,175000.0,1,Venta,2018.0,bajo
0,5.0,0,4.0,393,0,0,2,32,-16.539467000000002,-68.083969,Calacoto,380000.0,2,Venta,,bajo
0,4.0,0,3.0,141,0,0,1,35,-16.540936,-68.068687,Cota Cota,179128.0,1,Venta,2019.0,moderado
0,3.0,0,3.0,150,0,0,1,41,16.502836,-68.11975100000001,Miraflores,135000.0,2,Venta,,muy bajo
0,3.0,0,3.0,150,0,0,1,41,-16.501808,-68.123482,Miraflores,135000.0,2,Venta,,muy bajo
0,1.0,0,1.0,61,0,0,0,45,-16.505409,-68.13678,San Pedro,60000.0,1,Venta,2018.0,moderado
0,4.0,0,4.0,237,0,0,2,37,-16.527185,-68.084846,Irpavi,195000.0,2,Venta,,moderado
0,4.0,0,3.0,150,0,0,1,32,-16.544491,-68.088539,Calacoto,190000.0,2,Venta,,bajo
0,3.0,0,2.0,87,0,0,1,37,-16.524357000000002,-68.085922,Irpavi,105000.0,1,Venta,2019.0,moderado
0,3.0,0,3.0,90,0,0,1,37,-16.516904999999998,-68.08631899999999,Irpavi,82000.0,2,Venta,,moderado
0,4.0,0,3.0,226,0,0,0,42,-16.524481,-68.11148100000001,Obrajes,210000.0,2,Venta,2002.0,bajo
0,2.0,0,2.0,75,0,0,1,32,-16.542542,-68.086761,Calacoto,103000.0,1,Venta,2018.0,bajo
0,3.0,0,2.0,161,0,0,1,37,-16.523123000000002,-68.08575400000001,Irpavi,115000.0,1,Venta,2019.0,moderado
0,3.0,0,3.0,163,0,0,1,32,-16.540976999999998,-68.085815,Calacoto,210000.0,2,Venta,,bajo
0,3.0,0,2.0,120,0,0,1,29,-16.519842,-68.062569,Achumani,150000.0,2,Venta,2014.0,alto
0,5.0,0,4.0,193,0,0,1,35,-16.541595,-68.06671899999999,Cota Cota,309223.0,1,Venta,2019.0,moderado
0,4.0,0,3.0,130,0,0,1,32,-16.539949,-68.091179,Calacoto,196000.0,1,Venta,2018.0,bajo
0,3.0,0,3.0,150,0,0,1,52,-16.545545999999998,-68.070541,Los Pinos,140000.0,2,Venta,1999.0,moderado
0,3.0,0,2.0,103,0,0,1,55,-16.546967000000002,-68.06485699999999,Auquisamaña,148000.0,1,Venta,,bajo
0,3.0,0,3.0,204,0,0,2,32,-16.535547,-68.087875,Calacoto,336000.0,1,Venta,2018.0,bajo
0,2.0,0,3.0,148,0,1,1,44,-16.487167000000003,-68.13975500000001,Centro,128700.0,2,Venta,,bajo
0,2.0,0,3.0,81,0,0,0,52,-16.543454999999998,-68.073128,Los Pinos,80000.0,2,Venta,,moderado
0,3.0,0,3.0,130,0,0,1,32,-16.529701,-68.072334,Calacoto,197000.0,1,Venta,,bajo
0,4.0,0,3.0,230,0,0,1,37,-16.528923000000002,-68.086525,Irpavi,177000.0,2,Venta,2009.0,moderado
0,4.0,0,4.0,180,0,0,1,32,-16.540855,-68.085297,Calacoto,180000.0,2,Venta,2012.0,bajo
0,2.0,0,1.0,61,0,0,1,52,-16.545998,-68.071701,Los Pinos,82300.0,1,Venta,2019.0,moderado
0,2.0,0,2.0,94,0,0,0,37,-16.509293,-68.086334,Irpavi,84132.0,2,Venta,,moderado
0,1.0,0,2.0,0,76,0,0,51,-16.499689,-68.10811600000001,Villa San Antonio,65000.0,2,Venta,,alto
0,4.0,0,3.0,184,0,0,1,32,-16.540499,-68.087662,Calacoto,250000.0,2,Venta,,bajo
0,4.0,0,3.0,184,0,0,1,32,-16.542782,-68.089058,Calacoto,250000.0,2,Venta,,bajo
0,3.0,0,3.0,100,0,0,1,35,-16.540113,-68.07058,Cota Cota,110000.0,2,Venta,2015.0,moderado
0,4.0,0,3.0,210,0,0,1,237,-16.542939999999998,-68.079697,San Miguel,248000.0,2,Venta,2000.0,bajo
0,3.0,0,3.0,177,0,0,1,37,-16.528019,-68.086143,Irpavi,140000.0,2,Venta,2003.0,moderado
0,5.0,0,4.0,231,0,0,1,47,-16.509741,-68.12690699999999,Sopocachi,257000.0,2,Venta,1995.0,moderado
0,3.0,0,3.0,158,0,0,1,32,-16.539602,-68.082451,Calacoto,220000.0,2,Venta,,bajo
0,5.0,0,4.0,376,0,0,1,47,-16.512283,-68.121994,Sopocachi,390000.0,2,Venta,1999.0,moderado
0,2.0,0,3.0,100,0,0,0,42,-16.52243,-68.113419,Obrajes,103000.0,2,Venta,,bajo
0,2.0,0,3.0,97,0,0,0,44,-16.50252,-68.12982199999999,Centro,100000.0,2,Venta,2008.0,bajo
0,5.0,0,4.0,202,0,0,1,42,-16.526087,-68.106415,Obrajes,260000.0,1,Venta,2018.0,bajo
0,3.0,0,3.0,99,182,0,1,180,-16.516583999999998,-68.084793,Alto Irpavi,109000.0,2,Venta,,bajo
0,3.0,0,3.0,141,0,0,1,35,-16.546059,-68.06144,Cota Cota,180000.0,1,Venta,2018.0,moderado
0,3.0,0,4.0,197,0,0,1,47,-16.515432,-68.125977,Sopocachi,160000.0,2,Venta,2003.0,moderado
0,3.0,0,3.0,116,0,0,1,37,-16.513158999999998,-68.087021,Irpavi,110000.0,2,Venta,2000.0,moderado
0,3.0,0,3.0,92,0,0,1,180,-16.515844,-68.08470200000001,Alto Irpavi,87000.0,2,Venta,,bajo
0,3.0,0,3.0,175,0,0,1,29,-16.518129000000002,-68.05825,Achumani,125000.0,1,Venta,2017.0,alto
0,3.0,0,3.0,120,0,0,1,52,-16.544825,-68.071579,Los Pinos,130000.0,2,Venta,2000.0,moderado
0,4.0,1,3.0,145,145,1,1,37,-16.528276,-68.08624300000001,Irpavi,238000.0,2,Venta,,moderado
0,2.0,0,2.0,108,0,0,1,37,-16.499115,-68.08266400000001,Irpavi,88500.0,2,Venta,2015.0,moderado
0,3.0,0,2.0,112,112,1,1,37,-16.526192,-68.088081,Irpavi,149000.0,2,Venta,,moderado
0,4.0,1,3.0,145,145,1,1,37,-16.528933,-68.086197,Irpavi,238000.0,2,Venta,,moderado
0,5.0,0,3.0,178,0,0,1,52,-16.543045000000003,-68.068954,Los Pinos,160000.0,2,Venta,2013.0,moderado
0,3.0,1,2.0,112,112,0,1,37,-16.525316,-68.085136,Irpavi,146000.0,2,Venta,,moderado
0,1.0,0,1.0,49,0,0,0,35,-16.542015,-68.060837,Cota Cota,47800.0,2,Venta,,moderado
0,1.0,0,1.0,49,0,0,0,35,-16.542625,-68.06566600000001,Cota Cota,47800.0,2,Venta,,moderado
0,3.0,0,3.0,100,0,0,0,35,-16.541601,-68.060333,Cota Cota,98100.0,2,Venta,,moderado
0,3.0,0,3.0,100,0,0,0,35,-16.541367,-68.06178299999999,Cota Cota,98100.0,2,Venta,,moderado
0,4.0,0,3.0,252,0,0,1,178,-16.50915,-68.124222,San Jorge,197000.0,2,Venta,1990.0,muy bajo
0,2.0,0,2.0,84,0,0,0,35,-16.544088000000002,-68.060722,Cota Cota,81869.0,1,Venta,2019.0,moderado
0,3.0,0,2.0,113,0,0,1,178,-16.510141,-68.125084,San Jorge,137000.0,2,Venta,,muy bajo
0,2.0,0,3.0,100,0,0,0,35,-16.544125,-68.060631,Cota Cota,98100.0,1,Venta,,moderado
0,4.0,0,3.0,120,0,0,1,52,-16.545065,-68.070778,Los Pinos,120000.0,1,Venta,2014.0,moderado
0,3.0,0,3.0,125,0,0,0,37,-16.510326,-68.08579300000001,Irpavi,115000.0,1,Venta,,moderado
0,2.0,0,2.0,100,0,0,1,29,-16.521749,-68.062454,Achumani,135000.0,2,Venta,,alto
0,3.0,0,2.0,92,53,0,0,35,-16.542451999999997,-68.060089,Cota Cota,110900.0,2,Venta,,moderado
0,2.0,0,3.0,97,0,0,1,178,-16.513422,-68.121712,San Jorge,117000.0,2,Venta,,muy bajo
0,2.0,0,3.0,99,0,0,1,44,-16.484322,-68.138199,Centro,128000.0,2,Venta,,bajo
0,2.0,0,3.0,99,0,0,1,44,-16.485216,-68.138275,Centro,128000.0,2,Venta,,bajo
0,4.0,0,4.0,205,0,0,2,32,-16.545166000000002,-68.083015,Calacoto,220000.0,2,Venta,2012.0,bajo
0,1.0,0,1.0,48,0,0,0,29,-16.531084,-68.07337199999999,Achumani,65000.0,1,Venta,2018.0,alto
0,3.0,0,4.0,157,0,0,1,35,-16.54215,-68.05465699999999,Cota Cota,110000.0,2,Venta,2013.0,moderado
0,2.0,0,2.0,75,0,0,1,37,-16.519121,-68.088562,Irpavi,130000.0,1,Venta,2018.0,moderado
0,4.0,0,3.0,188,0,0,2,32,-16.538622,-68.077766,Calacoto,270000.0,1,Venta,2017.0,bajo
0,2.0,0,2.0,90,0,0,1,32,-16.544970000000003,-68.08710500000001,Calacoto,120000.0,2,Venta,2015.0,bajo
0,3.0,0,3.0,160,0,0,1,29,-16.534952,-68.076263,Achumani,135000.0,2,Venta,2005.0,alto
0,4.0,0,3.0,152,0,0,1,46,-16.540905,-68.095963,Seguencoma,162000.0,1,Venta,,bajo
0,3.0,0,2.0,100,0,0,1,237,-16.542995,-68.07972,San Miguel,140000.0,2,Venta,2010.0,bajo
0,3.0,0,4.0,202,0,0,1,35,-16.546614,-68.060837,Cota Cota,75000.0,1,Venta,2018.0,moderado
0,2.0,0,2.0,100,0,0,1,29,-16.522261,-68.066612,Achumani,122000.0,2,Venta,2013.0,alto
0,4.0,0,3.0,120,0,0,1,52,-16.544598,-68.070068,Los Pinos,135000.0,2,Venta,2017.0,moderado
0,4.0,0,3.0,468,0,0,3,32,-16.543127,-68.085243,Calacoto,540000.0,2,Venta,2010.0,bajo
0,3.0,1,3.0,210,210,1,1,32,-16.540865,-68.089348,Calacoto,242000.0,2,Venta,,bajo
0,4.0,0,3.0,155,0,0,1,42,-16.524829999999998,-68.111885,Obrajes,175000.0,1,Venta,2019.0,bajo
0,4.0,0,3.0,157,0,0,1,37,-16.514372,-68.08638,Irpavi,139000.0,2,Venta,,moderado
0,2.0,0,2.0,114,0,0,1,42,-16.524811,-68.110229,Obrajes,149000.0,1,Venta,2018.0,bajo
0,3.0,0,3.0,160,0,0,2,52,-16.544501999999998,-68.06929000000001,Los Pinos,160000.0,1,Venta,2019.0,moderado
0,4.0,0,3.0,150,0,0,1,42,-16.526909,-68.109245,Obrajes,205500.0,2,Venta,,bajo
0,4.0,0,3.0,288,0,0,2,29,-16.519751,-68.06201899999999,Achumani,280000.0,1,Venta,2018.0,alto
0,3.0,0,2.0,92,0,0,1,35,-16.543819,-68.066299,Cota Cota,110000.0,2,Venta,,moderado
0,,0,3.0,85,0,0,1,29,-16.527704,-68.053444,Achumani,90000.0,2,Venta,,alto
0,2.0,0,2.0,100,0,0,1,39,-16.550266,-68.087006,La Florida,118000.0,1,Venta,2018.0,moderado
0,3.0,0,3.0,157,0,0,1,37,-16.522396,-68.087639,Irpavi,155000.0,2,Venta,,moderado
0,5.0,0,3.0,150,0,0,1,52,-16.541523,-68.074394,Los Pinos,185000.0,2,Venta,2017.0,moderado
0,3.0,0,3.0,137,0,0,1,31,-16.519566,-68.089897,Bolognia,85900.0,1,Venta,2018.0,bajo
0,2.0,0,3.0,100,0,1,1,35,-16.538470999999998,-68.065628,Cota Cota,122000.0,2,Venta,,moderado
0,4.0,0,2.0,165,0,0,1,37,-16.519663,-68.08766899999999,Irpavi,136000.0,2,Venta,,moderado
0,4.0,0,3.0,147,0,0,1,29,-16.518978,-68.058121,Achumani,142000.0,1,Venta,,alto
0,4.0,0,3.0,178,0,0,1,42,-16.526281,-68.108223,Obrajes,180000.0,2,Venta,2004.0,bajo
0,4.0,0,3.0,230,0,0,1,47,-16.512745000000002,-68.124977,Sopocachi,240000.0,2,Venta,2000.0,moderado
0,4.0,1,3.0,185,0,0,1,55,-16.546404000000003,-68.06397199999999,Auquisamaña,185000.0,2,Venta,,bajo
0,4.0,0,3.0,215,0,0,1,32,-16.539414999999998,-68.086288,Calacoto,248000.0,2,Venta,,bajo
0,3.0,1,3.0,138,138,1,1,35,-16.538609,-68.059937,Cota Cota,140000.0,2,Venta,,moderado
0,3.0,0,3.0,166,0,0,0,32,-16.540526999999997,-68.084808,Calacoto,145000.0,2,Venta,,bajo
0,4.0,0,3.0,0,125,0,1,29,-16.52392,-68.05413100000001,Achumani,100000.0,2,Venta,,alto
0,4.0,0,3.0,0,154,0,2,37,-16.529066,-68.085014,Irpavi,160000.0,2,Venta,,moderado
0,4.0,0,3.0,120,0,0,1,35,-16.54179,-68.060577,Cota Cota,120000.0,2,Venta,2016.0,moderado
0,4.0,0,3.0,0,154,0,2,37,-16.529066,-68.085014,Irpavi,160000.0,2,Venta,,moderado
0,5.0,1,3.0,0,129,0,1,29,-16.524820000000002,-68.069801,Achumani,133000.0,2,Venta,,alto
0,5.0,1,3.0,0,139,0,1,29,-16.524820000000002,-68.069801,Achumani,134000.0,2,Venta,,alto
0,5.0,1,3.0,0,129,0,1,29,-16.524820000000002,-68.069801,Achumani,142000.0,2,Venta,,alto
0,5.0,1,3.0,0,129,0,1,29,-16.524820000000002,-68.069801,Achumani,135000.0,2,Venta,,alto
0,5.0,1,3.0,139,139,0,1,29,-16.524820000000002,-68.069801,Achumani,125000.0,2,Venta,,alto
0,5.0,1,3.0,0,129,0,1,29,-16.524820000000002,-68.069801,Achumani,135000.0,2,Venta,,alto
0,5.0,1,3.0,0,129,0,1,29,-16.524820000000002,-68.069801,Achumani,137000.0,2,Venta,,alto
0,5.0,1,3.0,0,139,0,1,29,-16.525797,-68.064583,Achumani,145000.0,2,Venta,,alto
0,5.0,1,3.0,0,139,0,1,29,-16.524466,-68.069466,Achumani,145000.0,2,Venta,,alto
0,5.0,1,3.0,0,139,0,1,29,-16.524466,-68.069466,Achumani,128000.0,2,Venta,,alto
0,5.0,1,3.0,0,129,0,1,29,-16.524466,-68.069466,Achumani,139000.0,2,Venta,,alto
0,5.0,1,3.0,0,129,0,1,29,-16.524820000000002,-68.069801,Achumani,133000.0,2,Venta,,alto
0,5.0,1,3.0,0,139000,0,1,29,-16.524820000000002,-68.069801,Achumani,143000.0,2,Venta,,alto
0,5.0,1,3.0,0,139,0,1,29,-16.524820000000002,-68.069801,Achumani,134000.0,2,Venta,,alto
0,5.0,1,3.0,139,139,0,1,29,-16.524820000000002,-68.069801,Achumani,125000.0,2,Venta,,alto
0,5.0,1,3.0,0,129,0,1,29,-16.524820000000002,-68.069801,Achumani,137000.0,2,Venta,,alto
0,5.0,1,3.0,0,139,0,1,29,-16.524820000000002,-68.069801,Achumani,147000.0,2,Venta,,alto
0,5.0,1,3.0,0,129,0,1,29,-16.524820000000002,-68.069801,Achumani,142000.0,2,Venta,,alto
0,5.0,1,3.0,0,139,0,1,29,-16.525797,-68.064583,Achumani,145000.0,2,Venta,,alto
0,2.0,0,2.0,0,110,0,1,52,-16.544453,-68.07309000000001,Los Pinos,110000.0,2,Venta,,moderado
0,2.0,0,2.0,0,110,0,1,52,-16.544453,-68.07309000000001,Los Pinos,110000.0,2,Venta,,moderado
0,3.0,0,3.0,160,0,0,1,33,-16.5422,-68.05294,Chasquipampa,109000.0,2,Venta,2003.0,bajo
0,4.0,0,3.0,0,132,0,1,37,-16.529684,-68.087158,Irpavi,129000.0,2,Venta,,moderado
0,2.0,0,2.0,110,0,0,1,52,-16.544885999999998,-68.07173900000001,Los Pinos,110000.0,1,Venta,2014.0,moderado
0,4.0,0,3.0,150,0,0,1,37,-16.514509,-68.087845,Irpavi,133000.0,2,Venta,,moderado
0,3.0,0,3.0,118,0,0,1,37,-16.538263,-68.083023,Irpavi,143000.0,2,Venta,,moderado
0,5.0,0,4.0,258,0,0,1,47,-16.510614,-68.124115,Sopocachi,185000.0,2,Venta,2000.0,moderado
0,4.0,1,3.0,160,160,1,1,29,-16.52297,-68.057022,Achumani,145000.0,2,Venta,,alto
0,4.0,0,3.0,0,125,0,1,37,-16.528151,-68.08381700000001,Irpavi,140000.0,2,Venta,,moderado
0,4.0,0,3.0,160,0,0,3,29,-16.521561,-68.057426,Achumani,145000.0,2,Venta,,alto
0,1.0,0,3.0,150,0,0,1,35,-16.54155,-68.06094399999999,Cota Cota,130000.0,2,Venta,,moderado
0,3.0,0,3.0,140,140,0,0,46,-16.54505,-68.09603100000001,Seguencoma,148000.0,2,Venta,1996.0,bajo
0,4.0,0,4.0,230,0,0,2,29,-16.513948000000003,-68.054726,Achumani,197000.0,1,Venta,2013.0,alto
0,4.0,0,4.0,255,0,0,1,35,-16.540762,-68.068924,Cota Cota,226000.0,2,Venta,2002.0,moderado
0,2.0,0,3.0,300,300,0,1,47,-16.51395,-68.12915799999999,Sopocachi,390000.0,2,Venta,,moderado
0,2.0,0,3.0,300,0,0,1,178,-16.510244,-68.124504,San Jorge,420000.0,2,Venta,,muy bajo
0,3.0,0,4.0,160,0,0,1,42,-16.526457,-68.108299,Obrajes,135000.0,2,Venta,,bajo
0,5.0,0,4.0,200,0,0,1,32,-16.54141,-68.08828000000001,Calacoto,220000.0,2,Venta,,bajo
0,3.0,0,3.0,144,0,0,1,29,-16.529861,-68.07058,Achumani,139000.0,2,Venta,2005.0,alto
0,2.0,0,2.0,90,0,0,0,35,-16.540607,-68.057144,Cota Cota,90000.0,1,Venta,2018.0,moderado
0,1.0,0,1.0,36,0,0,0,237,-16.544106,-68.078476,San Miguel,51000.0,1,Venta,,bajo
0,4.0,1,3.0,150,0,0,1,52,-16.544453,-68.07309000000001,Los Pinos,135000.0,2,Venta,,moderado
0,3.0,0,3.0,190,0,0,1,32,-16.539908999999998,-68.084785,Calacoto,260000.0,2,Venta,,bajo
0,4.0,1,3.0,150,0,0,1,52,-16.544453,-68.07309000000001,Los Pinos,135000.0,2,Venta,,moderado
0,3.0,0,3.0,139,0,0,0,29,-16.526951,-68.06356,Achumani,125000.0,1,Venta,2018.0,alto
0,2.0,0,3.0,115,0,0,1,35,-16.540464,-68.068214,Cota Cota,102000.0,2,Venta,2014.0,moderado
0,4.0,0,3.0,155,0,0,1,29,-16.524820000000002,-68.069801,Achumani,134000.0,2,Venta,,alto
0,4.0,0,3.0,134,0,0,1,29,-16.517056,-68.061386,Achumani,145000.0,2,Venta,2016.0,alto
0,3.0,0,5.0,172,0,0,1,52,-16.540771,-68.072975,Los Pinos,140000.0,2,Venta,,moderado
0,3.0,0,3.0,197,0,0,3,32,-16.539661,-68.079468,Calacoto,210000.0,2,Venta,,bajo
0,3.0,0,3.0,166,0,0,0,32,-16.540075,-68.084633,Calacoto,145000.0,2,Venta,,bajo
0,1.0,0,1.0,78,0,0,0,52,-16.540932,-68.074554,Los Pinos,89000.0,2,Venta,,moderado
0,4.0,0,4.0,150,0,0,2,47,-16.514029999999998,-68.130859,Sopocachi,150000.0,1,Venta,2001.0,moderado
0,1.0,0,1.0,78,0,0,0,52,-16.540932,-68.074554,Los Pinos,89000.0,2,Venta,,moderado
0,,0,,0,0,0,0,29,-16.529682,-68.07311999999999,Achumani,109000.0,2,Venta,,alto
0,2.0,0,2.0,85,0,0,0,178,-16.521307,-68.123909,San Jorge,63400.0,1,Venta,2013.0,muy bajo
0,2.0,0,2.0,114,0,0,1,42,-16.525292999999998,-68.10951999999999,Obrajes,150000.0,1,Venta,2017.0,bajo
0,4.0,0,3.0,154,0,0,1,42,-16.524199,-68.111603,Obrajes,210000.0,2,Venta,,bajo
0,4.0,0,3.0,147,0,0,1,29,-16.522043,-68.05879200000001,Achumani,142000.0,2,Venta,,alto
0,3.0,0,3.0,155,0,0,1,42,-16.525314,-68.10951999999999,Obrajes,185000.0,1,Venta,2017.0,bajo
0,3.0,0,3.0,182,0,0,1,29,-16.527815,-68.069443,Achumani,220000.0,1,Venta,,alto
0,3.0,0,3.0,150,0,0,1,52,-16.545113,-68.07171600000001,Los Pinos,143000.0,2,Venta,,moderado
0,2.0,0,2.0,148,148,0,1,35,-16.540229999999998,-68.069641,Cota Cota,129000.0,2,Venta,,moderado
0,4.0,0,2.0,94,0,0,1,37,-16.510117,-68.085953,Irpavi,84132.0,1,Venta,2019.0,moderado
0,3.0,0,3.0,92,0,0,1,180,-16.516342,-68.084694,Alto Irpavi,84000.0,1,Venta,2018.0,bajo
0,4.0,0,3.0,126,0,0,1,241,-16.539673,-68.09356700000001,Bella Vista,122000.0,2,Venta,,moderado
0,4.0,0,3.0,126,0,0,1,241,-16.539673,-68.09356700000001,Bella Vista,122000.0,2,Venta,,moderado
0,3.0,0,3.0,196,0,0,1,52,-16.539167000000003,-68.077873,Los Pinos,215000.0,2,Venta,2013.0,moderado
0,3.0,1,3.0,120,0,0,1,29,-16.528446,-68.049759,Achumani,116000.0,2,Venta,,alto
0,2.0,0,3.0,114,0,0,1,37,-16.509991,-68.086075,Irpavi,105000.0,2,Venta,2015.0,moderado
0,2.0,1,2.0,95,0,0,1,29,-16.528446,-68.049759,Achumani,95000.0,2,Venta,,alto
0,4.0,0,4.0,150,0,0,0,47,-16.513454,-68.130424,Sopocachi,150000.0,2,Venta,,moderado
0,3.0,1,3.0,120,0,0,1,29,-16.528446,-68.049759,Achumani,116000.0,2,Venta,,alto
0,3.0,0,1.0,111,0,0,1,178,-16.512094,-68.121262,San Jorge,95000.0,2,Venta,2000.0,muy bajo
0,4.0,0,3.0,102,0,0,1,32,-16.539579,-68.086075,Calacoto,160000.0,1,Venta,2018.0,bajo
0,3.0,0,2.0,115,0,0,1,42,-16.525234,-68.11093100000001,Obrajes,159000.0,2,Venta,2014.0,bajo
0,3.0,0,3.0,160,0,0,1,29,-16.520981,-68.063896,Achumani,176000.0,2,Venta,,alto
0,5.0,0,3.0,0,0,0,1,29,-16.523657,-68.05566400000001,Achumani,284800.0,2,Venta,,alto
0,3.0,0,3.0,155,0,0,1,42,-16.525208,-68.110382,Obrajes,209000.0,2,Venta,,bajo
0,4.0,0,2.0,197,0,0,1,32,-16.538662,-68.077721,Calacoto,225000.0,2,Venta,,bajo
0,3.0,0,3.0,160,0,0,1,29,-16.520981,-68.063896,Achumani,176000.0,2,Venta,,alto
0,4.0,0,3.0,236,0,0,1,32,-16.540485,-68.084953,Calacoto,270000.0,2,Venta,2010.0,bajo
0,4.0,0,2.0,165,0,0,1,37,-16.519663,-68.08766899999999,Irpavi,136000.0,2,Venta,,moderado
0,5.0,0,3.0,0,0,0,1,29,-16.523657,-68.05566400000001,Achumani,284800.0,2,Venta,,alto
0,4.0,0,4.0,167,0,0,1,29,-16.524649,-68.054298,Achumani,132000.0,2,Venta,,alto
0,2.0,1,3.0,135,135,1,0,30,-16.517897,-68.106422,Alto Obrajes,148000.0,2,Venta,,moderado
0,3.0,0,3.0,114,0,0,1,35,-16.540392,-68.06626899999999,Cota Cota,114000.0,2,Venta,2013.0,moderado
0,3.0,1,3.0,200,200,1,1,39,-16.549631,-68.087227,La Florida,285000.0,2,Venta,,moderado
0,4.0,0,4.0,167,0,0,1,29,-16.524649,-68.054298,Achumani,128000.0,2,Venta,,alto
0,3.0,1,2.0,147,0,0,1,29,-16.517349,-68.060921,Achumani,159000.0,2,Venta,,alto
0,3.0,1,3.0,150,0,0,1,29,-16.508562,-68.050499,Achumani,110000.0,2,Venta,,alto
0,3.0,1,2.0,147,0,0,1,29,-16.517349,-68.060921,Achumani,159000.0,2,Venta,,alto
0,3.0,1,3.0,150,0,0,1,29,-16.508562,-68.050499,Achumani,110000.0,2,Venta,,alto
0,3.0,1,3.0,170,0,0,1,32,-16.537903,-68.078445,Calacoto,215000.0,2,Venta,,bajo
0,2.0,0,2.0,69,0,0,1,37,-16.502031,-68.082245,Irpavi,78000.0,2,Venta,,moderado
0,4.0,0,3.0,182,0,0,1,29,-16.527782000000002,-68.070076,Achumani,220000.0,1,Venta,2016.0,alto
0,5.0,0,3.0,300,0,0,3,32,-16.540401,-68.084785,Calacoto,570000.0,1,Venta,,bajo
0,3.0,1,3.0,170,0,0,1,32,-16.537903,-68.078445,Calacoto,215000.0,2,Venta,,bajo
0,5.0,0,3.0,155,0,0,1,29,-16.523782999999998,-68.067406,Achumani,165000.0,2,Venta,2016.0,alto
0,4.0,0,3.0,190,0,0,1,47,-16.508272,-68.129768,Sopocachi,175000.0,2,Venta,1993.0,moderado
0,4.0,1,3.0,175,0,0,1,32,-16.540215,-68.087311,Calacoto,240000.0,2,Venta,2010.0,bajo
0,3.0,0,2.0,229,0,0,1,242,-16.547577,-68.052811,El Pedregal,152000.0,2,Venta,,alto
0,3.0,0,3.0,120,0,0,1,37,-16.529260999999998,-68.08612099999999,Irpavi,152000.0,2,Venta,,moderado
0,2.0,1,1.0,143,0,0,1,55,-16.549543,-68.074547,Auquisamaña,207000.0,2,Venta,,bajo
0,2.0,0,2.0,83,0,0,1,37,-16.516581,-68.086258,Irpavi,97800.0,2,Venta,,moderado
0,2.0,0,2.0,60,0,0,1,37,-16.501726,-68.08266400000001,Irpavi,67000.0,1,Venta,2018.0,moderado
0,4.0,0,3.0,144,0,0,1,29,-16.529671,-68.070366,Achumani,168000.0,2,Venta,,alto
0,3.0,0,3.0,103,0,0,1,35,-16.541923999999998,-68.062424,Cota Cota,98000.0,2,Venta,2005.0,moderado
0,3.0,0,3.0,137,0,0,0,37,-16.530279,-68.085136,Irpavi,165000.0,2,Venta,,moderado
0,2.0,1,1.0,143,0,0,1,55,-16.549543,-68.074547,Auquisamaña,207000.0,2,Venta,,bajo
0,3.0,0,3.0,151,0,0,1,29,-16.518639,-68.055412,Achumani,115000.0,1,Venta,2018.0,alto
0,2.0,0,1.0,62,0,0,0,32,-16.539742999999998,-68.073975,Calacoto,65000.0,2,Venta,,bajo
0,3.0,1,3.0,132,0,1,1,29,-16.518526,-68.05793,Achumani,147000.0,2,Venta,,alto
0,3.0,0,3.0,170,0,0,1,32,-16.539579,-68.08195500000001,Calacoto,215000.0,1,Venta,2018.0,bajo
0,2.0,0,1.0,46,0,0,0,32,-16.539825,-68.078949,Calacoto,60000.0,2,Venta,,bajo
0,4.0,0,3.0,145,0,0,1,29,-16.520726999999997,-68.057114,Achumani,142000.0,2,Venta,,alto
0,3.0,0,3.0,137,0,0,0,37,-16.530279,-68.085136,Irpavi,165000.0,2,Venta,,moderado
0,5.0,0,4.0,393,0,0,1,32,-16.540073,-68.086159,Calacoto,394500.0,2,Venta,,bajo
0,4.0,0,3.0,150,0,0,2,29,-16.528629000000002,-68.07132,Achumani,145000.0,2,Venta,,alto
0,4.0,0,3.0,145,0,0,1,29,-16.521816,-68.06150799999999,Achumani,142000.0,2,Venta,,alto
0,4.0,0,3.0,180,0,0,1,29,-16.52944,-68.068436,Achumani,220000.0,2,Venta,,alto
0,2.0,0,2.0,80,0,0,1,35,-16.542959,-68.057343,Cota Cota,93000.0,2,Venta,,moderado
0,5.0,0,3.0,228,0,0,1,32,-16.540073,-68.080833,Calacoto,295000.0,1,Venta,,bajo
0,3.0,0,3.0,155,0,0,1,42,-16.525291,-68.10955,Obrajes,185000.0,1,Venta,2018.0,bajo
0,4.0,0,3.0,180,0,0,1,29,-16.52944,-68.068436,Achumani,220000.0,2,Venta,,alto
0,2.0,0,2.0,85,0,0,1,35,-16.542961,-68.057343,Cota Cota,103000.0,2,Venta,,moderado
0,3.0,0,3.0,118,0,0,1,37,-16.508207000000002,-68.084099,Irpavi,125000.0,2,Venta,,moderado
0,2.0,0,2.0,85,0,0,1,35,-16.542961,-68.057343,Cota Cota,103000.0,2,Venta,,moderado
0,2.0,0,2.0,80,0,0,1,35,-16.542959,-68.057343,Cota Cota,93000.0,2,Venta,,moderado
0,3.0,0,3.0,211,0,0,1,32,-16.539414999999998,-68.081345,Calacoto,210000.0,2,Venta,,bajo
0,4.0,0,3.0,220,0,0,1,39,-16.546944,-68.08644100000001,La Florida,240000.0,1,Venta,2018.0,moderado
0,4.0,1,4.0,167,167,1,1,32,-16.542198000000003,-68.089249,Calacoto,195000.0,2,Venta,,bajo
0,4.0,0,3.0,220,0,0,1,237,-16.54501,-68.081223,San Miguel,230000.0,2,Venta,2012.0,bajo
0,3.0,0,3.0,211,0,0,1,32,-16.539414999999998,-68.081345,Calacoto,210000.0,2,Venta,,bajo
0,3.0,0,2.0,107,0,0,1,29,-16.517269,-68.061089,Achumani,114000.0,2,Venta,,alto
0,2.0,0,3.0,80,0,0,0,52,-16.541265,-68.07423399999999,Los Pinos,80000.0,2,Venta,,moderado
0,4.0,0,3.0,210,0,0,1,38,-16.529917,-68.07869000000001,Koani,165000.0,2,Venta,,bajo
0,3.0,0,3.0,200,0,0,1,29,-16.517692999999998,-68.061523,Achumani,182000.0,1,Venta,2018.0,alto
0,4.0,0,3.0,210,0,0,1,38,-16.529917,-68.07869000000001,Koani,165000.0,2,Venta,,bajo
0,3.0,0,2.0,169,0,0,1,242,-16.546368,-68.058418,El Pedregal,150000.0,1,Venta,2017.0,alto
0,1.0,0,1.0,61,0,0,1,52,-16.546198,-68.070419,Los Pinos,82000.0,1,Venta,,moderado
0,3.0,0,3.0,114,0,0,1,55,-16.546057,-68.068138,Auquisamaña,109500.0,1,Venta,2018.0,bajo
0,2.0,0,3.0,97,0,0,0,44,-16.48679,-68.136261,Centro,99000.0,1,Venta,2019.0,bajo
0,5.0,0,3.0,220,0,0,1,32,-16.541801,-68.085732,Calacoto,255000.0,2,Venta,,bajo
0,2.0,0,2.0,0,0,0,1,35,-16.540910999999998,-68.05596899999999,Cota Cota,105000.0,2,Venta,,moderado
0,4.0,0,4.0,165,0,0,1,29,-16.519627,-68.06381999999999,Achumani,163000.0,2,Venta,2012.0,alto
0,5.0,0,3.0,152,0,0,2,29,-16.517899,-68.056999,Achumani,160000.0,2,Venta,,alto
0,2.0,0,2.0,91,0,0,1,32,-16.543009,-68.072639,Calacoto,130000.0,2,Venta,,bajo
0,2.0,0,3.0,125,0,0,0,45,-16.510099,-68.136818,San Pedro,125000.0,2,Venta,2008.0,moderado
0,2.0,0,2.0,90,0,0,1,35,-16.5439,-68.06259200000001,Cota Cota,118000.0,2,Venta,,moderado
0,4.0,0,3.0,156,0,0,1,29,-16.515924,-68.061104,Achumani,118000.0,2,Venta,,alto
0,2.0,0,2.0,90,0,0,1,237,-16.54353,-68.079338,San Miguel,130000.0,1,Venta,2017.0,bajo
0,4.0,0,3.0,133,0,0,1,37,-16.527239,-68.086327,Irpavi,145000.0,2,Venta,,moderado
0,5.0,1,3.0,0,139000,0,1,29,-16.524820000000002,-68.069801,Achumani,143000.0,2,Venta,,alto
0,2.0,0,1.0,76,0,0,0,29,-16.522876999999998,-68.06746700000001,Achumani,83000.0,1,Venta,,alto
0,3.0,0,3.0,180,0,0,0,178,-16.503511,-68.130486,San Jorge,260000.0,2,Venta,,muy bajo
0,3.0,0,2.0,75,0,0,1,29,-16.512056,-68.056786,Achumani,67000.0,1,Venta,2017.0,alto
0,3.0,0,3.0,164,0,0,2,37,-16.519924,-68.087959,Irpavi,172000.0,2,Venta,,moderado
0,3.0,0,3.0,164,0,0,2,37,-16.519924,-68.087959,Irpavi,172000.0,2,Venta,,moderado
0,1.0,0,1.0,58,0,0,0,32,-16.54298,-68.085014,Calacoto,87455.0,2,Venta,,bajo
0,3.0,0,3.0,128,0,0,0,32,-16.54298,-68.085014,Calacoto,182360.0,2,Venta,,bajo
0,4.0,1,4.0,232,0,0,0,32,-16.54298,-68.085014,Calacoto,336350.0,2,Venta,,bajo
0,3.0,0,3.0,135,0,0,1,29,-16.511341,-68.050804,Achumani,132000.0,2,Venta,,alto
0,6.0,0,4.0,338,0,0,2,32,-16.53743,-68.07339499999999,Calacoto,350000.0,2,Venta,,bajo
0,3.0,1,3.0,183,0,0,2,35,-16.540758,-68.063416,Cota Cota,159000.0,2,Venta,,moderado
0,2.0,0,2.0,99,0,0,0,32,-16.539984,-68.08651,Calacoto,140650.0,2,Venta,,bajo
0,3.0,0,3.0,128,0,0,0,32,-16.54298,-68.085014,Calacoto,182360.0,2,Venta,,bajo
0,3.0,0,3.0,176,0,0,2,29,-16.530178,-68.056488,Achumani,118000.0,2,Venta,,alto
0,5.0,0,4.0,270,0,0,2,41,-16.489689000000002,-68.119293,Miraflores,197000.0,2,Venta,,muy bajo
0,3.0,0,3.0,135,0,0,1,29,-16.511341,-68.050804,Achumani,132000.0,2,Venta,,alto
0,5.0,0,4.0,270,0,0,2,41,-16.489689000000002,-68.119293,Miraflores,197000.0,2,Venta,,muy bajo
0,3.0,1,3.0,150,0,1,1,29,-16.522648,-68.05365,Achumani,125000.0,1,Venta,2017.0,alto
0,2.0,1,2.0,91,0,1,1,52,-16.543787,-68.066109,Los Pinos,97000.0,2,Venta,,moderado
0,4.0,1,3.0,160,0,0,1,55,-16.546633,-68.077934,Auquisamaña,168000.0,2,Venta,,bajo
0,3.0,1,3.0,160,0,1,0,41,-16.490191,-68.124565,Miraflores,140000.0,1,Venta,,muy bajo
0,1.0,0,1.0,50,0,1,0,37,-16.518145,-68.085876,Irpavi,54000.0,1,Venta,2017.0,moderado
0,3.0,0,3.0,190,0,0,0,50,-16.480074,-68.121086,Villa Fatima,150000.0,1,Venta,,bajo
0,4.0,0,3.0,238,0,0,1,37,-16.536278,-68.091301,Irpavi,238000.0,2,Venta,,moderado
0,3.0,0,3.0,228,0,0,0,55,-16.545807,-68.067513,Auquisamaña,289000.0,2,Venta,,bajo
0,3.0,0,3.0,187,0,0,0,55,-16.545807,-68.067513,Auquisamaña,224000.0,2,Venta,,bajo
0,3.0,0,8.0,229,0,0,0,47,-16.510761,-68.127495,Sopocachi,440000.0,1,Venta,,moderado
0,4.0,0,3.0,238,0,0,1,37,-16.536278,-68.091301,Irpavi,238000.0,2,Venta,,moderado
0,3.0,0,3.0,120,0,0,1,35,-16.542141,-68.063683,Cota Cota,118000.0,2,Venta,2005.0,moderado
0,3.0,0,3.0,166,0,0,0,55,-16.545807,-68.067513,Auquisamaña,184000.0,2,Venta,,bajo
0,3.0,0,3.0,228,0,0,0,55,-16.545807,-68.067513,Auquisamaña,289000.0,2,Venta,,bajo
0,3.0,0,3.0,189,0,0,1,47,-16.508910999999998,-68.129295,Sopocachi,195000.0,2,Venta,,moderado
0,3.0,0,3.0,189,0,0,1,47,-16.508910999999998,-68.129295,Sopocachi,195000.0,2,Venta,,moderado
0,3.0,1,4.0,168,0,0,1,29,-16.524573999999998,-68.05584,Achumani,125000.0,2,Venta,,alto
0,3.0,0,3.0,144,0,1,2,37,-16.528448,-68.083511,Irpavi,125000.0,2,Venta,2008.0,moderado
0,3.0,0,3.0,136,0,1,2,37,-16.524182999999997,-68.08426700000001,Irpavi,130000.0,2,Venta,,moderado
0,3.0,0,4.0,152,0,1,1,29,-16.50992,-68.057526,Achumani,98000.0,2,Venta,,alto
0,2.0,0,1.0,64,0,0,0,29,-16.518328,-68.062187,Achumani,84000.0,2,Venta,,alto
0,3.0,1,3.0,145,0,0,1,52,-16.546829000000002,-68.07435600000001,Los Pinos,172000.0,2,Venta,,moderado
0,2.0,0,3.0,160,0,1,2,29,-16.516829,-68.06210300000001,Achumani,138000.0,1,Venta,,alto
0,3.0,1,3.0,150,0,1,1,29,-16.52092,-68.053177,Achumani,80000.0,1,Venta,,alto
0,3.0,1,2.0,245,0,0,1,29,-16.516829,-68.06210300000001,Achumani,170000.0,1,Venta,,alto
1,3.0,1,4.0,220,0,1,1,32,-16.54298,-68.085014,Calacoto,290000.0,2,Venta,,bajo
0,3.0,1,3.0,142,0,1,1,29,-16.515009,-68.06255300000001,Achumani,147000.0,2,Venta,,alto
0,4.0,0,8.0,240,0,1,0,44,-16.494408,-68.138535,Centro,225000.0,2,Venta,,bajo
0,2.0,0,3.0,87,0,1,0,47,-16.510761,-68.127495,Sopocachi,85000.0,2,Venta,,moderado
0,1.0,1,1.0,30,0,0,1,29,-16.524883,-68.069717,Achumani,42500.0,2,Venta,,alto
0,1.0,0,1.0,45,0,0,0,42,-16.522160999999997,-68.113617,Obrajes,65000.0,2,Venta,,bajo
0,3.0,0,3.0,245,0,1,2,32,-16.537184,-68.075737,Calacoto,260000.0,2,Venta,,bajo
0,2.0,1,2.0,75,0,1,1,32,-16.539709,-68.090813,Calacoto,109000.0,2,Venta,,bajo
0,2.0,1,2.0,78,0,0,1,47,-16.505129,-68.13183599999999,Sopocachi,115000.0,2,Venta,,moderado
0,3.0,1,3.0,153,0,1,1,37,-16.510618,-68.085762,Irpavi,120000.0,1,Venta,,moderado
0,3.0,1,3.0,220,0,0,1,29,-16.517694,-68.06302600000001,Achumani,168000.0,2,Venta,,alto
0,3.0,0,5.0,172,0,0,1,52,-16.545212,-68.072563,Los Pinos,165000.0,2,Venta,,moderado
0,3.0,1,3.0,143,0,0,1,29,-16.528461,-68.07124300000001,Achumani,159000.0,1,Venta,2018.0,alto
0,3.0,0,3.0,130,0,1,0,37,-16.527433,-68.083572,Irpavi,145000.0,1,Venta,2017.0,moderado
0,4.0,1,3.0,220,0,1,1,29,-16.518885,-68.063911,Achumani,168000.0,2,Venta,,alto
0,2.0,0,2.0,110,0,0,1,29,-16.518847,-68.06443,Achumani,112000.0,2,Venta,,alto
0,3.0,1,3.0,126,0,1,0,35,-16.540394,-68.054558,Cota Cota,94500.0,2,Venta,,moderado
0,2.0,0,2.0,110,0,0,1,29,-16.518847,-68.06443,Achumani,112000.0,2,Venta,,alto
0,3.0,0,3.0,108,0,1,1,35,-16.540903,-68.063438,Cota Cota,110000.0,2,Venta,,moderado
0,3.0,1,3.0,178,0,0,1,52,-16.544792,-68.067665,Los Pinos,150000.0,2,Venta,,moderado
0,3.0,0,3.0,170,0,0,2,41,-16.489689000000002,-68.119293,Miraflores,144000.0,1,Venta,,muy bajo
0,4.0,1,3.0,245,0,1,1,35,-16.540894,-68.063416,Cota Cota,200000.0,2,Venta,,moderado
0,2.0,0,2.0,135,0,0,1,47,-16.510288,-68.123245,Sopocachi,125000.0,2,Venta,,moderado
0,3.0,1,4.0,235,0,1,1,29,-16.522516,-68.057182,Achumani,177000.0,1,Venta,2017.0,alto
0,3.0,0,3.0,150,0,0,1,29,-16.508364,-68.049164,Achumani,120000.0,2,Venta,,alto
0,3.0,1,2.0,70,0,1,0,35,-16.542656,-68.061996,Cota Cota,65500.0,1,Venta,2017.0,moderado
0,1.0,0,3.0,80,0,0,0,41,-16.504726,-68.116188,Miraflores,85000.0,2,Venta,2005.0,muy bajo
0,3.0,0,3.0,150,0,0,1,29,-16.508364,-68.049164,Achumani,120000.0,2,Venta,,alto
0,4.0,1,3.0,150,0,0,1,37,-16.530594,-68.083618,Irpavi,152000.0,2,Venta,,moderado
0,4.0,1,3.0,230,0,0,1,37,-16.520695,-68.087074,Irpavi,189000.0,2,Venta,,moderado
0,3.0,0,3.0,230,0,0,1,37,-16.520346,-68.086555,Irpavi,177000.0,2,Venta,,moderado
0,2.0,0,3.0,97,0,1,0,41,-16.496172,-68.121223,Miraflores,105000.0,2,Venta,,muy bajo
0,3.0,0,3.0,230,0,0,1,37,-16.520346,-68.086555,Irpavi,177000.0,2,Venta,,moderado
0,2.0,0,3.0,185,0,0,1,47,-16.515493,-68.131653,Sopocachi,165000.0,2,Venta,,moderado
0,4.0,0,3.0,160,0,0,1,52,-16.540960000000002,-68.07629399999999,Los Pinos,170000.0,1,Venta,,moderado
0,3.0,0,3.0,151,0,0,1,52,-16.539194000000002,-68.076195,Los Pinos,240000.0,2,Venta,,moderado
0,1.0,0,1.0,42,0,0,0,32,-16.540014000000003,-68.086647,Calacoto,58825.0,2,Venta,,bajo
0,4.0,0,3.0,170,0,0,2,29,-16.520044,-68.06510899999999,Achumani,150000.0,2,Venta,,alto
0,3.0,0,3.0,151,0,0,1,52,-16.539194000000002,-68.076195,Los Pinos,240000.0,2,Venta,,moderado
0,2.0,0,2.0,99,0,0,0,32,-16.539984,-68.08651,Calacoto,140650.0,2,Venta,,bajo
0,3.0,1,3.0,210,0,1,2,55,-16.546637,-68.070915,Auquisamaña,174000.0,2,Venta,,bajo
0,4.0,1,4.0,232,0,0,0,32,-16.54298,-68.085014,Calacoto,336350.0,2,Venta,,bajo
0,4.0,0,3.0,400,0,0,3,41,-16.489689000000002,-68.119293,Miraflores,432000.0,2,Venta,,muy bajo
0,4.0,0,3.0,400,0,0,3,41,-16.489689000000002,-68.119293,Miraflores,432000.0,2,Venta,,muy bajo
0,3.0,0,3.0,137,0,1,0,32,-16.541114999999998,-68.089256,Calacoto,155000.0,2,Venta,,bajo
0,3.0,0,3.0,170,0,1,1,29,-16.518938000000002,-68.058426,Achumani,160000.0,2,Venta,,alto
0,3.0,0,3.0,240,0,0,1,29,-16.533682000000002,-68.067162,Achumani,165000.0,2,Venta,,alto
0,3.0,0,3.0,240,0,0,1,29,-16.533682000000002,-68.067162,Achumani,165000.0,2,Venta,,alto
0,2.0,1,2.0,112,0,0,1,41,-16.495184,-68.121948,Miraflores,125000.0,2,Venta,,muy bajo
0,5.0,0,3.0,0,320,0,2,242,-16.545362,-68.058052,El Pedregal,330000.0,1,Venta,,alto
0,3.0,0,3.0,202,0,0,2,29,-16.522909,-68.056793,Achumani,180000.0,2,Venta,,alto
0,3.0,0,3.0,135,0,0,0,37,-16.523094,-68.084579,Irpavi,168000.0,2,Venta,,moderado
0,2.0,1,3.0,200,0,0,1,30,-16.520119,-68.101692,Alto Obrajes,128000.0,2,Venta,1990.0,moderado
0,3.0,0,3.0,180,0,0,0,29,-16.522392,-68.06414000000001,Achumani,196000.0,2,Venta,,alto
0,3.0,0,3.0,180,0,0,0,29,-16.522392,-68.06414000000001,Achumani,196000.0,2,Venta,,alto
0,5.0,1,3.0,147,0,0,2,29,-16.50828,-68.052254,Achumani,130000.0,2,Venta,2014.0,alto
0,1.0,0,3.0,162,0,0,1,29,-16.530239,-68.067627,Achumani,190000.0,2,Venta,,alto
0,3.0,0,3.0,176,0,0,0,241,-16.536358,-68.096138,Bella Vista,190000.0,2,Venta,,moderado
0,3.0,0,3.0,176,0,0,0,241,-16.536358,-68.096138,Bella Vista,190000.0,2,Venta,,moderado
0,2.0,1,3.0,159,0,0,1,29,-16.533754000000002,-68.071671,Achumani,145000.0,2,Venta,,alto
0,3.0,0,3.0,190,0,0,0,241,-16.536358,-68.096138,Bella Vista,200000.0,2,Venta,,moderado
0,3.0,0,3.0,222,0,0,2,241,-16.536358,-68.096138,Bella Vista,235000.0,2,Venta,,moderado
0,4.0,1,3.0,220,0,0,0,42,-16.526532999999997,-68.107124,Obrajes,195000.0,2,Venta,,bajo
0,4.0,1,3.0,220,0,0,0,42,-16.526532999999997,-68.107124,Obrajes,195000.0,2,Venta,,bajo
0,3.0,0,3.0,190,0,0,0,241,-16.536358,-68.096138,Bella Vista,200000.0,2,Venta,,moderado
0,4.0,0,4.0,210,0,0,1,29,-16.521923,-68.062393,Achumani,199000.0,2,Venta,,alto
0,1.0,1,1.0,68,0,0,0,32,-16.54298,-68.085014,Calacoto,95413.0,2,Venta,,bajo
0,1.0,0,1.0,60,0,0,0,237,-16.542604,-68.078056,San Miguel,95000.0,2,Venta,,bajo
0,2.0,1,2.0,73,0,0,1,32,-16.54298,-68.085014,Calacoto,135000.0,2,Venta,,bajo
0,5.0,0,3.0,280,200,0,2,29,-16.526789,-68.06796999999999,Achumani,280000.0,1,Venta,2018.0,alto
0,1.0,0,1.0,58,0,0,0,32,-16.54298,-68.085014,Calacoto,87455.0,2,Venta,,bajo
0,1.0,1,1.0,68,0,0,0,32,-16.54298,-68.085014,Calacoto,95413.0,2,Venta,,bajo
0,1.0,0,1.0,58,0,0,0,32,-16.54298,-68.085014,Calacoto,80650.0,2,Venta,,bajo
0,2.0,1,2.0,73,0,0,1,32,-16.54298,-68.085014,Calacoto,135000.0,2,Venta,,bajo
0,3.0,1,3.0,184,0,1,1,37,-16.527314999999998,-68.086975,Irpavi,158000.0,1,Venta,2017.0,moderado
0,4.0,0,3.0,211,0,0,0,29,-16.520077,-68.061287,Achumani,150000.0,2,Venta,,alto
0,3.0,1,3.0,183,0,0,2,35,-16.540758,-68.063416,Cota Cota,159000.0,2,Venta,,moderado
0,2.0,1,4.0,163,0,0,1,37,-16.529066,-68.085014,Irpavi,159000.0,2,Venta,,moderado
0,4.0,0,3.0,172,0,1,1,35,-16.538834,-68.063377,Cota Cota,150000.0,1,Venta,,moderado
0,3.0,1,4.0,248,0,1,1,35,-16.541649,-68.06636800000001,Cota Cota,228000.0,2,Venta,1999.0,moderado
0,2.0,0,2.0,100,0,0,0,32,-16.54063,-68.089394,Calacoto,128000.0,1,Venta,2017.0,bajo
0,3.0,0,3.0,188,0,1,2,32,-16.541428,-68.087479,Calacoto,315000.0,1,Venta,2017.0,bajo
0,4.0,1,3.0,183,0,1,2,35,-16.541601,-68.065865,Cota Cota,159000.0,2,Venta,,moderado
0,4.0,1,2.0,240,0,1,2,32,-16.542191,-68.08564,Calacoto,280000.0,1,Venta,2018.0,bajo
0,3.0,1,3.0,153,0,1,1,32,-16.540674,-68.089584,Calacoto,183000.0,1,Venta,,bajo
0,4.0,0,3.0,140,0,1,1,37,-16.528510999999998,-68.087715,Irpavi,161000.0,2,Venta,2016.0,moderado
0,4.0,0,3.0,169,0,1,1,35,-16.541183,-68.058304,Cota Cota,143000.0,1,Venta,2018.0,moderado
0,3.0,1,3.0,152,0,1,1,47,-16.511709,-68.128716,Sopocachi,168000.0,2,Venta,,moderado
0,4.0,0,3.0,200,0,1,2,42,-16.529776000000002,-68.106628,Obrajes,200000.0,1,Venta,2018.0,bajo
0,4.0,0,3.0,138,138,0,2,32,-16.54298,-68.085014,Calacoto,168000.0,2,Venta,,bajo
0,3.0,0,3.0,112,0,0,1,31,-16.518818,-68.09182,Bolognia,85900.0,1,Venta,2019.0,bajo
0,3.0,0,3.0,112,0,0,1,31,-16.518867,-68.091553,Bolognia,85900.0,1,Venta,2018.0,bajo
0,5.0,0,4.0,231,0,0,0,47,-16.510510999999997,-68.127464,Sopocachi,239000.0,2,Venta,,moderado
0,3.0,0,4.0,280,0,0,2,32,-16.540731,-68.086075,Calacoto,315000.0,2,Venta,,bajo
0,5.0,1,3.0,198,198,0,1,52,-16.541365,-68.073463,Los Pinos,195000.0,2,Venta,,moderado
0,2.0,1,2.0,0,148,0,1,46,-16.53425,-68.103386,Seguencoma,125000.0,1,Venta,,bajo
0,2.0,0,3.0,103,0,0,1,35,-16.543429999999997,-68.063393,Cota Cota,100000.0,2,Venta,,moderado
0,3.0,0,2.0,103,0,0,1,37,-16.505594,-68.083435,Irpavi,100000.0,1,Venta,2018.0,moderado
0,5.0,1,3.0,198,198,0,1,52,-16.541365,-68.073463,Los Pinos,195000.0,2,Venta,,moderado
0,2.0,1,2.0,0,148,0,1,46,-16.53425,-68.103386,Seguencoma,125000.0,2,Venta,,bajo
0,5.0,0,3.0,0,180,0,2,37,-16.525789000000003,-68.088387,Irpavi,181000.0,2,Venta,,moderado
0,3.0,0,3.0,150,0,0,2,29,-16.529013,-68.07034300000001,Achumani,155000.0,2,Venta,2004.0,alto
0,4.0,0,3.0,0,182,0,1,37,-16.529066,-68.085014,Irpavi,132000.0,2,Venta,,moderado
0,5.0,0,3.0,0,180,0,2,37,-16.526175,-68.08667,Irpavi,181000.0,2,Venta,,moderado
0,4.0,0,3.0,0,182,0,1,37,-16.529066,-68.085014,Irpavi,132000.0,2,Venta,,moderado
0,4.0,1,3.0,158,140,0,1,37,-16.529066,-68.085014,Irpavi,150000.0,2,Venta,,moderado
0,4.0,1,3.0,0,170,0,1,29,-16.519514,-68.06076,Achumani,160000.0,2,Venta,,alto
0,3.0,1,3.0,0,160,0,1,46,-16.539158,-68.097527,Seguencoma,135000.0,2,Venta,,bajo
0,3.0,1,3.0,0,164,0,1,46,-16.53425,-68.103386,Seguencoma,144000.0,2,Venta,,bajo
0,2.0,0,2.0,72,0,0,1,32,-16.544073,-68.083855,Calacoto,125000.0,1,Venta,2017.0,bajo
0,6.0,1,4.0,0,280,0,1,29,-16.520979,-68.059067,Achumani,185000.0,2,Venta,,alto
0,3.0,0,3.0,132,132,0,1,35,-16.542698,-68.065483,Cota Cota,115000.0,1,Venta,,moderado
0,4.0,0,4.0,210,0,0,1,29,-16.528431,-68.0709,Achumani,199000.0,1,Venta,,alto
0,3.0,1,3.0,0,164,0,1,46,-16.53425,-68.103386,Seguencoma,144000.0,2,Venta,,bajo
0,6.0,1,4.0,0,200,0,1,29,-16.52072,-68.062294,Achumani,180000.0,2,Venta,,alto
0,4.0,0,3.0,121,0,0,0,32,-16.540119,-68.08785999999999,Calacoto,163998.0,1,Venta,2017.0,bajo
0,6.0,1,4.0,0,280,0,1,29,-16.521362,-68.062874,Achumani,185000.0,2,Venta,,alto
0,3.0,0,3.0,180,180,0,1,29,-16.519613,-68.06041,Achumani,185000.0,2,Venta,,alto
0,3.0,0,3.0,143,0,0,0,29,-16.522713,-68.067429,Achumani,162000.0,1,Venta,2018.0,alto
0,6.0,1,4.0,0,200,0,1,29,-16.521423000000002,-68.05866999999999,Achumani,180000.0,2,Venta,,alto
0,2.0,0,3.0,152,0,0,1,29,-16.521614000000003,-68.061348,Achumani,135000.0,1,Venta,2015.0,alto
0,3.0,0,3.0,180,180,0,1,29,-16.52125,-68.059067,Achumani,185000.0,2,Venta,,alto
0,3.0,0,3.0,126,0,0,1,29,-16.512468,-68.058159,Achumani,112000.0,2,Venta,2010.0,alto
0,3.0,0,3.0,124,0,0,1,29,-16.526482,-68.05459599999999,Achumani,90000.0,2,Venta,,alto
0,3.0,0,3.0,124,0,0,1,29,-16.526482,-68.05459599999999,Achumani,90000.0,2,Venta,,alto
0,7.0,1,5.0,0,305,0,1,29,-16.519254999999998,-68.059143,Achumani,280000.0,2,Venta,,alto
0,5.0,0,3.0,300,0,0,0,32,-16.539020999999998,-68.086632,Calacoto,403000.0,1,Venta,,bajo
0,4.0,0,3.0,0,134,0,1,29,-16.523636,-68.059685,Achumani,130000.0,2,Venta,,alto
0,4.0,0,3.0,0,180,0,2,55,-16.550388,-68.072624,Auquisamaña,145000.0,2,Venta,,bajo
0,4.0,0,3.0,0,134,0,1,29,-16.520107,-68.05835,Achumani,130000.0,2,Venta,,alto
0,3.0,0,3.0,124,0,0,0,36,-16.491357999999998,-68.15214499999999,El Tejar,130000.0,1,Venta,2018.0,moderado
0,3.0,0,2.0,98,0,0,1,37,-16.521729999999998,-68.086395,Irpavi,98000.0,1,Venta,,moderado
0,4.0,0,3.0,0,180,0,2,55,-16.550388,-68.072624,Auquisamaña,145000.0,2,Venta,,bajo
0,4.0,0,4.0,164,0,0,1,32,-16.537271,-68.074371,Calacoto,195000.0,2,Venta,2017.0,bajo
0,4.0,0,4.0,0,290,0,1,35,-16.537704,-68.06308,Cota Cota,230000.0,2,Venta,,moderado
0,4.0,0,4.0,0,290,0,1,35,-16.537956,-68.06324000000001,Cota Cota,230000.0,2,Venta,,moderado
0,5.0,1,3.0,0,129,0,1,29,-16.524466,-68.069466,Achumani,139000.0,2,Venta,,alto
0,3.0,0,3.0,205,0,0,2,32,-16.539867,-68.081223,Calacoto,336000.0,1,Venta,2018.0,bajo
0,3.0,0,3.0,202,0,0,1,33,-16.538116,-68.050255,Chasquipampa,105000.0,1,Venta,,bajo
0,5.0,1,3.0,0,139,0,1,29,-16.524466,-68.069466,Achumani,131000.0,2,Venta,,alto
0,1.0,0,1.0,0,36,0,0,32,-16.538839000000003,-68.086327,Calacoto,51500.0,2,Venta,,bajo
0,5.0,1,3.0,0,139,0,1,29,-16.524820000000002,-68.069801,Achumani,147000.0,2,Venta,,alto
0,1.0,0,1.0,0,63,0,0,32,-16.542692000000002,-68.087242,Calacoto,67000.0,2,Venta,,bajo
0,1.0,0,1.0,0,36,0,0,32,-16.542360000000002,-68.08530400000001,Calacoto,51500.0,2,Venta,,bajo
0,5.0,1,3.0,0,139,0,1,29,-16.524466,-68.069466,Achumani,145000.0,2,Venta,,alto
0,2.0,1,2.0,82,0,1,1,35,-16.540607,-68.056076,Cota Cota,100000.0,1,Venta,2016.0,moderado
0,3.0,1,3.0,136,0,1,2,52,-16.544792,-68.05501600000001,Los Pinos,170000.0,2,Venta,2016.0,moderado
0,3.0,1,4.0,284,0,0,0,47,-16.509462,-68.12812,Sopocachi,250000.0,2,Venta,,moderado
0,3.0,0,3.0,300,0,0,1,52,-16.544516,-68.072548,Los Pinos,180000.0,2,Venta,,moderado
0,5.0,1,3.0,206,0,1,2,52,-16.544453,-68.07309000000001,Los Pinos,250000.0,1,Venta,2016.0,moderado
0,4.0,1,3.0,135,0,1,1,37,-16.506157,-68.081322,Irpavi,105000.0,1,Venta,2018.0,moderado
