amoblado,amount_max_bs,amount_max_usd,bathroom,baulera,bedroom,dimension,elevator,fee,fee_bnb_usd,fee_bs,fee_regular,fee_regular_bs,garage,id,id_type,id_type_offer,latitud,longitud,pool,price,status,year_built
0,40002059.0,5831204.0,4.0,0,5.0,280,0,1881,,12904,1720,11801,4,537418,1,1,-16.521725,-68.060249,0,340000,2,2009.0
0,40002059.0,5831204.0,5.0,0,3.0,554,0,2545,,17459,2327,15966,5,539099,1,1,-16.514791,-68.05806700000001,0,460000,2,2009.0
0,40002059.0,5831204.0,6.0,0,5.0,380,0,1815,2269.53,12449,1660,11385,4,451025,1,1,-16.566566,-68.100983,0,328000,2,2015.0
0,40002059.0,5831204.0,4.0,0,3.0,271,0,1494,,10248,1366,9371,2,537017,1,1,-16.539755,-68.05764,0,270000,2,
0,40002059.0,5831204.0,6.0,0,4.0,320,0,2324,,15941,2125,14578,4,539274,1,1,-16.547251,-68.077873,0,420000,1,
0,40002059.0,5831204.0,3.0,0,4.0,400,0,3320,,22772,3036,20826,3,540777,1,1,-16.527134,-68.086929,0,600000,2,1994.0
0,40002059.0,5831204.0,5.0,0,3.0,400,0,1660,2094.46,11386,1518,10413,3,514286,1,1,-16.515982,-68.08805100000001,0,300000,2,2014.0
0,40002059.0,5831204.0,5.0,0,3.0,410,0,2672,,18332,2444,16765,2,534393,1,1,-16.554102,-68.08163499999999,0,483000,1,2019.0
0,40002059.0,5831204.0,5.0,0,3.0,375,0,1577,1989.73,10817,1442,9892,2,488589,1,1,-16.562597,-68.104309,0,285000,2,2018.0
0,40002059.0,5831204.0,3.0,0,4.0,680,0,4315,5419.1,29604,3947,27073,4,465719,1,1,-16.542486,-68.084808,0,780000,2,
0,40002059.0,5831204.0,6.0,0,5.0,485,0,1533,,10513,1402,9614,3,543709,1,1,-16.547642,-68.07807199999999,0,277000,1,2013.0
0,40002059.0,5831204.0,4.0,0,5.0,375,0,2158,,14802,1973,13537,2,540788,1,1,-16.533752,-68.073265,0,390000,2,
0,40002059.0,5831204.0,11.0,0,16.0,847,0,3629,,24898,3319,22769,2,544308,1,1,-16.502075,-68.139648,0,656000,2,1995.0
0,38803456.0,5656480.0,3.0,0,3.0,363,0,1630,,11179,1465,10050,4,10349,1,1,-16.542048,-68.05570999999999,0,250000,1,
0,40002059.0,5831204.0,4.0,0,3.0,273,0,1391,1535.93,9543,1272,8727,4,42859,1,1,-16.524048,-68.052635,0,220000,2,
0,38803456.0,5656480.0,6.0,0,3.0,237,0,1401,,9614,1260,8643,2,63554,1,1,-16.516829,-68.06210300000001,0,215000,1,2017.0
0,48463835.0,7064699.0,3.0,0,4.0,280,0,656,,4501,594,4076,3,543806,1,1,-16.531763,-68.063477,0,110000,1,2019.0
0,40002059.0,5831204.0,3.0,0,3.0,232,0,1391,1528.46,9543,1272,8727,2,466159,1,1,-16.607626,-68.070259,0,220000,2,
0,40002059.0,5831204.0,5.0,0,3.0,672,0,4149,,28465,3795,26032,3,55913,1,1,-16.547808,-68.071159,0,750000,2,
0,48463835.0,7064699.0,3.0,0,3.0,350,0,596,,4092,540,3706,2,544232,1,1,-16.52194,-68.059189,0,100000,2,
0,40002059.0,5831204.0,6.0,0,4.0,360,0,3486,4131.27,23911,3188,21867,3,70998,1,1,-16.516603,-68.061501,0,630000,2,2008.0
0,40002059.0,5831204.0,5.0,0,4.0,500,0,4703,5852.63,32261,4301,29503,4,105072,1,1,-16.540155,-68.085892,0,850000,1,2001.0
0,40002059.0,5831204.0,4.0,0,3.0,423,0,2822,3791.18,19356,2580,17702,3,191547,1,1,-16.539234,-68.08671600000001,0,510000,1,2017.0
0,40002059.0,5831204.0,4.0,0,3.0,370,0,2573,3532.17,17649,2353,16140,4,296530,1,1,-16.515427,-68.06081400000001,0,465000,1,2010.0
0,40002059.0,5831204.0,5.0,0,4.0,0,0,1770,2203.34,12145,1619,11107,3,327610,1,1,-16.542715,-68.062874,0,320000,2,1995.0
0,40002059.0,5831204.0,4.0,0,4.0,260,0,1549,1954.83,10627,1417,9719,2,465915,1,1,-16.516829,-68.06210300000001,0,280000,2,
0,40002059.0,5831204.0,5.0,0,5.0,433,0,2047,2726.97,14043,1872,12842,1,167709,1,1,-16.502962,-68.117294,0,370000,2,
0,40002059.0,5831204.0,4.0,0,5.0,496,0,46088,,316167,46088,316167,4,542038,1,1,-16.536987,-68.096954,0,10000000000000,2,1995.0
0,40002059.0,5831204.0,6.0,0,4.0,1461,0,5422,,37195,4958,34015,3,157704,1,1,-16.542698,-68.062912,0,980000,2,2000.0
0,40002059.0,5831204.0,6.0,0,4.0,380,0,2185,3059.39,14992,1999,13710,4,309702,1,1,-16.528793,-68.085922,0,395000,2,
0,40002059.0,5831204.0,5.0,0,4.0,457,0,2600,3572.88,17838,2378,16313,2,314968,1,1,-16.529652,-68.07249499999999,0,470000,2,
0,40002059.0,5831204.0,6.0,0,4.0,530,0,2960,3459.64,20305,2707,18569,3,327648,1,1,-16.552507000000002,-68.08371700000001,0,535000,2,2015.0
0,40002059.0,5831204.0,5.0,0,4.0,500,0,2429,3241.46,16662,2221,15237,6,314979,1,1,-16.511997,-68.055832,0,439000,2,
0,40002059.0,5831204.0,5.0,0,5.0,430,0,1438,1790.22,9868,1316,9024,3,324762,1,1,-16.525328,-68.061653,0,260000,1,2018.0
0,40002059.0,5831204.0,5.0,0,5.0,328,0,1604,2014.79,11007,1467,10066,2,465878,1,1,-16.529753,-68.099915,0,290000,2,
0,40002059.0,5831204.0,2.0,0,3.0,350,0,1826,,12525,1670,11454,2,525084,1,1,-16.513016,-68.123688,0,330000,2,
0,40002059.0,5831204.0,4.0,0,4.0,295,0,1826,2362.17,12525,1670,11454,3,466018,1,1,-16.53603,-68.077698,0,330000,2,
0,40002059.0,5831204.0,5.0,0,4.0,767,0,5533,7370.19,37954,5060,34709,4,229929,1,1,-16.543948999999998,-68.08918800000001,0,1000000,2,2011.0
0,40002059.0,5831204.0,3.0,0,3.0,350,0,3126,3896.65,21444,2859,19611,2,231154,1,1,-16.519655,-68.058167,0,565000,2,
0,40002059.0,5831204.0,4.0,0,4.0,297,0,1494,1875.84,10248,1366,9371,2,466036,1,1,-16.537321,-68.04675300000001,0,270000,2,
0,40002059.0,5831204.0,5.0,0,4.0,990,0,4149,5236.14,28465,3795,26032,1,235753,1,1,-16.547079,-68.069542,0,750000,1,2003.0
0,40002059.0,5831204.0,4.0,0,5.0,329,0,2102,2640.07,14422,1923,13189,5,466029,1,1,-16.516829,-68.06210300000001,0,380000,2,
0,40002059.0,5831204.0,4.0,0,4.0,350,0,1549,1927.92,10627,1417,9719,2,269295,1,1,-16.515826999999998,-68.05761700000001,0,280000,2,2009.0
0,40002059.0,5831204.0,5.0,0,3.0,400,0,2490,3126.4,17079,2277,15619,2,267552,1,1,-16.546722,-68.087151,0,450000,2,2008.0
0,40002059.0,5831204.0,4.0,0,3.0,464,0,2490,3126.4,17079,2277,15619,0,465974,1,1,-16.546015,-68.086586,0,450000,2,
0,40002059.0,5831204.0,4.0,0,4.0,560,0,1411,1780.29,9678,1290,8851,0,465979,1,1,-16.502979,-68.082169,0,255000,2,
0,40002059.0,5831204.0,2.0,0,5.0,350,0,3320,,22772,3036,20826,4,542186,1,1,-16.544495,-68.09585600000001,0,600000,2,1980.0
0,40002059.0,5831204.0,6.0,0,7.0,570,0,2324,,15941,2125,14578,2,543481,1,1,-16.54166,-68.05275,0,420000,2,
0,40002059.0,5831204.0,5.0,0,4.0,450,0,4371,,29984,3997,27420,4,542431,1,1,-16.524893,-68.06781,0,790000,2,2013.0
0,40002059.0,5831204.0,4.0,0,4.0,500,0,6805,,46683,6223,42692,6,542289,1,1,-16.529156,-68.101334,0,1230000,2,1988.0
0,40002059.0,5831204.0,6.0,0,7.0,570,0,2324,,15941,2125,14578,2,543479,1,1,-16.54166,-68.05275,0,420000,2,
0,40002059.0,5831204.0,5.0,0,4.0,260,0,1494,,10248,1366,9371,2,542397,1,1,-16.514717,-68.055153,0,270000,1,2018.0
0,40002059.0,5831204.0,3.0,0,5.0,257,0,1378,,9456,1261,8648,1,543039,1,1,-16.519955,-68.103065,0,218000,2,1994.0
0,40002059.0,5831204.0,3.0,0,4.0,390,0,1870,,12828,1710,11732,3,542502,1,1,-16.575653,-68.125916,0,338000,1,2017.0
0,40002059.0,5831204.0,2.0,0,4.0,235,0,1454,,9976,1330,9124,2,543061,1,1,-16.515409,-68.09139300000001,0,230000,2,1994.0
0,40002059.0,5831204.0,7.0,0,4.0,620,0,4924,6283.37,33779,4503,30891,4,407318,1,1,-16.538176,-68.09174300000001,0,890000,2,2015.0
0,40002059.0,5831204.0,2.0,0,3.0,165,0,999,1087.9,6853,914,6267,1,415056,1,1,-16.525305,-68.04908,0,158000,1,2018.0
0,40002059.0,5831204.0,6.0,0,4.0,580,0,5533,6975.86,37954,5060,34709,2,428012,1,1,-16.569693,-68.098495,0,1000000,2,
0,40002059.0,5831204.0,5.0,0,4.0,475,0,2102,2616.47,14422,1923,13189,3,417639,1,1,-16.509399,-68.08551800000001,0,380000,2,
0,40002059.0,5831204.0,7.0,0,5.0,494,0,3098,4328.54,21254,2833,19437,4,105539,1,1,-16.511129,-68.05551899999999,0,560000,2,2002.0
0,40002059.0,5831204.0,6.0,0,5.0,494,0,3430,4289.97,23531,3137,21520,4,428047,1,1,-16.513044,-68.056694,0,620000,2,2007.0
0,40002059.0,5831204.0,6.0,0,4.0,480,0,4703,5852.63,32261,4301,29503,5,421739,1,1,-16.55986,-68.093781,0,850000,2,
0,40002059.0,5831204.0,5.0,0,4.0,362,0,1604,2000.05,11007,1467,10066,1,434022,1,1,-16.558542000000003,-68.093262,0,290000,2,
0,40002059.0,5831204.0,5.0,0,4.0,480,0,3486,4344.94,23911,3188,21867,4,441501,1,1,-16.513536,-68.06004300000001,0,630000,2,2006.0
0,40002059.0,5831204.0,5.0,0,3.0,401,0,2988,3724.23,20495,2732,18743,3,440051,1,1,-16.571213,-68.091972,0,540000,2,1990.0
0,40002059.0,5831204.0,4.0,0,4.0,310,0,1454,,9976,1330,9124,2,540416,1,1,-16.520325,-68.105598,0,230000,2,2010.0
0,40002059.0,5831204.0,3.0,0,7.0,345,0,1581,,10844,1446,9917,3,541047,1,1,-16.488766000000002,-68.116264,0,250000,2,
0,40002059.0,5831204.0,8.0,0,6.0,750,0,4288,,29414,3921,26900,4,541243,1,1,-16.495338,-68.14840699999999,0,775000,2,
0,40002059.0,5831204.0,8.0,0,5.0,519,0,3320,,22772,3036,20826,1,540888,1,1,-16.513247,-68.122124,0,600000,2,
0,40002059.0,5831204.0,3.0,0,3.0,629,0,7580,,51997,6932,47552,3,541691,1,1,-16.54397,-68.079086,0,1370000,2,
0,40002059.0,5831204.0,2.0,0,4.0,400,0,3043,,20875,2783,19090,0,541291,1,1,-16.494526,-68.134377,0,550000,2,
0,40002059.0,5831204.0,4.0,0,4.0,318,0,1359,,9326,1243,8529,2,541264,1,1,-16.494156,-68.15522800000001,0,215000,2,
0,46605679.0,6793831.0,4.0,0,4.0,327,0,806,,5531,735,5042,0,541083,1,1,-16.504194000000002,-68.14325699999999,0,130000,2,
0,40002059.0,5831204.0,7.0,0,8.0,1174,0,8576,,58828,7842,53799,6,541705,1,1,-16.541216,-68.086235,0,1550000,2,
0,40002059.0,5831204.0,5.0,0,4.0,251,0,1538,,10551,1407,9649,2,543792,1,1,-16.526352,-68.062889,0,278000,1,2018.0
0,40002059.0,5831204.0,4.0,0,4.0,436,0,3154,,21634,2884,19784,2,542185,1,1,-16.531269,-68.095062,0,570000,2,
0,40002059.0,5831204.0,4.0,0,6.0,620,0,2490,,17079,2277,15619,5,544808,1,1,-16.517042,-68.086288,0,450000,2,1984.0
0,40002059.0,5831204.0,3.0,0,4.0,378,0,917,,6290,838,5752,1,544480,1,1,-16.511274,-68.08064300000001,0,145000,1,
0,40002059.0,5831204.0,5.0,0,5.0,391,0,1391,,9543,1272,8727,2,544884,1,1,-16.54143,-68.057358,0,220000,2,
0,40002059.0,5831204.0,4.0,0,4.0,260,0,1632,,11196,1493,10239,5,544241,1,1,-16.580215,-68.123451,0,295000,2,2013.0
0,40002059.0,5831204.0,3.0,0,2.0,160,0,1660,2084.27,11386,1518,10413,0,463419,1,1,-16.513288,-68.13205699999999,0,300000,2,1980.0
0,40002059.0,5831204.0,4.0,0,3.0,152,0,942,1035.19,6463,862,5910,3,465642,1,1,-16.547148,-68.045662,0,149000,2,
0,40002059.0,5831204.0,6.0,0,4.0,1400,0,9405,11724.43,64522,8601,59006,6,447242,1,1,-16.547047,-68.08815799999999,0,1700000,1,
0,40002059.0,5831204.0,4.0,0,3.0,241,0,1577,1980.05,10817,1442,9892,2,460751,1,1,-16.514803,-68.057266,0,285000,2,
0,40002059.0,5831204.0,4.0,0,4.0,377,0,1494,1875.84,10248,1366,9371,2,458414,1,1,-16.534229,-68.102592,0,270000,2,
0,40002059.0,5831204.0,4.0,0,4.0,307,0,1075,1181.09,7374,983,6744,1,468599,1,1,-16.540758,-68.063416,0,170000,2,
0,40002059.0,5831204.0,4.0,0,3.0,300,0,1499,1653.28,10280,1370,9401,3,472704,1,1,-16.514236,-68.058945,0,237000,1,
0,40002059.0,5831204.0,4.0,0,3.0,340,0,2296,2883.24,15751,2100,14404,2,479822,1,1,-16.542582,-68.06079100000001,0,415000,2,1996.0
0,40002059.0,5831204.0,8.0,0,6.0,677,0,4421,5546.58,30325,4043,27733,5,492366,1,1,-16.520359,-68.08635699999999,0,799000,2,
0,40002059.0,5831204.0,2.0,0,2.0,349,0,1075,1185.9,7374,983,6744,0,495505,1,1,-16.524441,-68.110016,0,170000,2,
0,40002059.0,5831204.0,5.0,0,3.0,415,0,1909,2406.67,13094,1746,11975,2,497214,1,1,-16.520739000000003,-68.06369000000001,0,345000,2,
0,40002059.0,5831204.0,6.0,0,4.0,280,0,1486,1631.35,10193,1359,9322,2,494871,1,1,-16.514395,-68.082565,0,235000,2,
0,40002059.0,5831204.0,4.0,0,3.0,350,0,3596,4512.24,24670,3289,22561,4,494864,1,1,-16.543179000000002,-68.07083100000001,0,650000,2,
0,40002059.0,5831204.0,4.0,0,5.0,536,0,3292,4188.91,22583,3010,20652,4,513716,1,1,-16.548656,-68.086311,0,595000,2,1985.0
0,40002059.0,5831204.0,4.0,0,3.0,304,0,2766,3490.76,18977,2530,17355,0,514544,1,1,-16.528906,-68.08470200000001,0,500000,2,
0,40002059.0,5831204.0,6.0,0,4.0,320,0,1936,2431.65,13284,1771,12148,6,464386,1,1,-16.664749,-68.015587,0,350000,2,2006.0
0,40002059.0,5831204.0,7.0,0,4.0,419,0,3043,4534.31,20875,2783,19090,4,505812,1,1,-16.516232000000002,-68.090988,0,550000,2,2010.0
0,40002059.0,5831204.0,5.0,0,3.0,406,0,2677,3804.93,18362,2448,16792,2,514339,1,1,-16.548426,-68.08575400000001,0,483800,1,2019.0
0,40002059.0,5831204.0,5.0,0,3.0,352,0,1494,1885.01,10248,1366,9371,7,513881,1,1,-16.530094000000002,-68.079918,0,270000,2,2005.0
0,40002059.0,5831204.0,6.0,0,4.0,413,0,1992,2513.35,13663,1821,12495,2,514827,1,1,-16.551336,-68.070038,0,360000,2,
0,40002059.0,5831204.0,5.0,0,4.0,260,0,2047,2583.16,14043,1872,12842,2,518925,1,1,-16.514154,-68.058319,0,370000,2,
0,40002059.0,5831204.0,8.0,0,7.0,600,0,1438,1815.2,9868,1316,9024,2,519190,1,1,-16.487818,-68.161148,0,260000,2,
0,40002059.0,5831204.0,5.0,0,4.0,385,0,1853,2317.97,12715,1695,11628,2,519566,1,1,-16.518499,-68.086853,0,335000,2,
0,40002059.0,5831204.0,4.0,0,4.0,450,0,3486,4398.36,23911,3188,21867,2,518831,1,1,-16.564365,-68.112679,0,630000,2,
0,40002059.0,5831204.0,4.0,0,4.0,329,0,1494,1868.21,10248,1366,9371,6,520510,1,1,-16.531616,-68.080475,0,270000,2,2004.0
0,40002059.0,5831204.0,2.0,0,2.0,200,0,1936,2490.95,13284,1771,12148,2,522368,1,1,-16.532688,-68.074715,0,350000,2,2011.0
0,40002059.0,5831204.0,8.0,0,6.0,380,0,2573,3217.48,17649,2353,16140,5,520537,1,1,-16.525345,-68.104698,0,465000,2,1988.0
0,40002059.0,5831204.0,3.0,0,3.0,187,0,1518,,10410,1388,9520,2,527886,1,1,-16.544007999999998,-68.054024,0,240000,2,
0,40002059.0,5831204.0,9.0,0,9.0,397,0,1660,,11386,1518,10413,5,531257,1,1,-16.505142000000003,-68.08255799999999,0,300000,2,2014.0
0,40002059.0,5831204.0,5.0,0,3.0,500,0,3043,,20875,2783,19090,3,526425,1,1,-16.512541,-68.057106,0,550000,2,2014.0
0,40002059.0,5831204.0,4.0,0,3.0,280,0,1992,,13663,1821,12495,2,529300,1,1,-16.532463,-68.07330300000001,0,360000,2,2014.0
0,40002059.0,5831204.0,5.0,0,4.0,470,0,2042,,14005,1867,12808,2,530113,1,1,-16.535742000000003,-68.07465400000001,0,369000,2,
0,40002059.0,5831204.0,3.0,0,9.0,678,0,2324,,15941,2125,14578,2,529962,1,1,-16.539618,-68.096535,0,420000,2,1975.0
0,40002059.0,5831204.0,3.0,0,3.0,280,0,1201,,8241,1099,7537,3,531755,1,1,-16.530941000000002,-68.054512,0,190000,2,2008.0
0,40002059.0,5831204.0,7.0,0,5.0,311,0,1837,,12601,1680,11523,3,533922,1,1,-16.521509,-68.05722,0,332000,2,
0,40002059.0,5831204.0,3.0,0,4.0,243,0,1632,,11196,1493,10239,3,534205,1,1,-16.533511999999998,-68.077148,0,295000,2,
0,40002059.0,5831204.0,5.0,0,4.0,374,0,1743,2188.48,11955,1594,10933,2,472816,1,1,-16.517032999999998,-68.087242,0,315000,2,
0,40002059.0,5831204.0,4.0,0,4.0,304,0,2047,,14043,1872,12842,2,537847,1,1,-16.544447,-68.065163,0,370000,2,
0,40002059.0,5831204.0,5.0,0,3.0,271,0,1466,1918.36,10058,1341,9198,2,506372,1,1,-16.539804,-68.057724,0,265000,2,
0,40002059.0,5831204.0,6.0,0,4.0,378,0,1654,2075.63,11348,1513,10378,2,491176,1,1,-16.557436,-68.104431,0,299000,2,
0,40002059.0,5831204.0,6.0,0,3.0,378,0,1604,2096.46,11007,1467,10066,2,496431,1,1,-16.562859,-68.103386,0,290000,2,
0,40002059.0,5831204.0,4.0,0,3.0,300,0,1499,1653.28,10280,1370,9401,3,500005,1,1,-16.514046,-68.059212,0,237000,2,
0,40002059.0,5831204.0,6.0,0,4.0,345,0,2075,2615.95,14233,1897,13016,2,504981,1,1,-16.512421,-68.057358,0,375000,2,
0,40002059.0,5831204.0,13.0,0,10.0,924,0,5422,6841.89,37195,4958,34015,2,508519,1,1,-16.564792999999998,-68.112801,0,980000,2,1998.0
0,40002059.0,5831204.0,7.0,0,4.0,400,0,2656,3351.13,18218,2429,16660,4,508057,1,1,-16.536821,-68.097122,0,480000,1,2003.0
0,40002059.0,5831204.0,5.0,0,3.0,327,0,1936,,13284,1771,12148,0,539027,1,1,-16.515356,-68.08805799999999,0,350000,1,2014.0
0,40002059.0,5831204.0,5.0,0,4.0,330,0,2185,,14992,1999,13710,3,540964,1,1,-16.522072,-68.062073,0,395000,2,
0,40002059.0,5831204.0,3.0,0,3.0,183,0,1062,,7287,971,6664,2,539430,1,1,-16.522054999999998,-68.054893,0,168000,2,
0,40002059.0,5831204.0,7.0,0,8.0,560,0,2434,,16700,2226,15272,2,539060,1,1,-16.496334,-68.122787,0,440000,2,1980.0
0,40002059.0,5831204.0,2.0,0,15.0,1500,0,7082,8936.35,48581,6476,44428,7,511591,1,1,-16.49164,-68.138237,0,1280000,2,
0,40002059.0,5831204.0,4.0,0,4.0,280,0,2379,,16320,2176,14925,3,539646,1,1,-16.543776,-68.069511,0,430000,2,2000.0
0,40002059.0,5831204.0,1.0,0,5.0,320,0,2545,,17459,2327,15966,3,540686,1,1,-16.542665,-68.06809200000001,0,460000,2,
0,40002059.0,5831204.0,4.0,0,3.0,300,0,1743,,11955,1594,10933,3,540390,1,1,-16.522032,-68.061562,0,315000,2,
0,40002059.0,5831204.0,6.0,0,5.0,280,0,1770,,12145,1619,11107,3,541686,1,1,-16.514523999999998,-68.05901300000001,0,320000,2,2012.0
0,40002059.0,5831204.0,5.0,0,5.0,530,0,6086,,41749,5566,38180,5,541005,1,1,-16.529293,-68.102722,0,1100000,2,1997.0
0,40002059.0,5831204.0,3.0,0,3.0,180,0,1964,,13474,1796,12322,5,541474,1,1,-16.56741,-68.08976700000001,0,355000,2,
0,40002059.0,5831204.0,5.0,0,5.0,300,0,1494,,10248,1366,9371,2,526426,1,1,-16.536985,-68.04244200000001,0,270000,2,2005.0
0,40002059.0,5831204.0,4.0,0,2.0,48855,0,26843,24533.48,184143,24548,168400,3,507792,1,1,-16.519257,-68.06399499999999,0,4851748,2,2015.0
0,40002059.0,5831204.0,5.0,0,4.0,492,0,1909,2387.16,13094,1746,11975,2,520490,1,1,-16.522589,-68.059662,0,345000,2,2008.0
0,40002059.0,5831204.0,4.0,0,3.0,298,0,948,,6506,867,5950,2,524036,1,1,-16.518895999999998,-68.059227,0,150000,2,
0,40002059.0,5831204.0,4.0,0,4.0,292,0,1438,,9868,1316,9024,3,523613,1,1,-16.547642,-68.078094,0,260000,2,
0,40002059.0,5831204.0,5.0,0,4.0,420,0,3043,,20875,2783,19090,1,527284,1,1,-16.516829,-68.064293,0,550000,2,
0,40002059.0,5831204.0,4.0,0,3.0,139,0,923,,6333,844,5791,1,528795,1,1,-16.531359,-68.056221,0,146000,2,
0,40002059.0,5831204.0,5.0,0,3.0,320,0,1599,,10969,1462,10031,4,529400,1,1,-16.559488,-68.09288000000001,0,289000,1,2019.0
0,40002059.0,5831204.0,4.0,0,4.0,350,0,2102,2618.61,14422,1923,13189,2,519594,1,1,-16.614521,-68.067787,0,380000,2,
0,40002059.0,5831204.0,3.0,0,4.0,305,0,1454,,9976,1330,9124,2,528098,1,1,-16.517692999999998,-68.078026,0,230000,2,2016.0
0,40002059.0,5831204.0,7.0,0,4.0,560,0,2130,,14612,1948,13363,4,529491,1,1,-16.557596,-68.102875,0,385000,1,2019.0
0,40002059.0,5831204.0,6.0,0,5.0,515,0,4481,,30743,4098,28114,4,534783,1,1,-16.500849,-68.082352,0,810000,2,1999.0
0,40002059.0,5831204.0,8.0,0,6.0,690,0,3375,,23152,3086,21173,2,537843,1,1,-16.544395,-68.065979,0,610000,2,
0,40002059.0,5831204.0,7.0,0,5.0,425,0,2683,,18408,2454,16834,3,535961,1,1,-16.523042999999998,-68.06691,0,485000,2,2010.0
0,40002059.0,5831204.0,6.0,0,5.0,477,0,2462,,16889,2252,15446,3,535971,1,1,-16.542171,-68.076035,0,445000,2,
0,40002059.0,5831204.0,7.0,0,9.0,423,0,1252,,8588,1145,7854,3,536833,1,1,-16.510656,-68.061501,0,198000,1,
0,40002059.0,5831204.0,4.0,0,3.0,190,0,1043,,7157,954,6545,2,537014,1,1,-16.530199,-68.051765,0,165000,2,2009.0
0,40002059.0,5831204.0,3.0,0,9.0,416,0,1826,,12525,1670,11454,0,536963,1,1,-16.497734,-68.090775,0,330000,2,
1,46605679.0,6793831.0,4.0,0,3.0,325,0,868,1064.26,5957,792,5430,2,310279,1,1,-16.507460000000002,-68.041359,0,140000,2,
0,40002059.0,5831204.0,6.0,0,4.0,375,0,2268,,15561,2074,14231,2,543660,1,1,-16.546511,-68.069405,0,410000,2,
0,40002059.0,5831204.0,15.0,0,13.0,1438,0,7746,,53135,7084,48593,8,537849,1,1,-16.544447,-68.065163,0,1400000,2,
0,40002059.0,5831204.0,6.0,0,4.0,345,0,1992,,13663,1821,12495,3,543669,1,1,-16.514828,-68.060257,0,360000,2,
0,40002059.0,5831204.0,6.0,0,3.0,300,0,2434,,16700,2226,15272,3,544180,1,1,-16.550678,-68.085625,0,440000,1,2010.0
0,40002059.0,5831204.0,6.0,0,4.0,775,0,4149,,28465,3795,26032,4,544801,1,1,-16.547335,-68.07154799999999,0,750000,2,2001.0
0,40002059.0,5831204.0,5.0,0,4.0,620,0,4924,6808.61,33779,4503,30891,5,465858,1,1,-16.537254,-68.072968,0,890000,2,
0,40002059.0,5831204.0,7.0,0,7.0,550,0,3596,4551.84,24670,3289,22561,4,435921,1,1,-16.543509,-68.06154599999999,0,650000,2,1992.0
0,40002059.0,5831204.0,5.0,0,4.0,500,0,3154,3979.47,21634,2884,19784,3,465843,1,1,-16.489689000000002,-68.119293,0,570000,2,
0,40002059.0,5831204.0,3.0,0,9.0,570,0,1992,,13663,1821,12495,5,543428,1,1,-16.514051000000002,-68.12796,0,360000,2,1990.0
0,40002059.0,5831204.0,3.0,0,3.0,308,0,1494,,10248,1366,9371,3,543546,1,1,-16.549068,-68.073402,0,270000,2,1999.0
0,40002059.0,5831204.0,5.0,0,4.0,400,0,6639,,45545,6072,41651,2,541891,1,1,-16.540976999999998,-68.085983,0,1200000,2,
0,40002059.0,5831204.0,4.0,0,4.0,185,0,1043,,7157,954,6545,1,539383,1,1,-16.601361999999998,-68.07060200000001,0,165000,1,2018.0
0,40002059.0,5831204.0,8.0,0,35.0,1500,0,7082,,48581,6476,44428,6,540828,1,1,-16.486256,-68.141586,0,1280000,2,
0,40002059.0,5831204.0,5.0,0,4.0,557,0,7303,,50099,6679,45816,3,544110,1,1,-16.541328,-68.08330500000001,0,1320000,2,1990.0
0,40002059.0,5831204.0,8.0,0,14.0,600,0,2545,,17459,2327,15966,1,544221,1,1,-16.512918,-68.140167,0,460000,2,2005.0
0,40002059.0,5831204.0,7.0,0,5.0,485,0,1533,,10513,1402,9614,2,540081,1,1,-16.548794,-68.072678,0,277000,2,
0,40002059.0,5831204.0,5.0,0,5.0,400,0,1494,,10248,1366,9371,3,537631,1,1,-16.523371,-68.07356300000001,0,270000,2,2015.0
0,40002059.0,5831204.0,4.0,0,5.0,240,0,1454,,9976,1330,9124,2,536303,1,1,-16.520874,-68.105103,0,230000,2,2000.0
0,40002059.0,5831204.0,3.0,0,3.0,270,0,1359,,9326,1243,8529,3,539928,1,1,-16.516417,-68.05875400000001,0,215000,1,2017.0
0,40002059.0,5831204.0,4.0,0,4.0,350,0,1920,,13170,1756,12044,4,534512,1,1,-16.517717,-68.083733,0,347000,2,
0,40002059.0,5831204.0,5.0,0,4.0,391,0,1518,,10410,1388,9520,2,535384,1,1,-16.541451000000002,-68.058144,0,240000,2,
0,40002059.0,5831204.0,2.0,0,4.0,238,0,1328,,9109,1214,8330,3,527067,1,1,-16.525211,-68.107231,0,210000,2,1984.0
0,40002059.0,5831204.0,4.0,0,3.0,285,0,1909,,13094,1746,11975,3,534533,1,1,-16.53096,-68.069786,0,345000,2,2005.0
0,40002059.0,5831204.0,4.0,0,3.0,380,0,1516,,10399,1386,9510,3,534372,1,1,-16.563084,-68.09684,0,274000,2,
0,40002059.0,5831204.0,5.0,0,3.0,310,0,1549,,10627,1417,9719,2,523817,1,1,-16.567923,-68.10141,0,280000,2,
0,40002059.0,5831204.0,5.0,0,4.0,370,0,1604,2006.6,11007,1467,10066,1,522618,1,1,-16.566319,-68.106049,0,290000,2,2007.0
0,40002059.0,5831204.0,5.0,0,4.0,385,0,1853,,12715,1695,11628,2,530534,1,1,-16.525783999999998,-68.087418,0,335000,2,2000.0
0,40002059.0,5831204.0,4.0,0,3.0,220,0,1107,,7591,1012,6942,2,528791,1,1,-16.607189,-68.069458,0,175000,2,
0,40002059.0,5831204.0,4.0,0,4.0,300,0,1909,2408.63,13094,1746,11975,3,518532,1,1,-16.548094,-68.074226,0,345000,2,
0,40002059.0,5831204.0,7.0,0,4.0,604,0,4786,,32830,4377,30023,4,531757,1,1,-16.549946,-68.07412,0,865000,2,2013.0
0,40002059.0,5831204.0,5.0,0,6.0,368,0,1826,,12525,1670,11454,4,532862,1,1,-16.525633,-68.126923,0,330000,2,1997.0
0,40002059.0,5831204.0,5.0,0,6.0,365,0,1604,2024.64,11007,1467,10066,3,518837,1,1,-16.514671,-68.059669,0,290000,2,1993.0
0,40002059.0,5831204.0,,0,,0,0,3320,4188.91,22772,3036,20826,2,519527,1,1,-16.536472,-68.097267,0,600000,2,
0,40002059.0,5831204.0,5.0,0,5.0,290,0,2047,2583.16,14043,1872,12842,5,514403,1,1,-16.576521,-68.078659,0,370000,2,2006.0
0,40002059.0,5831204.0,6.0,0,5.0,760,0,3320,4188.91,22772,3036,20826,5,515362,1,1,-16.549126,-68.08414499999999,0,600000,2,2010.0
0,40002059.0,5831204.0,6.0,0,6.0,470,0,1743,2199.18,11955,1594,10933,3,513449,1,1,-16.521191,-68.081886,0,315000,2,
0,40002059.0,5831204.0,6.0,0,6.0,470,0,1743,2199.18,11955,1594,10933,3,514521,1,1,-16.521128,-68.081863,0,315000,2,
0,40002059.0,5831204.0,7.0,0,5.0,380,0,1815,2289.94,12449,1660,11385,4,517416,1,1,-16.56233,-68.100098,0,328000,2,
0,40002059.0,5831204.0,5.0,0,4.0,304,0,3043,3839.84,20875,2783,19090,2,517894,1,1,-16.527895,-68.08567,0,550000,1,1984.0
0,40002059.0,5831204.0,7.0,0,5.0,380,0,1815,2289.94,12449,1660,11385,4,517412,1,1,-16.56233,-68.100098,0,328000,2,
0,40002059.0,5831204.0,5.0,0,3.0,300,0,2434,3071.87,16700,2226,15272,2,517175,1,1,-16.549001999999998,-68.085922,0,440000,1,2011.0
0,40002059.0,5831204.0,,0,,570,0,4647,5864.48,31881,4250,29156,0,519529,1,1,-16.532557999999998,-68.099579,0,840000,2,
0,40002059.0,5831204.0,6.0,0,4.0,1400,0,2656,3141.68,18218,2429,16660,6,519250,1,1,-16.530298000000002,-68.05154399999999,0,480000,2,
0,40002059.0,5831204.0,6.0,0,4.0,1400,0,2656,3141.68,18218,2429,16660,6,519247,1,1,-16.530298000000002,-68.05154399999999,0,480000,2,
0,40002059.0,5831204.0,5.0,0,5.0,8746,0,5256,6632.45,36056,4807,32974,4,514291,1,1,-16.486481,-68.122314,0,950000,2,2008.0
0,40002059.0,5831204.0,5.0,0,4.0,421,0,3209,4049.28,22013,2935,20131,3,513456,1,1,-16.544249,-68.067841,0,580000,2,
0,40002059.0,5831204.0,3.0,0,3.0,188,0,1189,,8155,1087,7458,2,540569,1,1,-16.515472,-68.054611,0,188000,2,
0,40002059.0,5831204.0,3.0,0,3.0,150,0,1012,1117.04,6940,925,6347,2,519246,1,1,-16.503864,-68.076904,0,160000,2,
0,40002059.0,5831204.0,3.0,0,3.0,150,0,1012,1117.04,6940,925,6347,2,519245,1,1,-16.503864,-68.076904,0,160000,2,
0,40002059.0,5831204.0,3.0,0,3.0,188,0,1189,,8155,1087,7458,2,540568,1,1,-16.515472,-68.054611,0,188000,2,
0,40002059.0,5831204.0,4.0,0,3.0,220,0,1536,1745.38,10540,1405,9639,4,514510,1,1,-16.521921,-68.061165,0,243000,2,
0,40002059.0,5831204.0,4.0,0,3.0,220,0,1536,1745.38,10540,1405,9639,4,514509,1,1,-16.521334,-68.059662,0,243000,2,
0,40002059.0,5831204.0,6.0,0,6.0,470,0,1743,2199.18,11955,1594,10933,3,514522,1,1,-16.521128,-68.081863,0,315000,2,
0,40002059.0,5831204.0,5.0,0,4.0,29682,0,1826,2629.33,12525,1670,11454,4,514500,1,1,-16.521263,-68.061661,0,330000,2,
0,40002059.0,5831204.0,6.0,0,5.0,485,0,2429,3064.89,16662,2221,15237,4,514612,1,1,-16.511829000000002,-68.056412,0,439000,2,
0,40002059.0,5831204.0,5.0,0,4.0,548,0,2545,3211.5,17459,2327,15966,4,514707,1,1,-16.517159,-68.061378,0,460000,2,2010.0
0,40002059.0,5831204.0,2.0,0,6.0,200,0,1391,1535.93,9543,1272,8727,2,514850,1,1,-16.521445999999997,-68.108292,0,220000,2,1978.0
0,40002059.0,5831204.0,4.0,0,3.0,260,0,1947,2457.5,13360,1781,12218,3,515436,1,1,-16.534136,-68.074265,0,352000,2,1976.0
0,40002059.0,5831204.0,3.0,0,3.0,181,0,1687,2129.36,11576,1543,10586,2,515881,1,1,-16.521254000000003,-68.061813,0,305000,2,
0,46605679.0,6793831.0,4.0,0,3.0,300,0,744,837.78,5106,679,4655,2,513729,1,1,-16.544447,-68.074432,0,120000,2,
0,40002059.0,5831204.0,3.0,0,3.0,181,0,1687,2129.36,11576,1543,10586,2,515880,1,1,-16.519958,-68.060356,0,305000,2,
0,48463835.0,7064699.0,1.0,0,2.0,75,0,507,628.34,3478,459,3150,0,514663,1,1,-16.484789000000003,-68.092392,0,85000,1,2015.0
0,40002059.0,5831204.0,6.0,0,5.0,424,0,4149,5168.31,28465,3795,26032,3,519587,1,1,-16.551737,-68.066109,0,750000,2,
0,40002059.0,5831204.0,6.0,0,5.0,424,0,4149,5168.31,28465,3795,26032,3,519586,1,1,-16.551737,-68.066109,0,750000,2,
0,40002059.0,5831204.0,,0,,368,0,3043,3805.62,20875,2783,19090,2,520263,1,1,-16.527658,-68.069748,0,550000,2,
0,40002059.0,5831204.0,2.0,0,10.0,473,0,1353,1563.86,9282,1237,8489,1,518370,1,1,-16.493259,-68.159348,0,214000,2,1993.0
0,46605679.0,6793831.0,2.0,0,2.0,200,0,744,830.32,5106,679,4655,3,520381,1,1,-16.657347,-68.034798,0,120000,2,2000.0
0,48463835.0,7064699.0,1.0,0,3.0,120,0,537,628.34,3683,486,3335,3,515571,1,1,-16.550926,-68.161827,0,90000,2,
0,40002059.0,5831204.0,5.0,0,4.0,446,0,1909,2408.63,13094,1746,11975,3,519018,1,1,-16.520546,-68.103096,0,345000,2,
0,40002059.0,5831204.0,4.0,0,4.0,350,0,2102,2618.61,14422,1923,13189,2,519592,1,1,-16.614521,-68.067787,0,380000,2,
0,40002059.0,5831204.0,1.0,0,3.0,200,0,1265,,8675,1156,7934,0,532065,1,1,-16.51502,-68.131523,0,200000,2,1998.0
0,40002059.0,5831204.0,3.0,0,3.0,407,0,1743,,11955,1594,10933,2,532604,1,1,-16.55435,-68.08129100000001,0,315000,1,2016.0
0,40002059.0,5831204.0,7.0,0,5.0,311,0,1837,,12601,1680,11523,3,533921,1,1,-16.518064000000003,-68.06014300000001,0,332000,2,
0,40002059.0,5831204.0,5.0,0,3.0,250,0,1549,,10627,1417,9719,2,532994,1,1,-16.526332999999997,-68.06279,0,280000,1,2018.0
0,40002059.0,5831204.0,6.0,0,4.0,385,0,1638,,11234,1498,10274,3,533209,1,1,-16.516356,-68.061913,0,296000,2,2007.0
0,40002059.0,5831204.0,5.0,0,4.0,400,0,3541,4428.35,24290,3238,22214,3,519044,1,1,-16.548178,-68.087639,0,640000,2,2005.0
0,40002059.0,5831204.0,4.0,0,4.0,500,0,2490,3113.69,17079,2277,15619,5,521615,1,1,-16.513569,-68.052162,0,450000,2,2013.0
0,40002059.0,5831204.0,5.0,0,4.0,430,0,2600,,17838,2378,16313,3,533576,1,1,-16.519688000000002,-68.087944,0,470000,2,2003.0
0,40002059.0,5831204.0,5.0,0,3.0,300,0,2434,3044.49,16700,2226,15272,2,521102,1,1,-16.54711,-68.084724,0,440000,2,2010.0
0,40002059.0,5831204.0,5.0,0,3.0,290,0,1577,1972.0,10817,1442,9892,3,521228,1,1,-16.515877,-68.057846,0,285000,2,
0,40002059.0,5831204.0,6.0,0,10.0,434,0,1265,,8675,1156,7934,5,534265,1,1,-16.535917,-68.104675,0,200000,2,
0,40002059.0,5831204.0,4.0,0,3.0,371,0,1581,1729.83,10844,1446,9917,3,521331,1,1,-16.520326999999998,-68.058716,0,250000,1,
0,40002059.0,5831204.0,5.0,0,4.0,458,0,3873,,26568,3542,24296,2,525068,1,1,-16.528246,-68.102898,0,700000,2,
0,40002059.0,5831204.0,5.0,0,3.0,300,0,2434,3044.49,16700,2226,15272,2,521973,1,1,-16.548529000000002,-68.08626600000001,0,440000,2,2012.0
0,40002059.0,5831204.0,3.0,0,4.0,274,0,1577,1972.0,10817,1442,9892,2,522276,1,1,-16.562513,-68.099525,0,285000,1,2018.0
0,40002059.0,5831204.0,3.0,0,3.0,291,0,2346,2933.78,16092,2145,14717,4,522289,1,1,-16.534788,-68.076736,0,424000,2,
0,40002059.0,5831204.0,4.0,0,4.0,420,0,2484,,17041,2272,15584,2,523375,1,1,-16.526289000000002,-68.063675,0,449000,2,1990.0
0,40002059.0,5831204.0,6.0,0,4.0,519,0,4426,,30363,4048,27767,2,523704,1,1,-16.509783,-68.054062,0,800000,2,
0,40002059.0,5831204.0,7.0,0,4.0,600,0,8299,,56931,7589,52064,5,523354,1,1,-16.542417999999998,-68.087929,0,1500000,2,
0,40002059.0,5831204.0,4.0,0,4.0,400,0,1936,,13284,1771,12148,5,523362,1,1,-16.50466,-68.082024,0,350000,2,2005.0
0,40002059.0,5831204.0,4.0,0,3.0,220,0,999,,6853,914,6267,3,523004,1,1,-16.538385,-68.042877,0,158000,2,2005.0
0,40002059.0,5831204.0,4.0,0,4.0,400,0,1992,,13663,1821,12495,4,523372,1,1,-16.546265,-68.066666,0,360000,2,2000.0
0,40002059.0,5831204.0,4.0,0,3.0,298,0,948,,6506,867,5950,2,524031,1,1,-16.523066,-68.059143,0,150000,2,
0,40002059.0,5831204.0,3.0,0,4.0,560,0,7192,,49340,6578,45122,3,523386,1,1,-16.528067,-68.104027,0,1300000,2,1980.0
0,40002059.0,5831204.0,3.0,0,4.0,220,0,2296,,15751,2100,14404,1,527017,1,1,-16.543034,-68.086189,0,415000,1,1975.0
0,40002059.0,5831204.0,4.0,0,3.0,280,0,1438,,9868,1316,9024,1,524024,1,1,-16.586498000000002,-68.076141,0,260000,2,
0,40002059.0,5831204.0,5.0,0,4.0,385,0,2042,,14005,1867,12808,2,528645,1,1,-16.521849,-68.060928,0,369000,2,1990.0
0,40002059.0,5831204.0,5.0,0,10.0,800,0,2102,,14422,1923,13189,0,528514,1,1,-16.492552,-68.133087,0,380000,2,1920.0
0,40002059.0,5831204.0,4.0,0,3.0,280,0,1438,,9868,1316,9024,1,524023,1,1,-16.586498000000002,-68.076141,0,260000,2,
0,40002059.0,5831204.0,8.0,0,13.0,600,0,2711,,18597,2479,17008,1,528477,1,1,-16.513018,-68.14076999999999,0,490000,2,1995.0
0,40002059.0,5831204.0,6.0,0,5.0,380,0,1770,,12145,1619,11107,3,528566,1,1,-16.537891000000002,-68.043816,0,320000,1,2019.0
0,40002059.0,5831204.0,4.0,0,3.0,220,0,1107,,7591,1012,6942,2,528790,1,1,-16.607189,-68.069458,0,175000,2,
0,40002059.0,5831204.0,4.0,0,4.0,190,0,1138,,7808,1041,7140,2,530743,1,1,-16.576653,-68.12571,0,180000,2,
0,40002059.0,5831204.0,4.0,0,5.0,415,0,2102,,14422,1923,13189,3,530643,1,1,-16.522291,-68.057396,0,380000,2,2004.0
0,40002059.0,5831204.0,4.0,0,5.0,324,0,1632,,11196,1493,10239,2,528581,1,1,-16.529593,-68.099983,0,295000,2,2014.0
0,40002059.0,5831204.0,2.0,0,3.0,180,0,1170,,8025,1070,7339,3,530178,1,1,-16.52261,-68.059875,0,185000,1,
0,40002059.0,5831204.0,14.0,0,18.0,700,0,4426,,30363,4048,27767,1,530135,1,1,-16.511547,-68.128136,0,800000,1,1954.0
0,40002059.0,5831204.0,7.0,0,6.0,506,0,2086,,14309,1907,13085,3,530469,1,1,-16.526460999999998,-68.07463100000001,0,377000,2,1992.0
0,40002059.0,5831204.0,4.0,0,4.0,190,0,1138,,7808,1041,7140,2,530742,1,1,-16.576653,-68.12571,0,180000,2,
0,40002059.0,5831204.0,5.0,0,6.0,270,0,1511,,10367,1382,9481,3,530383,1,1,-16.569035,-68.118149,0,239000,1,2019.0
0,40002059.0,5831204.0,,0,4.0,350,0,1920,,13170,1756,12044,4,530963,1,1,-16.517838,-68.083603,0,347000,2,
0,40002059.0,5831204.0,3.0,0,3.0,217,0,1466,,10058,1341,9198,2,530647,1,1,-16.535631,-68.069572,0,265000,2,1999.0
0,40002059.0,5831204.0,4.0,0,6.0,300,0,1454,,9976,1330,9124,0,530932,1,1,-16.50618,-68.139709,0,230000,2,1995.0
0,40002059.0,5831204.0,6.0,0,6.0,354,0,1936,,13284,1771,12148,3,532239,1,1,-16.533255,-68.080299,0,350000,2,
0,40002059.0,5831204.0,5.0,0,4.0,460,0,1770,,12145,1619,11107,6,523979,1,1,-16.523577,-68.05259699999999,0,320000,2,2012.0
0,40002059.0,5831204.0,8.0,0,7.0,550,0,3541,,24290,3238,22214,2,531055,1,1,-16.509914000000002,-68.129486,0,639999,2,1990.0
0,40002059.0,5831204.0,5.0,0,5.0,380,0,1770,,12145,1619,11107,4,522504,1,1,-16.562739999999998,-68.099571,0,320000,2,2015.0
0,40002059.0,5831204.0,5.0,0,4.0,500,0,3043,,20875,2783,19090,2,524108,1,1,-16.512735,-68.057358,0,550000,2,1997.0
0,40002059.0,5831204.0,4.0,0,3.0,310,0,2324,,15941,2125,14578,3,524509,1,1,-16.535515,-68.075829,0,420000,2,1985.0
0,40002059.0,5831204.0,5.0,0,5.0,720,0,4902,,33627,4483,30752,5,524564,1,1,-16.523424,-68.108078,0,886000,2,1980.0
0,40002059.0,5831204.0,5.0,0,4.0,420,0,3043,,20875,2783,19090,1,527283,1,1,-16.516829,-68.064293,0,550000,2,
0,40002059.0,5831204.0,5.0,0,4.0,405,0,3154,,21634,2884,19784,3,524768,1,1,-16.55624,-68.112061,0,570000,2,
0,40002059.0,5831204.0,6.0,0,4.0,460,0,1770,,12145,1619,11107,8,526187,1,1,-16.523289000000002,-68.05438199999999,0,320000,2,2010.0
0,40002059.0,5831204.0,3.0,0,3.0,230,0,917,,6290,838,5752,1,523999,1,1,-16.544804,-68.046806,0,145000,1,2018.0
0,40002059.0,5831204.0,3.0,0,4.0,300,0,1936,,13284,1771,12148,3,527597,1,1,-16.560845999999998,-68.091507,0,350000,2,
0,40002059.0,5831204.0,7.0,0,6.0,408,0,1936,,13284,1771,12148,1,527208,1,1,-16.521027,-68.0821,0,350000,1,2018.0
0,40002059.0,5831204.0,5.0,0,5.0,420,0,1936,,13284,1771,12148,3,527155,1,1,-16.524481,-68.112289,0,350000,2,2010.0
0,40002059.0,5831204.0,3.0,0,3.0,187,0,1518,,10410,1388,9520,2,527885,1,1,-16.544007999999998,-68.054024,0,240000,2,
0,40002059.0,5831204.0,7.0,0,4.0,650,0,4924,,33779,4503,30891,5,527643,1,1,-16.556341,-68.09605400000001,0,890000,2,
0,40002059.0,5831204.0,4.0,0,3.0,300,0,1422,,9754,1300,8920,2,528154,1,1,-16.547216,-68.06343100000001,0,257000,1,
0,40002059.0,5831204.0,2.0,0,4.0,150,0,1107,,7591,1012,6942,1,527309,1,1,-16.455015,-68.149338,0,175000,2,2011.0
0,40002059.0,5831204.0,4.0,0,4.0,230,0,948,,6506,867,5950,2,527966,1,1,-16.544898999999997,-68.052948,0,150000,2,2015.0
0,40002059.0,5831204.0,3.0,0,3.0,305,0,1012,,6940,925,6347,2,527972,1,1,-16.502466000000002,-68.081032,0,160000,1,2014.0
0,40002059.0,5831204.0,5.0,0,4.0,339,0,1687,,11576,1543,10586,2,534681,1,1,-16.5411,-68.054459,0,305000,2,
0,40002059.0,5831204.0,3.0,0,9.0,199,0,2047,,14043,1872,12842,2,534701,1,1,-16.476418,-68.121239,0,370000,2,
0,40002059.0,5831204.0,4.0,0,3.0,300,0,2268,,15561,2074,14231,2,532300,1,1,-16.584648,-68.149078,0,410000,1,2017.0
0,40002059.0,5831204.0,7.0,0,6.0,452,0,3596,,24670,3289,22561,4,535178,1,1,-16.531303,-68.091599,0,650000,2,2002.0
0,40002059.0,5831204.0,3.0,0,3.0,565,0,1549,,10627,1417,9719,0,535711,1,1,-16.484811999999998,-68.14502,0,280000,2,
0,46605679.0,6793831.0,3.0,0,4.0,310,0,775,,5319,707,4849,1,535246,1,1,-16.537397,-68.04278599999999,0,125000,2,
0,40002059.0,5831204.0,4.0,0,4.0,270,0,1770,,12145,1619,11107,2,535390,1,1,-16.548105,-68.064255,0,320000,2,2017.0
0,40002059.0,5831204.0,6.0,0,5.0,290,0,1486,,10193,1359,9322,3,534859,1,1,-16.578794,-68.125633,0,235000,2,2014.0
0,46605679.0,6793831.0,4.0,0,3.0,216,0,806,,5531,735,5042,1,535386,1,1,-16.544928,-68.04911,0,130000,2,2012.0
0,40002059.0,5831204.0,2.0,0,5.0,138,0,1126,,7721,1029,7061,2,535574,1,1,-16.514194,-68.131546,0,178000,1,
0,40002059.0,5831204.0,2.0,0,3.0,160,0,1378,,9456,1261,8648,1,535511,1,1,-16.501972,-68.120941,0,218000,2,
0,40002059.0,5831204.0,5.0,0,4.0,350,0,2683,,18408,2454,16834,2,535607,1,1,-16.543217000000002,-68.087242,0,485000,2,1998.0
0,40002059.0,5831204.0,6.0,0,6.0,407,0,1581,,10844,1446,9917,4,535570,1,1,-16.511110000000002,-68.082832,0,250000,2,2008.0
0,40002059.0,5831204.0,4.0,0,5.0,333,0,1391,,9543,1272,8727,2,540031,1,1,-16.51738,-68.062973,0,220000,1,
0,40002059.0,5831204.0,4.0,0,3.0,300,0,1743,,11955,1594,10933,3,540389,1,1,-16.523107999999997,-68.059296,0,315000,2,
0,40002059.0,5831204.0,8.0,0,4.0,700,0,4592,,31502,4200,28809,4,535828,1,1,-16.561783,-68.092979,0,830000,2,2000.0
0,40002059.0,5831204.0,3.0,0,3.0,250,0,1770,,12145,1619,11107,2,540343,1,1,-16.525921,-68.08575400000001,0,320000,2,2013.0
0,40002059.0,5831204.0,4.0,0,3.0,226,0,1043,,7157,954,6545,3,535614,1,1,-16.578543,-68.125648,0,165000,2,2009.0
0,40002059.0,5831204.0,6.0,0,5.0,270,0,1486,,10193,1359,9322,3,535632,1,1,-16.578782999999998,-68.12556500000001,0,235000,2,2014.0
0,40002059.0,5831204.0,6.0,0,12.0,561,0,1411,,9678,1290,8851,0,540177,1,1,-16.475327,-68.128036,0,255000,1,2010.0
0,46605679.0,6793831.0,2.0,0,8.0,100,0,837,,5744,763,5236,4,540355,1,1,-16.494308,-68.16394,0,135000,2,2018.0
0,40002059.0,5831204.0,3.0,0,3.0,239,0,1170,,8025,1070,7339,1,540966,1,1,-16.540039,-68.065414,0,185000,2,
0,40002059.0,5831204.0,5.0,0,4.0,330,0,2185,,14992,1999,13710,3,540963,1,1,-16.522072,-68.062073,0,395000,2,
0,40002059.0,5831204.0,3.0,0,3.0,239,0,1170,,8025,1070,7339,1,540965,1,1,-16.54269,-68.061646,0,185000,2,
1,40002059.0,5831204.0,3.0,0,4.0,270,0,1909,,13094,1746,11975,1,537483,1,1,-16.520121,-68.06193499999999,0,345000,2,
0,40002059.0,5831204.0,5.0,0,5.0,290,0,1743,,11955,1594,10933,2,537509,1,1,-16.516088,-68.06517,0,315000,1,2012.0
0,40002059.0,5831204.0,4.0,0,3.0,393,0,1265,,8675,1156,7934,3,540956,1,1,-16.544453,-68.07309000000001,0,200000,2,
0,40002059.0,5831204.0,4.0,0,3.0,169,0,1233,,8458,1128,7735,0,537460,1,1,-16.520779,-68.059296,0,195000,1,2019.0
0,40002059.0,5831204.0,2.0,0,5.0,135,0,1201,,8241,1099,7537,2,537328,1,1,-16.491660999999997,-68.11725600000001,0,190000,2,
0,40002059.0,5831204.0,4.0,0,5.0,357,0,2047,,14043,1872,12842,3,537523,1,1,-16.538014999999998,-68.07592,0,370000,2,
0,40002059.0,5831204.0,3.0,0,5.0,257,0,1378,,9456,1261,8648,1,537561,1,1,-16.519852,-68.102638,0,218000,2,1992.0
0,40002059.0,5831204.0,2.0,0,3.0,200,0,1549,,10627,1417,9719,1,538421,1,1,-16.504665,-68.13720699999999,0,280000,2,1983.0
0,40002059.0,5831204.0,4.0,0,4.0,450,0,2490,,17079,2277,15619,3,537129,1,1,-16.609627,-68.072983,0,450000,2,
0,40002059.0,5831204.0,2.0,0,4.0,235,0,1454,,9976,1330,9124,2,537563,1,1,-16.5151,-68.091286,0,230000,2,1994.0
0,40002059.0,5831204.0,5.0,0,3.0,305,0,1577,,10817,1442,9892,2,539594,1,1,-16.526173,-68.061867,0,285000,1,2018.0
0,40002059.0,5831204.0,4.0,0,4.0,260,0,1454,,9976,1330,9124,6,537104,1,1,-16.642771,-68.042023,0,230000,2,2015.0
0,40002059.0,5831204.0,5.0,0,4.0,374,0,1743,,11955,1594,10933,2,538835,1,1,-16.520982999999998,-68.084923,0,315000,2,2009.0
0,40002059.0,5831204.0,8.0,0,5.0,1200,0,11619,,79703,10625,72889,5,537571,1,1,-16.549495999999998,-68.088348,0,2100000,2,2000.0
0,40002059.0,5831204.0,4.0,0,4.0,272,0,1454,,9976,1330,9124,2,538754,1,1,-16.505861,-68.13497199999999,0,230000,2,
0,40002059.0,5831204.0,7.0,0,5.0,485,0,1533,,10513,1402,9614,2,540080,1,1,-16.548794,-68.072678,0,277000,2,
0,40002059.0,5831204.0,4.0,0,8.0,400,0,1953,,13398,1786,12252,2,539546,1,1,-16.480288,-68.12233,0,353000,2,
0,48463835.0,7064699.0,1.0,0,3.0,90,0,656,,4501,594,4076,0,536999,1,1,-16.49021,-68.12718199999999,0,110000,2,1980.0
0,40002059.0,5831204.0,7.0,0,6.0,452,0,3596,,24670,3289,22561,4,539735,1,1,-16.531284,-68.091545,0,650000,2,2002.0
0,40002059.0,5831204.0,4.0,0,4.0,209,0,1549,,10627,1417,9719,3,539655,1,1,-16.531843,-68.037132,0,280000,2,2018.0
0,40002059.0,5831204.0,6.0,0,4.0,310,0,1466,,10058,1341,9198,4,538059,1,1,-16.515358,-68.059921,0,265000,2,2008.0
0,40002059.0,5831204.0,4.0,0,4.0,435,0,3154,,21634,2884,19784,2,537911,1,1,-16.53327,-68.09073599999999,0,570000,2,2007.0
0,40002059.0,5831204.0,8.0,0,5.0,597,0,2158,,14802,1973,13537,2,538236,1,1,-16.530537,-68.087875,0,390000,2,
0,40002059.0,5831204.0,5.0,0,4.0,618,0,1881,,12904,1720,11801,4,537959,1,1,-16.544145999999998,-68.061272,0,340000,2,2007.0
0,40002059.0,5831204.0,8.0,0,5.0,597,0,2158,,14802,1973,13537,2,538235,1,1,-16.529081,-68.084404,0,390000,2,
0,40002059.0,5831204.0,4.0,0,3.0,370,0,1391,,9543,1272,8727,3,538079,1,1,-16.535034,-68.070045,0,220000,2,2008.0
0,40002059.0,5831204.0,3.0,0,8.0,724,0,3309,,22696,3026,20756,6,538081,1,1,-16.521328,-68.110741,0,598000,2,
0,40002059.0,5831204.0,8.0,0,6.0,690,0,3375,,23152,3086,21173,2,537842,1,1,-16.544395,-68.065979,0,610000,2,
0,46605679.0,6793831.0,7.0,0,6.0,120,0,744,,5106,679,4655,5,538163,1,1,-16.472136,-68.112648,0,120000,2,2018.0
0,46605679.0,6793831.0,7.0,0,8.0,120,0,744,,5106,679,4655,5,538191,1,1,-16.472054999999997,-68.11277,0,120000,2,2018.0
0,40002059.0,5831204.0,4.0,0,4.0,304,0,2047,,14043,1872,12842,2,537846,1,1,-16.544447,-68.065163,0,370000,2,
0,40002059.0,5831204.0,2.0,0,2.0,162,0,1043,,7157,954,6545,5,536310,1,1,-16.651297,-68.021523,0,165000,1,2015.0
0,40002059.0,5831204.0,15.0,0,13.0,1438,0,7746,,53135,7084,48593,8,537848,1,1,-16.544447,-68.065163,0,1400000,2,
0,40002059.0,5831204.0,4.0,0,3.0,444,0,2600,,17838,2378,16313,4,537844,1,1,-16.544447,-68.065163,0,470000,2,
0,40002059.0,5831204.0,5.0,0,6.0,248,0,1265,,8675,1156,7934,4,536564,1,1,-16.539351999999997,-68.049644,0,200000,2,2015.0
0,40002059.0,5831204.0,5.0,0,11.0,800,0,2766,,18977,2530,17355,0,536782,1,1,-16.497694,-68.14941400000001,0,500000,2,
0,40002059.0,5831204.0,3.0,0,5.0,340,0,1518,,10410,1388,9520,3,536698,1,1,-16.533953,-68.102379,0,240000,2,
0,40002059.0,5831204.0,19.0,0,22.0,1276,0,6639,,45545,6072,41651,0,536656,1,1,-16.492573,-68.135849,0,1200000,1,1900.0
0,40002059.0,5831204.0,4.0,0,4.0,400,0,2102,2932.24,14422,1923,13189,2,511586,1,1,-16.541656,-68.055672,0,380000,2,
0,40002059.0,5831204.0,1.0,0,2.0,200,0,1581,,10844,1446,9917,0,506725,1,1,-16.514129999999998,-68.131111,0,250000,2,1998.0
0,40002059.0,5831204.0,5.0,0,5.0,267,0,1511,1696.51,10367,1382,9481,3,507823,1,1,-16.569445,-68.117805,0,239000,1,2019.0
0,40002059.0,5831204.0,5.0,0,5.0,380,0,2429,3062.4,16662,2221,15237,5,505024,1,1,-16.512428,-68.058136,0,439000,2,
0,40002059.0,5831204.0,6.0,0,4.0,345,0,2075,2615.95,14233,1897,13016,2,504980,1,1,-16.512421,-68.057358,0,375000,2,
0,40002059.0,5831204.0,4.0,0,4.0,380,0,1936,2441.55,13284,1771,12148,2,503705,1,1,-16.610449,-68.07015200000001,0,350000,1,2014.0
0,40002059.0,5831204.0,4.0,0,4.0,264,0,1170,1284.25,8025,1070,7339,2,492329,1,1,-16.517941,-68.07995600000001,0,185000,2,
0,40002059.0,5831204.0,3.0,0,3.0,240,0,2877,3609.79,19736,2631,18049,10,489249,1,1,-16.519524,-68.065338,0,520000,2,
0,40002059.0,5831204.0,4.0,1,4.0,294,0,1936,2443.53,13284,1771,12148,1,507733,1,1,-16.542734,-68.085236,0,350000,2,
0,40002059.0,5831204.0,6.0,0,4.0,460,0,1936,2431.65,13284,1771,12148,4,481111,1,1,-16.524584,-68.052284,0,350000,2,
0,40002059.0,5831204.0,3.0,1,4.0,500,0,3209,4026.31,22013,2935,20131,4,490924,1,1,-16.535889,-68.07254,0,580000,2,1985.0
0,40002059.0,5831204.0,4.0,0,3.0,152,0,942,1035.19,6463,862,5910,3,458872,1,1,-16.54645,-68.05423,0,149000,1,2018.0
0,40002059.0,5831204.0,5.0,0,3.0,400,0,3098,3890.63,21254,2833,19437,3,462927,1,1,-16.56514,-68.10067,0,560000,2,
0,40002059.0,5831204.0,6.0,0,4.0,850,0,8299,10421.34,56931,7589,52064,2,467915,1,1,-16.548920000000003,-68.087296,0,1500000,2,
0,40002059.0,5831204.0,4.0,1,4.0,457,0,2545,3208.89,17459,2327,15966,1,504663,1,1,-16.522446,-68.05828100000001,0,460000,2,
0,40002059.0,5831204.0,6.0,0,5.0,840,0,7137,8955.06,48960,6527,44775,8,441379,1,1,-16.540197,-68.076225,0,1290000,2,1990.0
0,40002059.0,5831204.0,4.0,0,4.0,655,0,2185,2744.29,14992,1999,13710,3,452875,1,1,-16.489689000000002,-68.119293,0,395000,2,
0,40002059.0,5831204.0,8.0,0,12.0,910,0,6545,8158.82,44899,5986,41061,8,437939,1,1,-16.542702,-68.085693,0,1183000,2,
0,40002059.0,5831204.0,4.0,0,3.0,467,0,2600,3281.32,17838,2378,16313,4,430035,1,1,-16.542818,-68.065536,0,470000,2,2014.0
0,40002059.0,5831204.0,4.0,0,4.0,943,0,4205,5280.15,28845,3845,26379,1,465787,1,1,-16.527407,-68.10991700000001,0,760000,2,
0,40002059.0,5831204.0,4.0,0,4.0,943,0,4205,5241.51,28845,3845,26379,1,436364,1,1,-16.524628,-68.11284599999999,0,760000,2,
0,40002059.0,5831204.0,6.0,0,7.0,340,0,2755,3434.57,18901,2520,17285,4,439025,1,1,-16.527731,-68.086525,0,498000,2,
0,40002059.0,5831204.0,8.0,0,12.0,910,0,6545,8218.96,44899,5986,41061,8,465772,1,1,-16.541306,-68.086678,0,1183000,2,
0,40002059.0,5831204.0,4.0,0,5.0,370,0,1964,2478.44,13474,1796,12322,2,440061,1,1,-16.544107,-68.095566,0,355000,2,2000.0
0,40002059.0,5831204.0,6.0,0,5.0,450,0,2285,2848.35,15675,2090,14335,2,444308,1,1,-16.519045000000002,-68.060539,0,413000,1,2015.0
0,40002059.0,5831204.0,5.0,0,4.0,296,0,2158,2698.53,14802,1973,13537,3,446006,1,1,-16.519228,-68.06489599999999,0,390000,2,2014.0
0,40002059.0,5831204.0,3.0,0,4.0,230,0,1233,1344.86,8458,1128,7735,3,446905,1,1,-16.524110999999998,-68.120255,0,195000,2,
0,40002059.0,5831204.0,8.0,0,7.0,680,0,1936,2431.65,13284,1771,12148,4,465751,1,1,-16.646954,-68.044205,0,350000,2,
0,40002059.0,5831204.0,3.0,0,3.0,300,0,1577,1965.57,10817,1442,9892,4,446285,1,1,-16.513248,-68.05998199999999,0,285000,2,
0,40002059.0,5831204.0,5.0,0,5.0,316,0,2158,2689.72,14802,1973,13537,2,446641,1,1,-16.543941,-68.07907900000001,0,390000,2,
0,40002059.0,5831204.0,8.0,0,7.0,680,0,1936,2413.85,13284,1771,12148,4,441533,1,1,-16.645044,-68.042847,0,350000,2,
0,40002059.0,5831204.0,3.0,0,4.0,680,0,4315,5379.44,29604,3947,27073,4,447897,1,1,-16.544173999999998,-68.08602900000001,0,780000,2,
0,40002059.0,5831204.0,8.0,0,7.0,613,0,4426,5862.22,30363,4048,27767,10,447250,1,1,-16.536041,-68.07579799999999,0,800000,1,2017.0
0,40002059.0,5831204.0,4.0,0,5.0,320,0,1770,2223.22,12145,1619,11107,4,455119,1,1,-16.541327,-68.069115,0,320000,2,
0,40002059.0,5831204.0,5.0,0,5.0,650,0,2711,3404.3,18597,2479,17008,2,465691,1,1,-16.535351000000002,-68.074448,0,490000,2,
0,40002059.0,5831204.0,10.0,0,7.0,800,0,5090,6423.0,34918,4655,31932,5,447253,1,1,-16.542417999999998,-68.061134,0,920000,2,
0,40002059.0,5831204.0,6.0,0,4.0,413,0,2324,2917.98,15941,2125,14578,3,453304,1,1,-16.525179,-68.08635699999999,0,420000,2,
0,40002059.0,5831204.0,3.0,0,3.0,246,0,1577,1980.05,10817,1442,9892,2,454367,1,1,-16.535425,-68.068649,0,285000,2,2000.0
0,40002059.0,5831204.0,4.0,0,4.0,329,0,2158,2709.55,14802,1973,13537,2,465647,1,1,-16.543816,-68.075096,0,390000,2,
0,40002059.0,5831204.0,4.0,0,4.0,329,0,2158,2709.55,14802,1973,13537,2,463904,1,1,-16.543816,-68.075096,0,390000,2,
0,40002059.0,5831204.0,4.0,0,5.0,400,0,3430,4307.49,23531,3137,21520,2,455583,1,1,-16.522907,-68.06752,0,620000,2,
0,40002059.0,5831204.0,7.0,1,7.0,504,0,2379,3002.05,16320,2176,14925,3,490948,1,1,-16.521317,-68.063278,0,430000,2,2012.0
0,40002059.0,5831204.0,4.0,1,3.0,287,0,2324,2932.24,15941,2125,14578,0,507752,1,1,-16.526178,-68.08721899999999,0,420000,2,
0,40002059.0,5831204.0,4.0,0,5.0,450,0,2158,2709.55,14802,1973,13537,3,466369,1,1,-16.521849,-68.063225,0,390000,1,2014.0
0,40002059.0,5831204.0,6.0,0,6.0,378,0,2075,2618.07,14233,1897,13016,5,462925,1,1,-16.540356,-68.098732,0,375000,2,
0,40002059.0,5831204.0,4.0,0,3.0,152,0,942,1035.19,6463,862,5910,3,457818,1,1,-16.547148,-68.045662,0,149000,2,
0,40002059.0,5831204.0,5.0,0,4.0,300,0,2683,3369.57,18408,2454,16834,4,463146,1,1,-16.541307,-68.085472,0,485000,2,
0,40002059.0,5831204.0,4.0,0,4.0,307,0,1075,1181.09,7374,983,6744,1,468598,1,1,-16.540758,-68.063416,0,170000,2,
0,40002059.0,5831204.0,5.0,0,4.0,300,0,1992,2499.09,13663,1821,12495,3,464393,1,1,-16.489689000000002,-68.119293,0,360000,2,
0,40002059.0,5831204.0,4.0,0,4.0,265,0,1466,1885.01,10058,1341,9198,2,466536,1,1,-16.513907999999997,-68.057381,0,265000,1,2017.0
0,40002059.0,5831204.0,6.0,0,6.0,378,0,2075,2605.34,14233,1897,13016,5,466406,1,1,-16.539455,-68.098412,0,375000,1,2011.0
0,40002059.0,5831204.0,5.0,0,5.0,346,0,2213,2776.76,15182,2024,13884,2,468574,1,1,-16.545864,-68.07914,0,400000,2,
0,40002059.0,5831204.0,3.0,1,3.0,265,1,1549,1954.83,10627,1417,9719,1,507745,1,1,-16.522997,-68.05699200000001,0,280000,2,
0,40002059.0,5831204.0,5.0,0,5.0,346,0,2213,2776.76,15182,2024,13884,2,468569,1,1,-16.545864,-68.07914,0,400000,2,
0,40002059.0,5831204.0,4.0,0,3.0,275,0,1582,1987.0,10855,1447,9927,2,459657,1,1,-16.527639,-68.062057,0,286000,1,2018.0
1,40002059.0,5831204.0,6.0,1,4.0,592,0,3596,4512.24,24670,3289,22561,2,490936,1,1,-16.547507999999997,-68.087639,0,650000,2,2014.0
0,40002059.0,5831204.0,4.0,0,3.0,673,0,3596,4515.91,24670,3289,22561,2,460413,1,1,-16.54751,-68.068787,0,650000,2,
0,40002059.0,5831204.0,4.0,0,3.0,673,0,3596,4515.91,24670,3289,22561,2,465614,1,1,-16.54751,-68.068787,0,650000,2,
0,40002059.0,5831204.0,4.0,0,5.0,450,0,2158,2709.55,14802,1973,13537,3,465609,1,1,-16.519253,-68.06195100000001,0,390000,2,
0,40002059.0,5831204.0,6.0,0,4.0,355,0,1770,2206.95,12145,1619,11107,2,448275,1,1,-16.559036,-68.09816,0,320000,2,2016.0
0,40002059.0,5831204.0,5.0,0,3.0,400,0,3098,3890.63,21254,2833,19437,3,465607,1,1,-16.56514,-68.10067,0,560000,2,
0,40002059.0,5831204.0,7.0,1,7.0,550,0,3652,4581.66,25050,3339,22908,4,490966,1,1,-16.543507,-68.061691,0,660000,2,1993.0
0,40002059.0,5831204.0,5.0,0,4.0,450,0,3209,4000.1,22013,2935,20131,3,449388,1,1,-16.544701,-68.073273,0,580000,2,
0,40002059.0,5831204.0,5.0,0,4.0,450,0,3209,4029.59,22013,2935,20131,3,473099,1,1,-16.544701,-68.073273,0,580000,2,
0,40002059.0,5831204.0,4.0,0,3.0,223,0,967,1062.98,6637,885,6069,2,465686,1,1,-16.527252,-68.053093,0,153000,2,
0,40002059.0,5831204.0,4.0,0,3.0,223,0,967,1062.98,6637,885,6069,2,450044,1,1,-16.527252,-68.053093,0,153000,1,
0,40002059.0,5831204.0,2.0,0,3.0,200,0,35962,24438.27,246700,32888,225610,1,457356,1,1,-16.496664000000003,-68.113174,0,6500000,1,2003.0
0,40002059.0,5831204.0,10.0,0,19.0,3293,0,27663,24422.42,189769,25298,173546,0,490937,1,1,-16.494965,-68.135483,0,5000000,2,1917.0
0,40002059.0,5831204.0,3.0,0,4.0,198,0,1107,1215.82,7591,1012,6942,2,450852,1,1,-16.539469,-68.040756,0,175000,2,2008.0
0,40002059.0,5831204.0,3.0,0,4.0,160,0,980,1076.87,6723,896,6148,2,451290,1,1,-16.524782000000002,-68.05036899999999,0,155000,1,2018.0
0,40002059.0,5831204.0,4.0,0,4.0,276,0,1660,2084.27,11386,1518,10413,2,476766,1,1,-16.528246,-68.102898,0,300000,2,
0,40002059.0,5831204.0,3.0,0,3.0,440,0,2739,3439.04,18787,2505,17181,2,467972,1,1,-16.551388,-68.084808,0,495000,2,
0,40002059.0,5831204.0,2.0,0,3.0,225,0,1046,1149.13,7174,956,6561,1,468546,1,1,-16.528446,-68.049759,0,165400,2,
0,40002059.0,5831204.0,2.0,0,3.0,225,0,1046,1149.13,7174,956,6561,1,468543,1,1,-16.528446,-68.049759,0,165400,2,
0,40002059.0,5831204.0,2.0,0,3.0,230,0,1826,2303.9,12525,1670,11454,4,451538,1,1,-16.649788,-68.040192,0,330000,2,2008.0
0,40002059.0,5831204.0,4.0,0,5.0,310,0,1333,1464.55,9144,1219,8362,0,472916,1,1,-16.5658,-68.103836,0,210800,2,
0,40002059.0,5831204.0,4.0,0,4.0,350,0,1450,1978.44,9944,1326,9094,2,469428,1,1,-16.524723,-68.106728,0,262000,2,1995.0
0,40002059.0,5831204.0,4.0,0,3.0,209,0,1577,1980.05,10817,1442,9892,2,472909,1,1,-16.530556,-68.03569,0,285000,2,
0,40002059.0,5831204.0,6.0,0,6.0,390,0,2158,2707.34,14802,1973,13537,5,472063,1,1,-16.536434,-68.097961,0,390000,2,
0,40002059.0,5831204.0,5.0,0,4.0,455,0,3320,4168.54,22772,3036,20826,4,477086,1,1,-16.54855,-68.086235,0,600000,2,1983.0
0,40002059.0,5831204.0,4.0,0,3.0,209,0,1577,1980.05,10817,1442,9892,2,472908,1,1,-16.530556,-68.03569,0,285000,2,
0,40002059.0,5831204.0,5.0,0,4.0,455,0,3320,4168.54,22772,3036,20826,4,477129,1,1,-16.54862,-68.086205,0,600000,2,1983.0
0,40002059.0,5831204.0,4.0,0,4.0,517,0,1660,2223.22,11386,1518,10413,2,473660,1,1,-16.540113,-68.09648100000001,0,300000,2,
0,40002059.0,5831204.0,3.0,0,5.0,700,0,2656,3351.13,18218,2429,16660,0,507730,1,1,-16.522083,-68.060287,0,480000,2,
0,40002059.0,5831204.0,8.0,0,5.0,600,0,3983,5002.24,27327,3643,24991,5,477230,1,1,-16.531679,-68.087898,0,720000,2,2000.0
0,40002059.0,5831204.0,3.0,0,5.0,700,0,2656,3334.83,18218,2429,16660,5,478048,1,1,-16.518887,-68.063393,0,480000,2,
0,40002059.0,5831204.0,4.0,0,3.0,210,0,1604,2014.79,11007,1467,10066,2,479745,1,1,-16.518494,-68.104881,0,290000,1,2018.0
0,40002059.0,5831204.0,4.0,0,3.0,0,0,1538,1940.86,10551,1407,9649,1,507723,1,1,-16.522160999999997,-68.061363,0,278000,2,
0,40002059.0,5831204.0,5.0,0,4.0,380,0,2042,2563.65,14005,1867,12808,4,482548,1,1,-16.528208,-68.08683,0,369000,2,
0,40002059.0,5831204.0,4.0,0,3.0,305,0,1566,1966.16,10741,1432,9823,2,481990,1,1,-16.527138,-68.062187,0,283000,1,2018.0
0,40002059.0,5831204.0,5.0,0,4.0,393,0,1936,2443.53,13284,1771,12148,10,480720,1,1,-16.587432999999997,-68.0746,0,350000,2,
0,40002059.0,5831204.0,5.0,0,4.0,393,0,1936,2443.53,13284,1771,12148,10,480722,1,1,-16.587432999999997,-68.0746,0,350000,2,
0,40002059.0,5831204.0,3.0,0,4.0,346,0,2379,2985.02,16320,2176,14925,0,486311,1,1,-16.544106,-68.08045200000001,0,430000,1,2005.0
0,48463835.0,7064699.0,2.0,0,3.0,127,0,596,693.5,4088,540,3702,10,486601,1,1,-16.644087,-68.02314,0,99900,1,2018.0
0,40002059.0,5831204.0,3.0,0,4.0,307,0,1075,1180.12,7374,983,6744,1,486317,1,1,-16.5425,-68.059853,0,170000,1,2010.0
0,40002059.0,5831204.0,4.0,0,4.0,190,0,1391,1527.22,9543,1272,8727,2,486308,1,1,-16.546120000000002,-68.056549,0,220000,1,2011.0
0,40002059.0,5831204.0,3.0,0,,247,0,2158,3019.73,14802,1973,13537,1,490906,1,1,-16.519776999999998,-68.061653,0,390000,2,
0,40002059.0,5831204.0,4.0,0,5.0,333,0,1391,1522.25,9543,1272,8727,2,489223,1,1,-16.520357,-68.06244699999999,0,220000,2,
0,40002059.0,5831204.0,4.0,0,5.0,333,0,1391,1522.25,9543,1272,8727,2,489222,1,1,-16.520357,-68.06244699999999,0,220000,2,
0,40002059.0,5831204.0,4.0,0,4.0,315,0,1411,1770.19,9678,1290,8851,3,489238,1,1,-16.542514999999998,-68.097183,0,255000,2,
0,40002059.0,5831204.0,4.0,0,4.0,315,0,1411,1770.19,9678,1290,8851,3,489237,1,1,-16.538639,-68.100563,0,255000,2,
0,40002059.0,5831204.0,8.0,0,,1000,0,948,12495.43,6506,867,5950,10,490912,1,1,-16.548545999999998,-68.08845500000001,0,150000,2,
0,40002059.0,5831204.0,5.0,0,4.0,350,0,1494,1978.44,10248,1366,9371,1,489475,1,1,-16.526415,-68.105896,0,270000,2,
0,40002059.0,5831204.0,3.0,0,5.0,315,0,1411,1770.19,9678,1290,8851,2,488800,1,1,-16.535010999999997,-68.101669,0,255000,1,2010.0
0,48463835.0,7064699.0,2.0,0,3.0,127,0,590,687.24,4051,535,3668,10,489629,1,1,-16.644169,-68.023483,0,98999,1,2018.0
0,40002059.0,5831204.0,5.0,0,3.0,250,0,1296,1388.38,8892,1185,8132,3,490253,1,1,-16.521416000000002,-68.05645799999999,0,205000,2,2015.0
0,40002059.0,5831204.0,7.0,0,5.0,468,0,1992,2499.09,13663,1821,12495,2,491950,1,1,-16.486856,-68.140495,0,360000,2,
0,40002059.0,5831204.0,3.0,0,4.0,309,0,2130,2672.63,14612,1948,13363,4,490177,1,1,-16.509657,-68.07914,0,385000,2,
0,40002059.0,5831204.0,7.0,0,5.0,468,0,1992,2499.09,13663,1821,12495,2,491949,1,1,-16.486856,-68.140495,0,360000,2,
0,40002059.0,5831204.0,3.0,0,3.0,300,0,1743,2199.18,11955,1594,10933,2,513097,1,1,-16.529478,-68.07012900000001,0,315000,2,
0,40002059.0,5831204.0,6.0,0,6.0,620,0,6639,8371.03,45545,6072,41651,5,505192,1,1,-16.547974,-68.08631899999999,0,1200000,2,
0,40002059.0,5831204.0,3.0,0,3.0,220,0,1138,1249.54,7808,1041,7140,2,491887,1,1,-16.608074,-68.072037,0,180000,1,2018.0
0,40002059.0,5831204.0,3.0,0,3.0,203,0,917,1006.58,6290,838,5752,2,489272,1,1,-16.591261,-68.073257,0,145000,1,
0,40002059.0,5831204.0,3.0,0,3.0,152,0,942,1040.25,6463,862,5910,3,513086,1,1,-16.546371,-68.053993,0,149000,2,
0,40002059.0,5831204.0,6.0,0,3.0,378,0,1604,2096.46,11007,1467,10066,2,496430,1,1,-16.562859,-68.103386,0,290000,2,
0,40002059.0,5831204.0,6.0,0,6.0,297,0,1391,1535.93,9543,1272,8727,2,513080,1,1,-16.517696,-68.060005,0,220000,2,
0,40002059.0,5831204.0,7.0,0,7.0,460,0,2988,3770.02,20495,2732,18743,3,513072,1,1,-16.551497,-68.089783,0,540000,2,
0,40002059.0,5831204.0,6.0,0,6.0,790,0,3043,3839.84,20875,2783,19090,4,513083,1,1,-16.488676,-68.123138,0,550000,2,
0,40002059.0,5831204.0,4.0,0,4.0,764,0,3043,3839.84,20875,2783,19090,2,513071,1,1,-16.541044,-68.068466,0,550000,2,
0,40002059.0,5831204.0,5.0,0,3.0,450,0,2158,2720.58,14802,1973,13537,2,497276,1,1,-16.516132,-68.064079,0,390000,2,
0,40002059.0,5831204.0,,1,,923,0,5422,6803.07,37195,4958,34015,0,496771,1,1,-16.565622,-68.113167,1,980000,2,1998.0
0,40002059.0,5831204.0,4.0,0,3.0,291,0,2340,2950.79,16054,2140,14682,4,498071,1,1,-16.535774,-68.07624799999999,0,423000,2,
0,40002059.0,5831204.0,6.0,0,5.0,450,0,2075,2615.95,14233,1897,13016,2,499272,1,1,-16.530098000000002,-68.064812,0,375000,2,2012.0
0,40002059.0,5831204.0,10.0,1,4.0,780,0,3043,3836.72,20875,2783,19090,5,497762,1,1,-16.489023,-68.123581,0,550000,2,
0,40002059.0,5831204.0,5.0,0,5.0,460,0,1770,2234.09,12145,1619,11107,5,513050,1,1,-16.521563,-68.0606,0,320000,2,
0,40002059.0,5831204.0,5.0,0,5.0,324,0,1632,2057.88,11196,1493,10239,2,499975,1,1,-16.529636,-68.099571,0,295000,2,
0,40002059.0,5831204.0,7.0,0,5.0,575,0,3873,4883.1,26568,3542,24296,5,500634,1,1,-16.557329,-68.11165600000001,0,700000,1,2011.0
0,40002059.0,5831204.0,4.0,0,3.0,274,0,1604,2023.0,11007,1467,10066,2,501708,1,1,-16.565992,-68.103737,0,290000,1,2018.0
0,40002059.0,5831204.0,6.0,0,4.0,300,0,1876,2434.57,12866,1715,11766,2,500591,1,1,-16.522694,-68.08844,0,339000,2,2008.0
0,40002059.0,5831204.0,5.0,0,4.0,315,0,1423,1569.57,9760,1301,8925,2,503533,1,1,-16.524235,-68.05256700000001,0,225000,2,
0,40002059.0,5831204.0,5.0,0,4.0,315,0,1423,1569.57,9760,1301,8925,2,503532,1,1,-16.524235,-68.05256700000001,0,225000,2,
0,40002059.0,5831204.0,5.0,0,5.0,360,0,1853,2336.91,12715,1695,11628,3,503531,1,1,-16.517576000000002,-68.05592299999999,0,335000,2,
0,40002059.0,5831204.0,5.0,0,5.0,360,0,1853,2336.91,12715,1695,11628,3,503530,1,1,-16.517576000000002,-68.05592299999999,0,335000,2,
0,40002059.0,5831204.0,4.0,0,5.0,480,0,3320,4185.51,22772,3036,20826,4,504987,1,1,-16.543375,-68.08625,0,600000,2,
0,40002059.0,5831204.0,4.0,0,5.0,480,0,3320,4185.51,22772,3036,20826,4,504986,1,1,-16.543375,-68.08625,0,600000,2,
0,40002059.0,5831204.0,5.0,0,3.0,271,0,1549,1953.24,10627,1417,9719,2,505062,1,1,-16.539394,-68.057663,0,280000,2,2005.0
0,46605679.0,6793831.0,2.0,0,1.0,200,0,887,997.55,6084,809,5547,0,500710,1,1,-16.492085999999997,-68.132462,0,143000,2,1930.0
0,40002059.0,5831204.0,5.0,0,3.0,300,0,1992,2511.31,13663,1821,12495,3,505152,1,1,-16.513939,-68.059395,0,360000,2,
0,40002059.0,5831204.0,4.0,0,4.0,332,0,1480,1661.6,10150,1353,9282,2,507233,1,1,-16.518282,-68.059402,0,234000,2,
0,40002059.0,5831204.0,13.0,0,15.0,555,0,3541,4537.99,24290,3238,22214,1,504798,1,1,-16.512014,-68.127831,0,639999,2,2016.0
0,40002059.0,5831204.0,10.0,1,10.0,923,0,5422,6836.34,37195,4958,34015,2,506439,1,1,-16.565622,-68.113167,1,980000,2,1998.0
0,40002059.0,5831204.0,3.0,0,4.0,290,0,1992,2652.98,13663,1821,12495,0,507239,1,1,-16.498302,-68.128883,0,360000,2,
0,40002059.0,5831204.0,3.0,0,4.0,290,0,1992,2652.98,13663,1821,12495,0,507240,1,1,-16.498302,-68.128883,0,360000,2,
0,40002059.0,5831204.0,4.0,0,3.0,270,0,1505,1661.6,10323,1376,9441,1,507236,1,1,-16.522389999999998,-68.061882,0,238000,2,
0,40002059.0,5831204.0,4.0,0,3.0,270,0,1505,1661.6,10323,1376,9441,1,507235,1,1,-16.518751,-68.057693,0,238000,2,
0,40002059.0,5831204.0,4.0,0,4.0,332,0,1480,1661.6,10150,1353,9282,2,507232,1,1,-16.521332,-68.061462,0,234000,2,
0,40002059.0,5831204.0,3.0,0,3.0,275,0,1394,1759.34,9564,1275,8747,2,507887,1,1,-16.522734,-68.056656,0,252000,1,2019.0
0,40002059.0,5831204.0,2.0,0,3.0,224,0,2102,2652.98,14422,1923,13189,1,507126,1,1,-16.490648,-68.14964300000001,0,380000,2,1998.0
0,40002059.0,5831204.0,4.0,0,3.0,240,0,2102,2652.98,14422,1923,13189,2,509113,1,1,-16.527731,-68.08644100000001,0,380000,2,
0,40002059.0,5831204.0,4.0,0,5.0,220,0,1486,1640.66,10193,1359,9322,2,506830,1,1,-16.664749,-68.015587,0,235000,2,2005.0
0,40002059.0,5831204.0,5.0,0,3.0,240,0,1964,2456.35,13474,1796,12322,3,508451,1,1,-16.515017,-68.129829,0,355000,2,2005.0
0,40002059.0,5831204.0,6.0,0,5.0,451,0,2462,3106.78,16889,2252,15446,3,508584,1,1,-16.535805,-68.09818299999999,0,445000,1,1990.0
0,40002059.0,5831204.0,4.0,0,3.0,180,0,1964,2478.44,13474,1796,12322,5,508518,1,1,-16.567625,-68.09030200000001,0,355000,2,
0,40002059.0,5831204.0,5.0,0,7.0,550,0,4979,7679.67,34158,4554,31238,10,509350,1,1,-16.548899,-68.089912,0,900000,2,2006.0
0,40002059.0,5831204.0,4.0,0,3.0,305,0,1521,1919.92,10437,1391,9545,2,510211,1,1,-16.527445,-68.062813,0,275000,1,2018.0
0,40002059.0,5831204.0,,0,,296,0,2324,2932.24,15941,2125,14578,2,515496,1,1,-16.505699,-68.130775,0,420000,2,1970.0
0,40002059.0,5831204.0,3.0,0,3.0,190,0,1258,1389.32,8632,1151,7894,2,510598,1,1,-16.514442000000003,-68.054077,0,199000,1,2019.0
0,40002059.0,5831204.0,4.0,0,4.0,400,0,2102,2932.24,14422,1923,13189,2,511585,1,1,-16.541656,-68.055672,0,380000,2,
0,40002059.0,5831204.0,4.0,0,5.0,500,0,2656,3351.13,18218,2429,16660,0,511424,1,1,-16.523220000000002,-68.06514,0,480000,2,
0,40002059.0,5831204.0,5.0,0,5.0,580,0,8852,11170.43,60726,8095,55535,5,511761,1,1,-16.541309,-68.088882,0,1600000,2,1995.0
0,40002059.0,5831204.0,2.0,0,15.0,1500,0,7082,8936.35,48581,6476,44428,7,511590,1,1,-16.49164,-68.138237,0,1280000,2,
0,40002059.0,5831204.0,3.0,0,3.0,280,0,2213,2862.42,15182,2024,13884,3,511780,1,1,-16.5177,-68.087128,0,400000,2,1995.0
0,40002059.0,5831204.0,4.0,0,3.0,220,0,1581,1745.38,10844,1446,9917,4,512010,1,1,-16.514318,-68.05438199999999,0,250000,1,2019.0
0,40002059.0,5831204.0,4.0,0,5.0,300,0,1770,2234.09,12145,1619,11107,4,512160,1,1,-16.5044,-68.082298,0,320000,2,2010.0
0,40002059.0,5831204.0,5.0,0,4.0,410,0,1604,2024.64,11007,1467,10066,2,512865,1,1,-16.536814,-68.05345200000001,0,290000,2,
0,40002059.0,5831204.0,6.0,0,8.0,650,0,1604,2024.64,11007,1467,10066,3,512332,1,1,-16.491522,-68.15679200000001,0,290000,2,2015.0
0,40002059.0,5831204.0,3.0,0,3.0,207,0,1195,1301.35,8198,1093,7497,1,415096,1,1,-16.525108,-68.05193299999999,0,189000,1,2018.0
0,40002059.0,5831204.0,4.0,0,4.0,270,0,1715,2134.49,11766,1568,10760,2,345501,1,1,-16.519325,-68.062523,0,310000,2,
0,40002059.0,5831204.0,5.0,0,5.0,410,0,2490,3126.4,17079,2277,15619,4,465877,1,1,-16.489689000000002,-68.119293,0,450000,2,
0,40002059.0,5831204.0,4.0,0,3.0,464,0,2490,3126.4,17079,2277,15619,0,286299,1,1,-16.548256,-68.087563,0,450000,2,
0,40002059.0,5831204.0,4.0,0,3.0,220,0,1062,1280.46,7287,971,6664,2,233239,1,1,-16.52626,-68.05159,0,168000,2,2015.0
0,40002059.0,5831204.0,4.0,0,4.0,467,0,1654,,11348,1513,10378,2,197181,1,1,-16.514471,-68.062218,0,299000,2,
0,40002059.0,5831204.0,6.0,0,6.0,384,0,2739,3439.04,18787,2505,17181,8,466076,1,1,-16.518383,-68.064346,0,495000,2,
0,40002059.0,5831204.0,,0,4.0,470,0,2932,3682.21,20116,2682,18396,3,465823,1,1,-16.607626,-68.070259,0,530000,2,
0,40002059.0,5831204.0,4.0,0,5.0,500,0,1438,,9868,1316,9024,2,1354,1,1,-16.52886,-68.078461,0,260000,2,2000.0
0,40002059.0,5831204.0,4.0,0,4.0,510,0,2656,,18218,2429,16660,3,148877,1,1,-16.512159,-68.05783100000001,0,480000,2,
0,40002059.0,5831204.0,4.0,0,4.0,415,0,3264,4099.06,22393,2985,20478,3,172296,1,1,-16.536093,-68.100082,0,590000,2,
0,,,4.0,0,4.0,400,0,0,,0,0,0,3,542531,1,2,-16.526634,-68.064713,0,1000,2,2001.0
0,,,6.0,0,5.0,580,0,0,,0,0,0,4,542175,1,2,-16.512047,-68.056709,0,2500,2,2015.0
0,40002059.0,5831204.0,4.0,0,4.0,380,0,1936,2431.65,13284,1771,12148,2,466068,1,1,-16.609785000000002,-68.070274,0,350000,2,
0,40002059.0,5831204.0,7.0,0,5.0,375,0,3596,,24670,3289,22561,4,119533,1,1,-16.516829,-68.06210300000001,0,650000,2,
0,40002059.0,5831204.0,3.0,0,4.0,300,0,2158,,14802,1973,13537,2,119544,1,1,-16.516829,-68.06210300000001,0,390000,1,
0,,,4.0,0,4.0,310,0,0,,0,0,0,2,541852,1,2,-16.543118,-68.079422,0,3000,2,2000.0
0,40002059.0,5831204.0,3.0,0,4.0,250,0,2434,,16700,2226,15272,3,119553,1,1,-16.560471,-68.09549,0,440000,2,
1,40002059.0,5831204.0,3.0,0,4.0,500,0,9405,,64522,8601,59006,6,119551,1,1,-16.542476999999998,-68.08644100000001,0,1700000,2,
0,40002059.0,5831204.0,4.0,0,4.0,342,0,1227,,8415,1122,7696,2,119536,1,1,-16.594593,-68.07073199999999,0,194000,1,
0,,,3.0,0,5.0,400,0,0,,0,0,0,3,535845,1,2,-16.544003,-68.08579300000001,0,2000,2,
1,40002059.0,5831204.0,3.0,0,4.0,440,0,1981,,13587,1811,12426,2,119555,1,1,-16.566183,-68.101295,0,358000,2,
0,40002059.0,5831204.0,5.0,0,6.0,500,0,2545,,17459,2327,15966,5,119552,1,1,-16.574189999999998,-68.08318299999999,0,460000,1,
0,,,4.0,0,4.0,0,0,0,,0,0,0,3,540523,1,2,-16.521826,-68.05837199999999,0,2000,2,
0,,,5.0,0,4.0,350,0,0,,0,0,0,3,539209,1,2,-16.524604999999998,-68.06746700000001,0,1350,2,2011.0
0,,,3.0,0,2.0,200,0,0,,0,0,0,2,538992,1,2,-16.542912,-68.083153,0,1300,2,2010.0
0,,,4.0,0,5.0,350,0,0,,0,0,0,3,538637,1,2,-16.542807,-68.078362,0,2700,2,
0,,,5.0,0,4.0,350,0,0,,0,0,0,2,540961,1,2,-16.530752,-68.070206,0,1300,2,
0,,,4.0,0,4.0,350,0,0,,0,0,0,2,537297,1,2,-16.605267,-68.136688,0,600,1,2015.0
0,,,4.0,0,4.0,300,0,0,,0,0,0,3,541055,1,2,-16.531557,-68.070686,0,1300,1,2006.0
0,,,4.0,0,3.0,300,0,0,,0,0,0,2,539267,1,2,-16.567636,-68.104416,0,1500,2,
0,40002059.0,5831204.0,4.0,0,5.0,540,0,2047,,14043,1872,12842,2,140935,1,1,-16.516829,-68.06210300000001,0,370000,2,
0,40002059.0,5831204.0,3.0,0,4.0,297,0,1411,,9678,1290,8851,1,141857,1,1,-16.486301,-68.119926,0,255000,2,1987.0
0,,,4.0,0,3.0,350,0,0,,0,0,0,1,540073,1,2,-16.520884,-68.059937,0,600,1,2018.0
0,,,6.0,0,4.0,530,0,0,,0,0,0,2,528340,1,2,-16.559202,-68.096786,0,2600,2,
0,,,4.0,0,4.0,190,0,0,,0,0,0,2,536588,1,2,-16.545462,-68.08109300000001,0,1200,2,2003.0
0,,,7.0,0,4.0,600,0,0,,0,0,0,5,529303,1,2,-16.548271,-68.08538100000001,0,3000,2,2014.0
0,,,6.0,0,4.0,432,0,0,,0,0,0,4,529417,1,2,-16.568417,-68.104637,0,3000,2,2016.0
0,,,5.0,0,3.0,290,0,0,,0,0,0,0,539072,1,2,-16.525675,-68.064766,0,1300,1,2010.0
0,,,7.0,0,4.0,621,0,0,,0,0,0,2,533378,1,2,-16.551057999999998,-68.090324,0,3000,2,2005.0
0,,,4.0,0,5.0,270,0,0,,0,0,0,2,540359,1,2,-16.525881,-68.069443,0,1800,2,
0,,,5.0,0,4.0,350,0,0,,0,0,0,2,540962,1,2,-16.530752,-68.070206,0,1300,2,
0,,,7.0,0,12.0,450,0,0,,0,0,0,2,530175,1,2,-16.518288000000002,-68.12802099999999,0,2500,2,
0,,,3.0,0,4.0,350,0,0,,0,0,0,3,539751,1,2,-16.536947,-68.076607,0,2800,2,
0,,,4.0,0,4.0,300,0,0,,0,0,0,3,542430,1,2,-16.524565,-68.06648299999999,0,1000,1,2011.0
0,,,4.0,0,4.0,1,0,0,,0,0,0,2,542281,1,2,-16.559283999999998,-68.097771,0,2200,2,
0,,,4.0,0,2.0,250,0,0,,0,0,0,3,541431,1,2,-16.54353,-68.085945,0,1300,2,2011.0
0,,,3.0,0,3.0,442,0,0,,0,0,0,3,544515,1,2,-16.540731,-68.081352,0,2000,2,
0,,,5.0,0,4.0,650,0,0,22.11,0,0,0,5,220550,1,2,-16.56184,-68.092636,0,3000,2,
0,,,6.0,0,4.0,480,0,0,,0,0,0,5,421729,1,2,-16.559982,-68.09369699999999,0,2100,2,
0,,,5.0,0,7.0,400,0,0,17.81,0,0,0,2,182988,1,2,-16.529255,-68.07103000000001,0,2000,2,1990.0
1,,,5.0,0,4.0,420,0,0,,0,0,0,4,354505,1,2,-16.510012,-68.052734,0,2100,2,
0,,,1.0,0,8.0,140,0,0,,0,0,0,0,543683,1,2,-16.508438,-68.128349,0,10500,2,1978.0
0,,,6.0,0,5.0,700,0,0,,0,0,0,2,525470,1,2,-16.5359,-68.07356999999999,0,2000,2,1999.0
0,,,4.0,0,4.0,500,0,0,,0,0,0,2,518526,1,2,-16.546368,-68.09013399999999,0,2500,2,
0,,,1.0,0,9.0,140,0,0,,0,0,0,0,542440,1,2,-16.508392,-68.128342,0,10500,2,1978.0
0,,,5.0,0,4.0,370,0,0,,0,0,0,2,536309,1,2,-16.533134,-68.075775,0,1500,2,
0,,,1.0,0,4.0,168,0,0,,0,0,0,1,504686,1,2,-16.537603,-68.100952,0,4500,2,2010.0
0,,,4.0,0,4.0,400,0,0,,0,0,0,4,508488,1,2,-16.567553,-68.101845,0,1900,2,
0,,,4.0,0,4.0,250,0,0,,0,0,0,2,544170,1,2,-16.529761999999998,-68.069427,0,1000,2,
0,,,4.0,0,3.0,280,0,0,,0,0,0,4,544795,1,2,-16.51152,-68.057129,0,1600,2,2008.0
0,40002059.0,5831204.0,4.0,0,4.0,479,0,2102,,14422,1923,13189,2,89795,1,1,-16.518597,-68.058304,0,380000,2,
0,,,1.0,0,2.0,140,0,0,,0,0,0,0,544760,1,2,-16.525139000000003,-68.106476,0,350,2,2000.0
0,40002059.0,5831204.0,7.0,0,5.0,420,0,2656,3305.01,18218,2429,16660,4,117746,1,1,-16.516829,-68.06210300000001,0,480000,2,
0,,,3.0,0,3.0,700,0,0,,0,0,0,2,525483,1,2,-16.574228,-68.166519,0,600,2,2016.0
0,40002059.0,5831204.0,4.0,0,3.0,55789,0,4426,5558.05,30363,4048,27767,2,466142,1,1,-16.550371,-68.08401500000001,0,800000,2,
0,40002059.0,5831204.0,4.0,0,3.0,55789,0,4426,5896.15,30363,4048,27767,2,96901,1,1,-16.550371,-68.08401500000001,0,800000,2,
0,40002059.0,5831204.0,3.0,0,3.0,214,0,1328,1466.12,9109,1214,8330,3,69139,1,1,-16.516314,-68.06175999999999,0,210000,2,2010.0
0,40002059.0,5831204.0,7.0,0,5.0,420,0,2656,3334.83,18218,2429,16660,4,466139,1,1,-16.516829,-68.06210300000001,0,480000,2,
0,40002059.0,5831204.0,4.0,0,3.0,365,0,2047,2570.6,14043,1872,12842,2,466137,1,1,-16.553434,-68.082024,0,370000,2,
0,40002059.0,5831204.0,4.0,0,3.0,365,0,2047,2551.79,14043,1872,12842,2,122696,1,1,-16.553434,-68.082024,0,370000,1,
0,40002059.0,5831204.0,4.0,0,5.0,500,0,1992,,13663,1821,12495,4,119511,1,1,-16.512856,-68.057213,0,360000,1,2017.0
0,40002059.0,5831204.0,3.0,0,3.0,205,0,1549,,10627,1417,9719,4,119522,1,1,-16.546633,-68.077934,0,280000,2,
0,40002059.0,5831204.0,6.0,0,5.0,470,0,2185,2744.29,14992,1999,13710,3,466122,1,1,-16.504435,-68.08163499999999,0,395000,2,
0,40002059.0,5831204.0,6.0,0,5.0,470,0,2268,3021.78,15561,2074,14231,3,150219,1,1,-16.504435,-68.08163499999999,0,395000,2,
0,40002059.0,5831204.0,4.0,0,3.0,250,0,1582,,10855,1447,9927,2,149608,1,1,-16.526127,-68.06352199999999,0,286000,1,2017.0
0,40002059.0,5831204.0,4.0,0,3.0,556,0,3043,3821.16,20875,2783,19090,4,466113,1,1,-16.590702,-68.071007,0,550000,2,
0,40002059.0,5831204.0,5.0,0,5.0,480,0,2102,,14422,1923,13189,5,171661,1,1,-16.526491,-68.08749399999999,0,380000,2,
0,40002059.0,5831204.0,6.0,0,5.0,450,0,2075,2615.95,14233,1897,13016,2,466105,1,1,-16.516829,-68.06210300000001,0,375000,2,
0,40002059.0,5831204.0,4.0,0,4.0,350,0,2932,,20116,2682,18396,2,193197,1,1,-16.527079,-68.068398,0,530000,2,
0,40002059.0,5831204.0,5.0,0,5.0,433,0,2047,2570.6,14043,1872,12842,1,466110,1,1,-16.502962,-68.117294,0,370000,2,
0,40002059.0,5831204.0,5.0,0,4.0,400,0,9959,,68317,9107,62477,6,150115,1,1,-16.547026000000002,-68.088669,0,1800000,2,
0,40002059.0,5831204.0,4.0,0,3.0,556,0,3043,4053.6,20875,2783,19090,4,164626,1,1,-16.590702,-68.071007,0,550000,2,
0,40002059.0,5831204.0,5.0,0,4.0,347,0,2766,,18977,2530,17355,3,173252,1,1,-16.528907999999998,-68.068626,0,500000,2,
0,40002059.0,5831204.0,4.0,0,5.0,393,0,3181,,21823,2909,19958,3,191487,1,1,-16.525799,-68.06665,0,575000,2,1997.0
0,46605679.0,6793831.0,3.0,0,3.0,175,0,837,,5744,763,5236,2,176223,1,1,-16.536264000000003,-68.05115500000001,0,134998,1,2017.0
0,40002059.0,5831204.0,5.0,0,6.0,440,0,2545,3390.29,17459,2327,15966,3,200210,1,1,-16.51429,-68.08744,0,460000,2,
0,40002059.0,5831204.0,5.0,0,6.0,440,0,2545,3195.88,17459,2327,15966,3,466085,1,1,-16.51429,-68.08744,0,460000,2,
0,46605679.0,6793831.0,4.0,0,3.0,218,0,868,1054.5,5957,792,5430,3,196413,1,1,-16.641184,-68.046844,0,140000,2,2007.0
0,40002059.0,5831204.0,4.0,0,4.0,270,0,1391,,9543,1272,8727,3,46811,1,1,-16.513289999999998,-68.051529,0,220000,2,2014.0
0,40002059.0,5831204.0,4.0,0,5.0,430,0,3596,,24670,3289,22561,3,196679,1,1,-16.546785,-68.074112,0,650000,2,
0,40002059.0,5831204.0,4.0,0,,450,0,2711,,18597,2479,17008,4,73067,1,1,-16.544022000000002,-68.068214,0,490000,2,2000.0
0,40002059.0,5831204.0,8.0,0,6.0,735,0,4371,5419.1,29984,3997,27420,2,69136,1,1,-16.543035999999997,-68.085388,0,790000,2,2017.0
0,40002059.0,5831204.0,6.0,0,7.0,700,0,2434,3056.93,16700,2226,15272,6,466151,1,1,-16.523079,-68.085709,0,440000,2,
0,40002059.0,5831204.0,6.0,0,7.0,700,0,2434,3242.88,16700,2226,15272,6,89643,1,1,-16.523079,-68.085709,0,440000,2,
0,40002059.0,5831204.0,3.0,0,3.0,232,0,1391,1514.8,9543,1272,8727,2,89660,1,1,-16.607626,-68.070259,0,220000,2,
1,40002059.0,5831204.0,3.0,0,4.0,350,0,1660,2214.52,11386,1518,10413,5,199098,1,1,-16.512672,-68.085663,0,300000,2,2007.0
0,40002059.0,5831204.0,4.0,0,4.0,0,0,1107,,7591,1012,6942,1,205547,1,1,-16.517385,-68.06081400000001,0,175000,1,2017.0
0,40002059.0,5831204.0,5.0,0,4.0,370,0,2379,,16320,2176,14925,5,204659,1,1,-16.566599,-68.09983100000001,0,430000,2,
0,40002059.0,5831204.0,5.0,0,5.0,430,0,1438,1790.22,9868,1316,9024,3,209388,1,1,-16.526348000000002,-68.062576,0,260000,1,2018.0
0,40002059.0,5831204.0,6.0,0,6.0,384,0,2739,3648.24,18787,2505,17181,8,210551,1,1,-16.518383,-68.064346,0,495000,2,
0,40002059.0,5831204.0,4.0,0,4.0,500,0,6639,,45545,6072,41651,4,206299,1,1,-16.547132,-68.087761,0,1200000,2,
0,,,4.0,0,5.0,600,0,0,,0,0,0,2,8308,1,1,-16.488159,-68.117447,1,320,2,1990.0
0,40002059.0,5831204.0,4.0,0,5.0,420,0,1604,2014.79,11007,1467,10066,3,204532,1,1,-16.513432,-68.056923,0,290000,2,2007.0
0,40002059.0,5831204.0,5.0,0,4.0,438,0,2462,3069.04,16889,2252,15446,3,209654,1,1,-16.52606,-68.084686,0,445000,2,1998.0
0,40002059.0,5831204.0,5.0,0,4.0,473,0,3458,4653.28,23721,3162,21693,4,249700,1,1,-16.511522,-68.055786,0,625000,2,2014.0
0,40002059.0,5831204.0,5.0,0,4.0,435,0,3043,4015.61,20875,2783,19090,2,234320,1,1,-16.517618,-68.062965,0,550000,2,
0,40002059.0,5831204.0,4.0,0,5.0,329,0,2102,2886.5,14422,1923,13189,5,244182,1,1,-16.516829,-68.06210300000001,0,380000,2,
0,40002059.0,5831204.0,6.0,0,4.0,512,0,3098,4043.64,21254,2833,19437,2,243122,1,1,-16.520861,-68.05995899999999,0,560000,2,
0,40002059.0,5831204.0,6.0,0,4.0,451,0,3596,4630.35,24670,3289,22561,5,250073,1,1,-16.530622,-68.091637,0,650000,2,
0,40002059.0,5831204.0,5.0,0,5.0,590,0,4869,6113.85,33399,4452,30544,1,466023,1,1,-16.547617000000002,-68.06813000000001,0,880000,2,
0,40002059.0,5831204.0,5.0,0,5.0,590,0,4869,6485.77,33399,4452,30544,1,252686,1,1,-16.547617000000002,-68.06813000000001,0,880000,2,
0,40002059.0,5831204.0,3.0,0,4.0,451,0,3098,3890.63,21254,2833,19437,3,253284,1,1,-16.538839000000003,-68.079552,0,560000,2,1990.0
0,40002059.0,5831204.0,4.0,0,4.0,295,0,1826,2362.17,12525,1670,11454,3,258691,1,1,-16.53603,-68.077698,0,330000,2,
0,40002059.0,5831204.0,5.0,0,3.0,250,0,1521,2026.8,10437,1391,9545,2,270846,1,1,-16.526297,-68.065102,0,275000,1,
0,40002059.0,5831204.0,5.0,0,5.0,324,0,1411,1879.4,9678,1290,8851,3,261399,1,1,-16.519012,-68.082802,0,255000,2,
0,40002059.0,5831204.0,5.0,0,5.0,420,0,1715,2215.4,11766,1568,10760,2,261574,1,1,-16.512779000000002,-68.053574,0,310000,2,2018.0
0,40002059.0,5831204.0,4.0,0,5.0,417,0,1881,2429.79,12904,1720,11801,0,262352,1,1,-16.494057,-68.123672,0,340000,2,
0,40002059.0,5831204.0,3.0,0,4.0,317,0,1649,2215.24,11310,1508,10343,4,263433,1,1,-16.53064,-68.071404,0,298000,2,
0,40002059.0,5831204.0,5.0,0,3.0,780,0,4315,5934.29,29604,3947,27073,4,121049,1,1,-16.527569,-68.06308,1,780000,2,2014.0
0,40002059.0,5831204.0,4.0,0,5.0,360,0,1992,2657.42,13663,1821,12495,3,272304,1,1,-16.51156,-68.130341,0,360000,2,
0,40002059.0,5831204.0,,0,,586,0,3043,3821.16,20875,2783,19090,0,465991,1,1,-16.513599,-68.122757,0,550000,2,
0,40002059.0,5831204.0,4.0,0,4.0,354,0,2047,2570.6,14043,1872,12842,0,465984,1,1,-16.530369,-68.078506,0,370000,2,
0,40002059.0,5831204.0,4.0,0,4.0,354,0,2047,2726.97,14043,1872,12842,0,280566,1,1,-16.530369,-68.078506,0,370000,2,
0,40002059.0,5831204.0,3.0,0,3.0,350,0,1604,2014.79,11007,1467,10066,2,466063,1,1,-16.525864000000002,-68.106071,0,290000,2,
0,40002059.0,5831204.0,4.0,0,4.0,380,0,1936,2579.57,13284,1771,12148,2,220563,1,1,-16.609785000000002,-68.070274,0,350000,2,
0,40002059.0,5831204.0,5.0,0,5.0,590,0,4869,6424.98,33399,4452,30544,4,213597,1,1,-16.545473,-68.068115,0,880000,2,
1,40002059.0,5831204.0,4.0,0,3.0,227,0,948,1095.17,6506,867,5950,2,217775,1,1,-16.526332999999997,-68.051743,0,150000,1,2016.0
0,40002059.0,5831204.0,5.0,0,4.0,650,0,3541,4446.44,24290,3238,22214,5,466065,1,1,-16.56184,-68.092636,0,640000,2,
0,40002059.0,5831204.0,5.0,0,4.0,650,0,3541,4716.92,24290,3238,22214,5,220551,1,1,-16.56184,-68.092636,0,640000,2,
0,40002059.0,5831204.0,3.0,0,3.0,350,0,1604,2137.35,11007,1467,10066,2,220548,1,1,-16.525864000000002,-68.106071,0,290000,2,
0,40002059.0,5831204.0,3.0,0,3.0,310,0,1433,1808.21,9830,1310,8990,3,466061,1,1,-16.520863000000002,-68.06223299999999,0,259000,2,
0,40002059.0,5831204.0,3.0,0,3.0,310,0,1433,1808.21,9830,1310,8990,3,222157,1,1,-16.520863000000002,-68.06223299999999,0,259000,2,
0,40002059.0,5831204.0,3.0,0,4.0,320,0,1931,2424.7,13246,1766,12114,2,291920,1,1,-16.540998000000002,-68.067314,0,349000,2,1998.0
0,40002059.0,5831204.0,8.0,0,8.0,840,0,4979,6283.37,34158,4554,31238,8,289847,1,1,-16.54863,-68.08624300000001,0,900000,2,
0,40002059.0,5831204.0,2.0,0,3.0,200,0,1328,1803.54,9109,1214,8330,3,293454,1,1,-16.533479999999997,-68.10333299999999,0,210000,2,
0,40002059.0,5831204.0,4.0,0,3.0,232,0,1359,1492.51,9326,1243,8529,1,292454,1,1,-16.523144,-68.059738,0,215000,2,
0,40002059.0,5831204.0,4.0,0,3.0,237,0,1233,1353.67,8458,1128,7735,1,292453,1,1,-16.518393,-68.060158,0,195000,2,
0,40002059.0,5831204.0,4.0,0,3.0,370,0,1252,1605.75,8588,1145,7854,2,295612,1,1,-16.522934,-68.063156,0,198000,2,2001.0
0,40002059.0,5831204.0,3.0,0,3.0,180,0,1660,2278.82,11386,1518,10413,2,295845,1,1,-16.530399,-68.08710500000001,0,300000,2,1981.0
0,40002059.0,5831204.0,5.0,0,4.0,350,0,1577,1988.12,10817,1442,9892,1,441328,1,1,-16.525167,-68.110275,0,285000,2,
0,40002059.0,5831204.0,5.0,0,6.0,550,0,3652,5051.84,25050,3339,22908,4,301314,1,1,-16.529964,-68.085274,0,660000,2,2014.0
0,40002059.0,5831204.0,6.0,0,6.0,720,0,4426,5508.36,30363,4048,27767,5,375160,1,1,-16.53603,-68.077698,0,800000,2,
0,40002059.0,5831204.0,3.0,0,3.0,307,0,1660,2499.09,11386,1518,10413,3,339822,1,1,-16.509370999999998,-68.083046,0,300000,2,2009.0
0,40002059.0,5831204.0,2.0,0,3.0,215,0,1660,2065.63,11386,1518,10413,1,353343,1,1,-16.488657,-68.10011300000001,0,300000,2,1984.0
0,40002059.0,5831204.0,5.0,0,5.0,430,0,1438,1790.22,9868,1316,9024,3,367666,1,1,-16.525263,-68.0616,0,260000,1,2018.0
0,40002059.0,5831204.0,6.0,0,6.0,720,0,4426,5558.05,30363,4048,27767,5,465861,1,1,-16.53603,-68.077698,0,800000,2,
0,40002059.0,5831204.0,5.0,0,4.0,620,0,4924,6808.61,33779,4503,30891,5,377782,1,1,-16.537254,-68.072968,0,890000,2,
0,40002059.0,5831204.0,6.0,0,4.0,600,0,3154,3924.7,21634,2884,19784,5,389347,1,1,-16.522631,-68.048798,0,570000,2,2004.0
0,40002059.0,5831204.0,4.0,0,4.0,352,0,1549,1945.32,10627,1417,9719,5,465849,1,1,-16.526949,-68.077881,0,280000,2,
0,40002059.0,5831204.0,4.0,0,4.0,352,0,1549,1927.92,10627,1417,9719,5,405438,1,1,-16.529336999999998,-68.08081800000001,0,280000,2,
0,40002059.0,5831204.0,5.0,0,4.0,420,0,2324,2917.98,15941,2125,14578,2,465907,1,1,-16.489689000000002,-68.119293,0,420000,2,
0,40002059.0,5831204.0,4.0,0,3.0,470,0,2766,3470.95,18977,2530,17355,2,316516,1,1,-16.489689000000002,-68.119293,0,500000,2,
0,40002059.0,5831204.0,5.0,0,4.0,420,0,2324,2896.62,15941,2125,14578,2,324984,1,1,-16.489689000000002,-68.119293,0,420000,2,
0,40002059.0,5831204.0,4.0,0,4.0,535,0,3093,4249.45,21216,2828,19402,2,310264,1,1,-16.54114,-68.080849,0,559000,1,
0,40002059.0,5831204.0,3.0,0,4.0,270,0,1157,1276.58,7938,1058,7259,2,310608,1,1,-16.50861,-68.083313,0,183000,2,2007.0
0,40002059.0,5831204.0,4.0,0,3.0,470,0,2766,3470.95,18977,2530,17355,2,465895,1,1,-16.489689000000002,-68.119293,0,500000,2,
0,40002059.0,5831204.0,3.0,0,4.0,160,0,980,1076.87,6723,896,6148,1,465886,1,1,-16.522369,-68.05544300000001,0,155000,2,
0,40002059.0,5831204.0,3.0,0,4.0,160,0,980,1076.87,6723,896,6148,1,322575,1,1,-16.522369,-68.05544300000001,0,155000,2,
0,40002059.0,5831204.0,5.0,0,5.0,328,0,1604,2014.79,11007,1467,10066,2,334285,1,1,-16.529753,-68.099915,0,290000,2,
0,40002059.0,5831204.0,4.0,0,3.0,232,0,1359,1492.51,9326,1243,8529,2,415963,1,1,-16.522589,-68.052231,0,215000,1,
0,40002059.0,5831204.0,4.0,0,3.0,237,0,1233,1353.67,8458,1128,7735,2,415966,1,1,-16.521685,-68.05351999999999,0,195000,1,
0,40002059.0,5831204.0,4.0,0,3.0,370,0,1391,1535.93,9543,1272,8727,2,94310,1,1,-16.536242,-68.07222,0,220000,2,2006.0
0,40002059.0,5831204.0,3.0,0,4.0,380,0,1359,1563.2,9326,1243,8529,4,377473,1,1,-16.538322,-68.048302,0,215000,1,2010.0
0,40002059.0,5831204.0,5.0,0,4.0,270,0,1157,1277.62,7938,1058,7259,2,420122,1,1,-16.519420999999998,-68.076736,0,183000,2,
0,40002059.0,5831204.0,,0,4.0,470,0,2932,3649.29,20116,2682,18396,3,420362,1,1,-16.607626,-68.070259,0,530000,2,
0,40002059.0,5831204.0,7.0,0,5.0,180,0,1252,1363.32,8588,1145,7854,2,421720,1,1,-16.579523000000002,-68.080864,0,198000,2,2010.0
0,40002059.0,5831204.0,4.0,0,3.0,471,0,2932,3649.29,20116,2682,18396,3,421512,1,1,-16.611107,-68.07058,0,530000,2,2015.0
0,,,3.0,0,4.0,300,0,0,,0,0,0,2,536213,1,2,-16.528328,-68.075623,0,1200,2,
0,,,6.0,0,4.0,550,0,0,,0,0,0,2,534274,1,2,-16.560436,-68.093002,0,2500,2,
0,,,4.0,0,3.0,285,0,0,,0,0,0,3,534524,1,2,-16.531023,-68.06974,0,1000,1,2005.0
0,,,4.0,0,4.0,200,0,0,,0,0,0,2,536459,1,2,-16.542561,-68.085144,0,1800,2,
0,,,5.0,0,4.0,400,0,0,,0,0,0,3,517827,1,2,-16.522739,-68.065315,0,2000,2,2010.0
0,,,5.0,0,20.0,400,0,0,,0,0,0,3,528013,1,2,-16.49391,-68.121284,0,2700,2,
0,,,5.0,0,3.0,390,0,0,,0,0,0,4,517424,1,2,-16.509756,-68.05304,0,2500,2,
0,,,5.0,0,5.0,240,0,0,,0,0,0,3,504471,1,2,-16.541647,-68.087021,0,1600,2,
0,,,5.0,0,4.0,362,0,0,,0,0,0,3,510075,1,2,-16.537012,-68.073647,0,3000,2,
1,,,2.0,0,3.0,0,0,0,,0,0,0,4,119540,1,2,-16.516829,-68.06210300000001,0,2400,2,
0,,,6.0,0,5.0,670,0,0,,0,0,0,5,480750,1,2,-16.608545,-68.0709,0,2500,2,
0,,,7.0,1,4.0,500,0,0,,0,0,0,5,504320,1,2,-16.52166,-68.060936,0,2500,2,
0,,,4.0,0,3.0,330,0,0,,0,0,0,2,102451,1,2,-16.563253,-68.09818299999999,0,1600,2,
0,,,7.0,0,5.0,680,0,0,,0,0,0,3,434558,1,2,-16.51944,-68.060738,0,4800,2,
1,,,4.0,0,3.0,0,0,0,,0,0,0,0,172312,1,2,-16.546583,-68.076309,0,1200,2,
0,48463835.0,7064699.0,3.0,0,3.0,232,0,567,700.17,3887,513,3520,2,192358,1,3,-16.607626,-68.070259,0,95000,1,
1,,,6.0,0,4.0,380,0,0,,0,0,0,3,465911,1,2,-16.541365,-68.073463,0,5000,2,
0,,,3.0,0,3.0,180,0,0,,0,0,0,1,517051,1,3,-16.540489,-68.087799,0,110000,2,
0,,,6.0,0,4.0,300,0,0,,0,0,0,3,527675,1,3,-16.547577,-68.088875,0,85000,1,
0,,,4.0,0,4.0,350,0,0,,0,0,0,3,520172,1,3,-16.529617000000002,-68.07907900000001,0,100000,2,
0,,,4.0,0,4.0,600,0,0,,0,0,0,2,542532,1,3,-16.596094,-68.145546,0,80000,2,2015.0
0,,,3.0,0,4.0,208,0,0,,0,0,0,2,536217,1,3,-16.518933999999998,-68.064667,0,100000,2,
0,48463835.0,7064699.0,3.0,0,4.0,208,0,596,,4092,540,3706,2,536218,1,3,-16.521805,-68.065208,0,100000,1,
0,,,5.0,0,6.0,350,0,0,,0,0,0,2,539172,1,3,-16.548342,-68.06388100000001,0,125000,2,2012.0
0,,,5.0,0,6.0,385,0,0,,0,0,0,2,539176,1,3,-16.549248000000002,-68.06414000000001,0,125000,2,2012.0
0,,,3.0,0,2.0,300,0,0,,0,0,0,3,540010,1,3,-16.559507,-68.097054,0,85000,2,2015.0
0,,,5.0,0,6.0,380,0,0,,0,0,0,2,542453,1,3,-16.547684,-68.06405600000001,0,125000,2,2012.0
0,,,4.0,0,4.0,350,0,0,,0,0,0,2,541622,1,3,-16.517536,-68.077126,0,60000,2,
0,,,4.0,0,4.0,204,0,0,,0,0,0,2,544296,1,3,-16.489792,-68.12258100000001,0,68000,2,
0,,,3.0,0,3.0,232,0,0,,0,0,0,2,466141,1,3,-16.607626,-68.070259,0,95000,2,
0,,,5.0,0,4.0,318,0,0,,0,0,0,2,527281,1,3,-16.569098,-68.10331,0,88000,2,
0,,,5.0,0,3.0,900,0,0,,0,0,0,2,538195,1,3,-16.540277,-68.05793,0,100000,1,2018.0
0,,,5.0,0,4.0,318,0,0,,0,0,0,2,527280,1,3,-16.565365,-68.10378299999999,0,88000,2,
0,,,4.0,0,3.0,320,0,0,,0,0,0,2,526421,1,3,-16.547107999999998,-68.064705,0,140000,1,2016.0
0,,,6.0,0,5.0,560,0,0,,0,0,0,2,527218,1,3,-16.521725,-68.062531,0,120000,1,2012.0
0,,,5.0,0,4.0,310,0,0,,0,0,0,3,526807,1,3,-16.565037,-68.100128,0,140000,2,2016.0
0,,,5.0,0,6.0,500,0,0,,0,0,0,2,534620,1,3,-16.548588,-68.06414000000001,0,117000,2,2012.0
0,,,2.0,0,4.0,277,0,0,,0,0,0,1,535206,1,3,-16.519751,-68.060753,0,100000,1,2018.0
0,,,5.0,0,4.0,375,0,0,,0,0,0,3,173602,1,2,-16.526505,-68.067513,0,1500,2,
0,,,6.0,1,3.0,0,0,0,,0,0,0,3,236739,1,2,-16.549042,-68.070984,0,1800,2,
0,,,3.0,0,3.0,208,0,0,,0,0,0,2,536214,1,3,-16.519241,-68.063858,0,80000,1,
0,,,4.0,0,3.0,0,0,0,,0,0,0,3,210538,1,2,-16.528192999999998,-68.069748,0,1300,2,
0,,,5.0,0,4.0,650,0,0,,0,0,0,5,466064,1,2,-16.56184,-68.092636,0,3000,2,
0,40002059.0,5831204.0,4.0,0,4.0,220,0,1581,1735.48,10844,1446,9917,3,223756,1,2,-16.515133,-68.08371,0,4500,2,2006.0
1,,,4.0,0,5.0,490,0,0,17.87,0,0,0,3,239217,1,2,-16.514463,-68.061371,0,2500,2,
0,,,7.0,0,6.0,490,0,0,8.58,0,0,0,6,257880,1,2,-16.551434,-68.068352,0,1200,2,
0,,,5.0,0,4.0,238,0,0,,0,0,0,2,290117,1,2,-16.530077,-68.07094599999999,0,2000,1,
0,,,3.0,0,3.0,200,0,0,,0,0,0,3,290246,1,2,-16.530869,-68.070541,0,800,2,
0,,,3.0,0,4.0,815,0,0,,0,0,0,4,465818,1,2,-16.524820000000002,-68.069801,0,1100,2,
0,,,5.0,0,3.0,400,0,0,,0,0,0,2,465869,1,2,-16.540758,-68.063416,0,1700,2,
1,,,6.0,0,4.0,380,0,0,,0,0,0,3,309884,1,2,-16.541365,-68.073463,0,5000,2,
1,,,6.0,0,4.0,380,0,0,,0,0,0,2,367776,1,2,-16.520203,-68.057343,0,1800,2,
0,,,5.0,0,3.0,400,0,0,,0,0,0,2,344387,1,2,-16.540758,-68.063416,0,1700,2,
0,,,3.0,0,4.0,815,0,0,,0,0,0,4,422612,1,2,-16.524820000000002,-68.069801,0,1100,2,
0,,,6.0,0,3.0,0,0,0,,0,0,0,3,429131,1,2,-16.548382,-68.06794000000001,0,1800,2,
0,,,4.0,0,4.0,238,0,0,,0,0,0,2,430233,1,2,-16.518639,-68.064079,0,1700,2,
0,,,5.0,0,3.0,600,0,0,,0,0,0,3,465802,1,2,-15.089242,-68.524712,0,2000,2,
0,40002059.0,5831204.0,2.0,0,3.0,0,0,948,,6506,867,5950,3,119538,1,3,-16.519479999999998,-68.086525,0,150000,1,
0,,,4.0,0,4.0,250,0,0,,0,0,0,2,482115,1,3,-16.530707999999997,-68.079094,0,100000,2,
0,,,4.0,0,5.0,480,0,0,,0,0,0,2,510066,1,3,-16.521894,-68.057137,0,95000,2,
0,,,5.0,0,3.0,462,0,0,,0,0,0,4,435590,1,2,-16.518023,-68.06231700000001,0,2000,2,2005.0
0,,,4.0,0,5.0,480,0,0,,0,0,0,2,510064,1,3,-16.521894,-68.057137,0,95000,2,
0,,,5.0,0,4.0,500,0,0,,0,0,0,2,437315,1,2,-16.541225,-68.06100500000001,0,2200,2,2000.0
0,,,7.0,0,4.0,500,0,0,,0,0,0,5,459748,1,2,-16.516911,-68.057724,0,2500,2,
0,,,4.0,0,8.0,761,0,0,,0,0,0,3,451331,1,2,-16.503618,-68.117676,0,14500,2,2004.0
0,,,9.0,0,5.0,740,0,0,,0,0,0,2,465001,1,2,-16.534643,-68.078285,0,2000,2,2011.0
0,,,5.0,0,7.0,761,0,0,,0,0,0,3,458267,1,2,-16.494694,-68.120407,0,14500,2,2001.0
0,,,5.0,0,4.0,450,0,0,,0,0,0,2,504316,1,2,-16.556675,-68.09745,1,2100,2,
0,,,1.0,0,3.0,200,0,0,,0,0,0,2,467006,1,2,-16.54427,-68.07821700000001,0,1100,2,
0,,,7.0,0,4.0,385,0,0,,0,0,0,1,480885,1,2,-16.506664,-68.1259,0,2700,2,
0,,,5.0,0,3.0,300,0,0,,0,0,0,2,477198,1,2,-16.548745999999998,-68.077827,0,2300,2,
0,,,6.0,0,4.0,560,0,0,,0,0,0,3,477242,1,2,-16.55986,-68.094727,0,2500,2,2012.0
0,,,6.0,0,10.0,350,0,0,,0,0,0,4,478064,1,2,-16.542295000000003,-68.08847800000001,0,1900,2,
0,,,4.0,0,3.0,300,0,0,,0,0,0,1,480856,1,2,-16.527334,-68.085686,0,1000,2,
0,,,3.0,0,7.0,250,0,0,,0,0,0,2,481042,1,2,-16.542953,-68.08483100000001,0,1800,2,2000.0
0,,,2.0,0,4.0,0,0,0,,0,0,0,1,492387,1,2,-16.517817,-68.061501,0,1000,2,
0,,,5.0,0,4.0,460,0,0,,0,0,0,0,486123,1,2,-16.566031,-68.112892,0,2500,2,
0,,,3.0,0,4.0,350,0,0,,0,0,0,3,489416,1,2,-16.527731,-68.085922,0,1400,2,
0,,,1.0,0,4.0,165,0,0,,0,0,0,1,483499,1,2,-16.539495000000002,-68.09845,0,650,2,
0,,,6.0,0,4.0,450,0,0,,0,0,0,5,500413,1,2,-16.560719,-68.092979,0,2100,2,
0,,,4.0,1,4.0,298,0,0,,0,0,0,1,507700,1,2,-16.555695999999998,-68.09449000000001,0,2000,2,
0,,,6.0,0,4.0,450,0,0,,0,0,0,5,500412,1,2,-16.560719,-68.092979,0,2100,2,
0,,,3.0,0,3.0,250,0,0,,0,0,0,3,495513,1,2,-16.522371,-68.0868,0,900,2,
0,,,5.0,0,5.0,340,0,0,,0,0,0,3,495527,1,2,-16.542637,-68.0868,0,1600,2,
0,,,4.0,0,4.0,298,0,0,,0,0,0,1,496123,1,2,-16.551962,-68.094978,0,2000,2,
0,,,4.0,0,4.0,400,0,0,,0,0,0,2,500134,1,2,-16.547642,-68.06562,0,1500,2,
0,,,3.0,0,3.0,200,0,0,,0,0,0,2,500328,1,2,-16.522701,-68.065598,0,850,2,
0,,,3.0,0,3.0,240,0,0,,0,0,0,0,500477,1,2,-16.526751,-68.106773,0,500,2,
0,,,6.0,0,5.0,400,0,0,,0,0,0,8,506096,1,2,-16.541307,-68.086159,0,3000,2,2017.0
1,,,5.0,0,4.0,530,0,0,,0,0,0,2,507231,1,2,-16.559914000000003,-68.098984,0,3000,2,
0,,,6.0,0,4.0,300,0,0,,0,0,0,3,510541,1,2,-16.544622,-68.079575,0,1500,2,
0,,,5.0,0,4.0,362,0,0,,0,0,0,3,510076,1,2,-16.537012,-68.073647,0,3000,2,
0,,,4.0,0,3.0,300,0,0,,0,0,0,4,511758,1,2,-16.520779,-68.0597,0,2500,2,
1,,,5.0,0,4.0,530,0,0,,0,0,0,2,507230,1,2,-16.559914000000003,-68.098984,0,3000,2,
0,,,3.0,0,3.0,200,0,0,,0,0,0,3,512144,1,2,-16.51543,-68.059875,0,2000,1,
0,,,4.0,0,20.0,480,0,0,,0,0,0,3,510745,1,2,-16.499996,-68.118622,0,2700,2,2005.0
0,,,4.0,0,3.0,318,0,0,,0,0,0,3,514426,1,2,-16.520943,-68.081924,0,900,2,
0,,,6.0,0,4.0,450,0,0,,0,0,0,3,515012,1,2,-16.54711,-68.08377800000001,0,2200,2,2007.0
0,,,6.0,0,4.0,380,0,0,,0,0,0,2,515718,1,2,-16.507181,-68.083786,0,1200,2,
0,,,6.0,0,4.0,380,0,0,,0,0,0,2,515717,1,2,-16.507181,-68.083786,0,1200,2,
1,,,4.0,0,4.0,646,0,0,,0,0,0,1,514919,1,2,-16.518253,-68.061485,0,2900,2,
0,,,4.0,0,5.0,475,0,0,,0,0,0,4,514998,1,2,-16.517744,-68.086899,0,1500,2,
0,,,4.0,0,3.0,220,0,0,,0,0,0,2,512754,1,2,-16.547601999999998,-68.088211,0,1300,1,
1,,,5.0,0,4.0,530,0,0,,0,0,0,2,516246,1,2,-16.557752999999998,-68.099373,0,2800,2,
0,,,3.0,0,4.0,300,0,0,,0,0,0,3,515860,1,2,-16.530895,-68.068832,0,1500,2,1990.0
0,,,3.0,0,4.0,300,0,0,,0,0,0,3,515869,1,2,-16.53089,-68.06881,0,1500,2,1990.0
0,,,2.0,0,3.0,225,0,0,,0,0,0,1,517706,1,2,-16.515404,-68.12841800000001,0,1000,2,
0,,,5.0,0,4.0,320,0,0,,0,0,0,3,517159,1,2,-16.526293,-68.07351700000001,0,1500,2,2010.0
0,,,6.0,0,3.0,240,0,0,,0,0,0,2,517055,1,2,-16.51059,-68.08586899999999,0,1000,2,
0,,,3.0,0,4.0,200,0,0,,0,0,0,1,517320,1,2,-16.528103,-68.07429499999999,0,650,2,2009.0
0,,,5.0,0,9.0,450,0,0,,0,0,0,2,517704,1,2,-16.514566000000002,-68.129395,0,2200,2,
0,,,2.0,0,4.0,225,0,0,,0,0,0,1,517708,1,2,-16.511995000000002,-68.128395,0,1200,2,
0,,,4.0,0,3.0,300,0,0,,0,0,0,3,517802,1,2,-16.514418,-68.062027,0,2000,1,2018.0
0,,,6.0,0,4.0,400,0,0,,0,0,0,2,517819,1,2,-16.505924,-68.082748,0,1200,1,2017.0
0,,,3.0,0,3.0,350,0,0,,0,0,0,2,520812,1,2,-16.545361,-68.084282,0,1300,2,1990.0
0,,,4.0,0,5.0,410,0,0,,0,0,0,4,518799,1,2,-16.52886,-68.10305799999999,0,2500,2,1980.0
0,,,5.0,0,4.0,350,0,0,,0,0,0,3,518900,1,2,-16.519272,-68.06147800000001,0,1600,2,2003.0
0,,,2.0,0,3.0,220,0,0,,0,0,0,1,520250,1,2,-16.526253,-68.108147,0,1200,2,
0,,,6.0,0,5.0,500,0,0,,0,0,0,5,520548,1,2,-16.542103,-68.088188,0,4000,2,1992.0
1,,,4.0,0,3.0,420,0,0,,0,0,0,1,521182,1,2,-16.519758,-68.057358,0,1800,2,
0,,,5.0,0,6.0,350,0,0,,0,0,0,3,523358,1,2,-16.514837,-68.05986800000001,0,1100,2,1990.0
0,,,5.0,0,4.0,380,0,0,,0,0,0,2,523689,1,2,-16.50403,-68.07907900000001,0,1200,2,2013.0
0,,,2.0,0,3.0,200,0,0,,0,0,0,3,525325,1,2,-16.512543,-68.124992,0,1000,2,1990.0
0,,,4.0,0,4.0,300,0,0,,0,0,0,0,530915,1,2,-16.543585,-68.079277,0,1500,2,2012.0
0,,,6.0,0,8.0,720,0,0,,0,0,0,5,525352,1,2,-16.527456,-68.103104,0,2000,2,1990.0
0,,,3.0,0,3.0,500,0,0,,0,0,0,2,530745,1,2,-16.502910999999997,-68.079697,0,750,2,
0,,,3.0,0,3.0,500,0,0,,0,0,0,2,530744,1,2,-16.502910999999997,-68.079697,0,750,2,
0,,,1.0,0,2.0,75,0,0,,0,0,0,0,529791,1,2,-16.534498000000003,-68.094635,0,1000,2,
0,,,4.0,0,3.0,280,0,0,,0,0,0,2,530205,1,2,-16.529336999999998,-68.04863,0,900,2,
0,,,5.0,0,4.0,250,0,0,,0,0,0,2,531293,1,2,-16.546982,-68.075577,0,1200,2,2000.0
0,,,6.0,0,4.0,550,0,0,,0,0,0,2,531727,1,2,-16.542593,-68.085861,0,2000,2,2002.0
0,,,6.0,0,5.0,380,0,0,,0,0,0,2,532781,1,2,-16.501417,-68.08244300000001,0,1200,2,
0,,,4.0,0,3.0,170,0,0,,0,0,0,3,535621,1,2,-16.530355,-68.07016800000001,0,1600,2,
0,,,4.0,0,3.0,350,0,0,,0,0,0,4,533652,1,2,-16.548014000000002,-68.09013399999999,0,1000,2,1980.0
0,,,4.0,0,4.0,200,0,0,,0,0,0,2,536460,1,2,-16.538921,-68.08934,0,1800,2,
0,,,6.0,0,4.0,530,0,0,,0,0,0,3,535822,1,2,-16.558702,-68.102203,0,2700,2,2004.0
0,,,4.0,0,3.0,510,0,0,,0,0,0,4,536163,1,2,-16.525208,-68.067581,0,2300,2,
0,,,4.0,0,4.0,350,0,0,,0,0,0,1,535298,1,2,-16.547076999999998,-68.08744,0,600,2,
0,,,2.0,0,3.0,220,0,0,,0,0,0,1,535855,1,2,-16.512707000000002,-68.123924,0,1000,2,1985.0
