amoblado,bathroom,baulera,bedroom,dimension_built,dimension_ground,elevator,garage,latitud,longitud,price,status,year_built,riesgo__alto,riesgo__bajo,riesgo__moderado,riesgo__muy bajo,neighborhood_encoded
0,1.0,0,3.0,85,0,0,1,-16.527618,-68.053825,89000.0,1,2017.0,1,0,0,0,1
0,2.0,0,2.0,83,0,0,1,-16.514166,-68.08420600000001,83000.0,2,2002.0,0,1,0,0,2
0,3.0,0,4.0,128,0,1,1,-16.539625,-68.047394,105000.0,1,2016.0,0,1,0,0,3
0,3.0,0,2.0,149,0,0,2,-16.541565,-68.08426700000001,228000.0,2,,0,1,0,0,4
0,2.0,0,1.0,60,0,0,1,-16.514936,-68.061073,94500.0,1,2019.0,1,0,0,0,1
0,4.0,0,4.0,154,0,0,0,-16.512133,-68.121941,167000.0,2,,0,0,0,1,5
0,2.0,0,1.0,97,0,0,1,-16.529336999999998,-68.06952700000001,155800.0,1,,1,0,0,0,1
0,4.0,0,3.0,110,0,0,1,-16.546141,-68.081688,130000.0,2,2013.0,0,1,0,0,6
0,2.0,0,3.0,146,0,0,1,-16.51602,-68.077332,118000.0,1,2018.0,0,1,0,0,2
0,4.0,0,3.0,176,0,0,1,-16.524342,-68.110672,207000.0,2,,0,1,0,0,7
0,5.0,0,5.0,250,0,0,1,-16.525714999999998,-68.08401500000001,250000.0,2,,0,0,1,0,8
0,5.0,0,3.0,351,0,0,2,-16.547129,-68.07684300000001,460000.0,2,2004.0,0,1,0,0,6
0,2.0,0,2.0,70,0,0,1,-16.545101000000006,-68.067619,76000.0,1,2019.0,0,0,1,0,9
0,3.0,0,2.0,87,0,0,1,-16.525755,-68.08635699999999,105000.0,1,2019.0,0,0,1,0,8
0,2.0,0,2.0,73,0,0,1,-16.540903,-68.08577700000001,125000.0,1,2018.0,0,1,0,0,4
0,3.0,0,3.0,101,0,0,1,-16.529844,-68.081001,100000.0,2,,0,1,0,0,2
0,3.0,0,2.0,103,0,0,1,-16.522382999999998,-68.062721,103000.0,1,,1,0,0,0,1
0,2.0,0,2.0,105,0,0,1,-16.548502,-68.07315799999999,145000.0,2,,0,1,0,0,6
0,2.0,0,2.0,101,0,0,1,-16.519070000000006,-68.064743,101000.0,1,2018.0,1,0,0,0,1
0,6.0,0,4.0,222,0,0,2,-16.540627999999998,-68.08356500000001,330000.0,2,,0,1,0,0,4
0,3.0,0,3.0,184,0,0,2,-16.540689,-68.06658900000001,159000.0,2,,0,0,1,0,10
0,3.0,0,2.0,229,0,0,1,-16.547577,-68.052811,152000.0,1,,1,0,0,0,11
0,3.0,1,3.0,132,0,1,1,-16.521866,-68.057709,142000.0,2,,1,0,0,0,1
0,3.0,0,2.0,120,0,0,1,-16.516527,-68.061691,117500.0,2,,1,0,0,0,1
0,3.0,0,4.0,255,0,0,1,-16.540277,-68.069763,230000.0,2,,0,0,1,0,10
0,2.0,0,2.0,75,0,0,0,-16.538757,-68.087273,91000.0,1,2018.0,0,1,0,0,4
0,3.0,1,3.0,183,183,0,2,-16.538742000000006,-68.063843,165000.0,2,,0,0,1,0,10
0,2.0,0,2.0,69,0,0,1,-16.502031,-68.082245,78000.0,2,,0,0,1,0,8
0,4.0,0,3.0,168,0,0,1,-16.518007,-68.062508,178000.0,2,,1,0,0,0,1
0,4.0,0,3.0,124,0,0,1,-16.529419,-68.057816,100000.0,1,2018.0,1,0,0,0,1
0,1.0,1,3.0,85,0,0,1,-16.527704,-68.053444,90000.0,2,,1,0,0,0,1
0,1.0,0,1.0,61,0,0,1,-16.545579999999998,-68.069664,81010.0,1,2019.0,0,0,1,0,9
0,1.0,0,1.0,62,0,0,1,-16.544626,-68.08142099999999,62800.0,1,2017.0,0,1,0,0,4
0,3.0,0,2.0,106,0,0,1,-16.524088,-68.06734499999999,114000.0,1,,1,0,0,0,1
0,3.0,0,3.0,124,0,0,1,-16.539265,-68.074486,131200.0,1,2017.0,0,1,0,0,4
0,3.0,0,3.0,200,0,0,1,-16.531761,-68.096008,200000.0,2,,0,0,1,0,12
0,1.0,0,1.0,50,0,0,1,-16.539351999999994,-68.084259,95000.0,1,,0,1,0,0,4
0,4.0,0,3.0,144,0,0,1,-16.51086,-68.12451899999999,165000.0,2,1979.0,0,0,1,0,13
0,3.0,0,2.0,145,0,0,1,-16.548433,-68.06064599999999,143000.0,1,,0,1,0,0,6
0,4.0,0,3.0,176,0,0,1,-16.524995999999998,-68.11032900000001,180000.0,2,,0,1,0,0,7
0,4.0,0,3.0,139,0,0,1,-16.528801,-68.103081,160000.0,2,2014.0,0,1,0,0,7
0,3.0,0,2.0,97,0,0,1,-16.517364999999998,-68.060516,114500.0,1,2014.0,1,0,0,0,1
0,4.0,0,3.0,310,0,0,2,-16.548054,-68.06081400000001,310000.0,1,,0,1,0,0,6
0,2.0,0,2.0,89,0,0,1,-16.525345,-68.109543,105000.0,1,2015.0,0,1,0,0,7
0,5.0,0,3.0,165,0,0,1,-16.539244,-68.083237,169000.0,2,,0,1,0,0,4
0,4.0,0,3.0,132,0,0,1,-16.521437,-68.06373599999999,110000.0,1,,1,0,0,0,1
0,3.0,0,3.0,112,0,0,1,-16.520739000000006,-68.064339,95000.0,2,2015.0,1,0,0,0,1
0,6.0,0,3.0,265,0,0,2,-16.512096,-68.12133,260000.0,1,2003.0,0,0,0,1,5
0,5.0,0,3.0,220,0,0,2,-16.55151,-68.089577,519980.0,2,2016.0,0,0,1,0,14
0,4.0,0,3.0,120,0,0,1,-16.544624,-68.070885,135000.0,1,2019.0,0,0,1,0,9
0,1.0,0,1.0,62,0,0,1,-16.541307,-68.073952,74000.0,1,2018.0,0,1,0,0,4
0,3.0,0,2.0,86,0,0,1,-16.509114999999998,-68.13018000000001,111000.0,1,,0,0,1,0,13
0,4.0,0,3.0,174,0,0,1,-16.540649,-68.06749,135000.0,2,,0,0,1,0,10
0,2.0,0,2.0,100,0,0,1,-16.521749,-68.062454,135000.0,2,,1,0,0,0,1
0,4.0,0,3.0,151,0,0,1,-16.539017,-68.084183,180000.0,2,,0,1,0,0,4
0,2.0,0,2.0,83,0,0,1,-16.51734,-68.086365,82000.0,2,,0,0,1,0,8
0,5.0,0,4.0,310,0,0,1,-16.543035999999994,-68.089508,398000.0,1,,0,1,0,0,4
0,5.0,0,4.0,324,0,0,2,-16.525759,-68.106155,320000.0,2,2018.0,0,1,0,0,7
0,2.0,0,2.0,130,0,0,1,-16.518698,-68.086014,106000.0,1,,0,0,1,0,8
0,4.0,0,3.0,178,0,0,1,-16.525017000000002,-68.062065,192000.0,1,,1,0,0,0,1
0,4.0,0,3.0,120,0,0,1,-16.542938,-68.07294499999999,135000.0,1,,0,0,1,0,9
0,4.0,0,3.0,165,0,0,1,-16.539270000000002,-68.082062,169000.0,2,2009.0,0,1,0,0,4
0,3.0,0,3.0,169,0,0,1,-16.547623,-68.090111,240000.0,2,2014.0,0,0,1,0,14
0,3.0,0,3.0,134,0,0,2,-16.545471,-68.063713,145000.0,2,2016.0,0,0,1,0,10
0,3.0,0,2.0,99,0,0,1,-16.517104999999994,-68.061432,119000.0,2,2015.0,1,0,0,0,1
0,2.0,0,3.0,115,0,0,0,-16.509584,-68.124123,125000.0,2,,0,0,0,1,5
0,4.0,0,3.0,165,0,0,1,-16.539661,-68.081436,175000.0,2,,0,1,0,0,4
0,4.0,0,3.0,200,0,0,0,-16.510332000000002,-68.127289,180000.0,1,1970.0,0,0,1,0,13
0,3.0,0,3.0,110,0,0,1,-16.508557999999994,-68.128922,160000.0,2,1993.0,0,0,1,0,13
0,4.0,0,3.0,208,0,0,2,-16.547512,-68.052734,195000.0,2,,1,0,0,0,11
0,2.0,1,4.0,163,0,0,1,-16.529066,-68.085014,159000.0,2,,0,0,1,0,8
0,4.0,0,3.0,132,0,0,1,-16.51255,-68.086685,129000.0,2,,0,0,1,0,8
0,3.0,0,3.0,132,132,0,1,-16.542698,-68.065483,115000.0,1,,0,0,1,0,10
0,5.0,0,4.0,240,0,0,2,-16.528597,-68.07171600000001,265000.0,2,,1,0,0,0,1
0,2.0,0,3.0,120,0,0,0,-16.526285,-68.123772,104000.0,1,2018.0,1,0,0,0,15
0,4.0,0,3.0,288,0,0,3,-16.532970000000002,-68.076225,295000.0,2,,1,0,0,0,1
0,3.0,0,3.0,288,0,0,3,-16.519842,-68.050789,300000.0,2,,1,0,0,0,1
0,4.0,0,3.0,128,0,0,1,-16.539165,-68.047249,105000.0,1,,0,1,0,0,3
0,2.0,0,3.0,114,0,0,1,-16.528446,-68.08622,97000.0,2,2015.0,0,0,1,0,8
0,4.0,0,3.0,170,0,0,1,-16.520654999999998,-68.08635699999999,139000.0,1,2018.0,0,0,1,0,8
0,3.0,0,3.0,120,0,0,1,-16.503248000000006,-68.08171800000001,125000.0,2,2012.0,0,0,1,0,8
0,2.0,0,1.0,113,0,0,1,-16.529007,-68.07103000000001,158200.0,1,2018.0,1,0,0,0,1
0,4.0,0,3.0,165,0,0,1,-16.520739000000006,-68.066742,190000.0,1,2018.0,1,0,0,0,1
0,4.0,0,3.0,152,0,0,1,-16.518620000000002,-68.05686999999999,103000.0,1,2019.0,1,0,0,0,1
0,2.0,0,1.0,138,0,0,0,-16.513241,-68.06304200000001,94500.0,1,2019.0,1,0,0,0,1
0,4.0,0,3.0,201,0,0,1,-16.507303,-68.126427,270000.0,1,1995.0,0,0,0,1,5
0,3.0,0,3.0,116,0,0,1,-16.514557,-68.086945,116820.0,2,,0,0,1,0,8
0,3.0,0,3.0,134,0,0,1,-16.524832,-68.054474,127000.0,2,,1,0,0,0,1
0,4.0,0,3.0,152,0,0,1,-16.540792,-68.090645,175000.0,2,2008.0,0,1,0,0,4
0,2.0,0,3.0,104,0,0,1,-16.502548,-68.125237,130000.0,2,,0,0,0,1,16
0,3.0,0,3.0,157,0,0,1,-16.50757,-68.12738,165000.0,2,,0,0,0,1,5
0,4.0,0,3.0,157,0,0,0,-16.539978,-68.079346,180000.0,1,2018.0,0,1,0,0,4
0,1.0,0,1.0,26,0,0,1,-16.526909,-68.05313100000001,28000.0,1,,1,0,0,0,1
0,2.0,0,2.0,108,0,0,0,-16.541635999999997,-68.086761,101000.0,1,,0,1,0,0,4
0,1.0,0,1.0,49,0,0,1,-16.518309,-68.128113,55300.0,1,2019.0,0,0,1,0,13
0,3.0,0,2.0,105,0,0,0,-16.502754,-68.08174100000001,85000.0,2,2016.0,0,0,1,0,8
0,3.0,0,3.0,140,0,0,1,-16.529091,-68.07210500000001,135000.0,1,2018.0,1,0,0,0,1
0,2.0,0,2.0,70,0,0,1,-16.521437,-68.05995899999999,117000.0,1,2017.0,1,0,0,0,1
0,3.0,0,3.0,116,0,0,1,-16.512178,-68.086632,115000.0,2,2003.0,0,0,1,0,8
0,3.0,0,3.0,156,0,0,2,-16.525202,-68.070427,145000.0,2,,1,0,0,0,1
0,3.0,0,2.0,100,0,0,1,-16.518337,-68.062218,115000.0,2,,1,0,0,0,1
0,1.0,0,1.0,52,0,1,0,-16.544445,-68.07737,83000.0,2,,0,1,0,0,17
0,3.0,0,2.0,150,0,0,1,-16.545401000000002,-68.069168,145000.0,2,,0,0,1,0,9
0,3.0,0,3.0,167,0,0,1,-16.523125,-68.055603,140000.0,1,2018.0,1,0,0,0,1
0,2.0,0,3.0,99,0,0,0,-16.486626,-68.138237,125000.0,2,,0,1,0,0,18
0,3.0,0,3.0,185,0,0,1,-16.543488,-68.063538,180000.0,2,,0,0,1,0,10
0,4.0,0,3.0,135,0,0,1,-16.540401,-68.068443,150000.0,2,,0,0,1,0,10
0,1.0,0,1.0,300,0,0,1,-16.576151,-68.082581,30000.0,1,,1,0,0,0,19
0,5.0,1,3.0,206,0,0,1,-16.545647,-68.084236,210000.0,2,,0,1,0,0,4
0,3.0,0,3.0,148,0,0,1,-16.522993,-68.05450400000001,138000.0,2,2017.0,1,0,0,0,1
0,4.0,0,3.0,200,0,0,1,-16.542147,-68.083687,210000.0,1,2017.0,0,1,0,0,4
0,5.0,0,3.0,187,0,0,2,-16.50757,-68.126648,265000.0,1,,0,0,0,1,5
0,4.0,0,3.0,265,0,0,1,-16.509186,-68.12389399999999,255000.0,2,,0,0,0,1,5
0,4.0,0,3.0,222,0,0,2,-16.539703,-68.083946,330000.0,1,2016.0,0,1,0,0,4
0,2.0,0,4.0,139,0,0,1,-16.516251,-68.08998100000001,75000.0,2,,0,1,0,0,20
0,1.0,0,1.0,51,0,0,1,-16.487106,-68.123238,53000.0,1,,0,0,0,1,16
0,2.0,0,2.0,74,0,0,0,-16.524603,-68.086617,79900.0,1,2019.0,0,0,1,0,8
0,3.0,0,3.0,120,0,0,1,-16.543015,-68.07122,129000.0,2,2017.0,0,0,1,0,9
0,3.0,0,3.0,152,0,0,1,-16.52318,-68.053925,130000.0,1,2017.0,1,0,0,0,1
0,4.0,0,3.0,120,0,0,1,-16.544352,-68.07159399999999,135000.0,1,2019.0,0,0,1,0,9
0,5.0,0,4.0,200,0,0,1,-16.539951000000002,-68.086845,220000.0,2,,0,1,0,0,4
0,4.0,0,3.0,209,0,0,1,-16.514805,-68.062607,178000.0,2,2006.0,1,0,0,0,1
0,2.0,0,2.0,77,0,0,1,-16.518581,-68.08228299999999,98000.0,2,,0,1,0,0,2
0,4.0,0,3.0,148,0,0,1,-16.510932999999998,-68.124374,158000.0,2,1995.0,0,0,0,1,5
0,3.0,0,3.0,182,0,0,1,-16.522394,-68.063339,280000.0,1,2016.0,1,0,0,0,1
0,4.0,0,4.0,162,0,0,1,-16.539518,-68.08000200000001,180000.0,2,,0,1,0,0,4
0,3.0,0,3.0,164,0,0,1,-16.520245000000006,-68.06369000000001,185000.0,1,2019.0,1,0,0,0,1
0,4.0,0,3.0,162,0,0,1,-16.53454,-68.071526,135000.0,1,2018.0,1,0,0,0,1
0,2.0,0,2.0,108,0,0,1,-16.546474,-68.063286,130000.0,2,2010.0,0,0,1,0,10
0,2.0,0,2.0,82,0,0,1,-16.522505,-68.08489200000001,92000.0,1,2018.0,0,0,1,0,8
0,3.0,0,3.0,164,0,0,1,-16.521053,-68.06588,190000.0,1,,1,0,0,0,1
0,2.0,0,1.0,52,0,0,0,-16.543920999999994,-68.078438,83200.0,1,2018.0,0,1,0,0,17
0,1.0,0,2.0,58,0,0,1,-16.549536,-68.071564,52200.0,1,,0,1,0,0,4
0,2.0,0,2.0,69,0,0,1,-16.521437,-68.058563,120000.0,1,,1,0,0,0,1
0,3.0,0,3.0,122,0,0,2,-16.520243,-68.08686800000001,146000.0,2,2017.0,0,0,1,0,8
0,2.0,0,3.0,79,0,0,0,-16.543739000000002,-68.07605,80000.0,1,2000.0,0,0,1,0,9
0,5.0,0,4.0,281,0,0,2,-16.540018,-68.07016800000001,285000.0,1,,0,0,1,0,10
0,5.0,0,5.0,284,0,0,1,-16.524008,-68.08422900000001,235000.0,2,,0,0,1,0,8
0,4.0,0,3.0,113,0,0,1,-16.512691,-68.11774399999999,127000.0,2,,0,0,0,1,16
0,2.0,0,1.0,64,0,0,0,-16.524372,-68.110313,71107.0,1,2019.0,0,1,0,0,7
0,3.0,0,3.0,150,0,0,1,-16.541334,-68.080391,160000.0,2,,0,1,0,0,17
0,3.0,0,3.0,124,0,0,1,-16.564905,-68.099739,108000.0,1,2018.0,1,0,0,0,21
0,5.0,0,3.0,150,0,0,1,-16.536535,-68.076256,11800.0,2,2013.0,0,1,0,0,4
0,3.0,0,3.0,141,0,0,1,-16.510738,-68.123428,180000.0,2,1999.0,0,0,0,1,5
0,4.0,0,3.0,120,0,0,1,-16.54468,-68.070724,130000.0,1,2019.0,0,0,1,0,9
0,3.0,0,3.0,164,0,0,1,-16.521027,-68.06532299999999,190000.0,1,2018.0,1,0,0,0,1
0,3.0,0,4.0,144,0,0,1,-16.56489,-68.099785,121000.0,1,2018.0,1,0,0,0,21
0,3.0,0,4.0,155,0,0,1,-16.510984,-68.132233,155000.0,2,,0,0,1,0,13
0,3.0,0,3.0,153,0,0,1,-16.539248999999998,-68.083946,175000.0,2,,0,1,0,0,4
0,2.0,0,2.0,87,0,0,0,-16.514317000000002,-68.13095899999999,96000.0,2,,0,0,1,0,13
0,2.0,0,3.0,131,0,0,1,-16.535404,-68.07128900000001,130000.0,2,2000.0,1,0,0,0,1
0,3.0,0,3.0,150,0,0,1,-16.5397,-68.089844,180000.0,2,2012.0,0,1,0,0,4
0,3.0,0,3.0,92,0,0,1,-16.515844,-68.08470200000001,87000.0,1,,0,1,0,0,2
0,2.0,0,2.0,80,0,0,1,-16.516583999999998,-68.084793,80000.0,1,,0,1,0,0,2
0,3.0,0,2.0,99,0,0,1,-16.517553,-68.061348,119000.0,2,2012.0,1,0,0,0,1
0,4.0,0,3.0,137,0,0,1,-16.515068,-68.126251,170000.0,2,2017.0,0,0,1,0,13
0,5.0,0,3.0,210,0,0,2,-16.539497,-68.07470699999999,295000.0,2,,0,1,0,0,4
0,4.0,0,4.0,130,0,0,1,-16.542562,-68.07151,140000.0,2,2017.0,0,0,1,0,9
0,4.0,0,3.0,116,0,0,1,-16.525551,-68.109604,140000.0,2,2015.0,0,1,0,0,7
0,4.0,0,3.0,152,0,0,1,-16.518419,-68.05674,110000.0,1,2019.0,1,0,0,0,1
0,1.0,0,1.0,45,0,0,1,-16.517899,-68.062744,70000.0,2,,1,0,0,0,1
0,2.0,0,4.0,180,0,0,0,-16.545154999999998,-68.09597,110000.0,2,2000.0,0,1,0,0,22
0,2.0,0,2.0,74,0,0,0,-16.522591000000002,-68.087112,79900.0,2,,0,0,1,0,8
0,3.0,0,3.0,155,0,0,1,-16.524887,-68.110664,185000.0,1,,0,1,0,0,7
0,3.0,0,2.0,87,0,0,1,-16.522236,-68.085899,106000.0,2,,0,0,1,0,8
0,3.0,0,3.0,140,0,0,0,-16.540429999999994,-68.095619,155000.0,2,2010.0,0,1,0,0,22
0,2.0,0,1.0,52,0,0,0,-16.509577,-68.128853,77000.0,1,2019.0,0,0,1,0,13
0,2.0,0,2.0,84,0,0,0,-16.518511,-68.128853,120000.0,1,2016.0,0,0,1,0,13
0,3.0,0,3.0,112,0,0,1,-16.518207999999998,-68.09082,86000.0,1,2019.0,0,1,0,0,20
0,2.0,0,3.0,249,0,0,1,-16.544145999999998,-68.055092,195000.0,2,2012.0,0,0,1,0,10
0,3.0,0,3.0,135,0,0,1,-16.545668,-68.091476,138000.0,2,2016.0,0,1,0,0,4
0,5.0,0,3.0,195,340,0,1,-16.545755,-68.089653,280000.0,2,,0,0,1,0,14
0,3.0,0,3.0,185,0,0,1,-16.542423,-68.078529,179000.0,2,,0,1,0,0,17
0,1.0,0,1.0,58,0,0,0,-16.540485,-68.083069,78000.0,1,2018.0,0,1,0,0,4
0,3.0,0,2.0,144,0,0,1,-16.547726,-68.064171,124000.0,1,2017.0,0,1,0,0,6
0,2.0,0,2.0,79,0,0,1,-16.514720999999998,-68.08699,83845.0,2,,0,0,1,0,8
0,4.0,0,4.0,210,0,0,0,-16.482559,-68.121628,142000.0,2,,0,1,0,0,23
0,4.0,0,4.0,0,160,0,1,-16.525612,-68.11196899999999,190000.0,2,,0,1,0,0,7
0,3.0,0,3.0,144,0,0,1,-16.514720999999998,-68.08699,148042.0,2,,0,0,1,0,8
0,4.0,0,3.0,137,0,0,1,-16.525839,-68.070305,165000.0,1,2018.0,1,0,0,0,1
0,6.0,0,2.0,281,0,0,2,-16.539742999999998,-68.073082,285000.0,2,,0,1,0,0,4
0,2.0,0,2.0,87,0,0,1,-16.522074,-68.08500699999999,107000.0,1,,0,0,1,0,8
0,3.0,0,3.0,160,0,0,1,-16.534843,-68.07016,173000.0,1,2017.0,1,0,0,0,1
0,3.0,0,4.0,183,0,0,0,-16.511726,-68.13317099999999,157000.0,2,2010.0,0,0,1,0,13
0,1.0,0,1.0,61,0,0,0,-16.505779,-68.13606999999999,59999.0,1,2018.0,0,0,1,0,24
0,2.0,0,3.0,76,0,0,0,-16.495142,-68.122147,83000.0,2,1994.0,0,0,0,1,16
0,6.0,0,4.0,281,0,0,2,-16.539742999999998,-68.073029,285000.0,2,,0,1,0,0,4
0,3.0,0,3.0,137,0,0,1,-16.515203,-68.126038,170000.0,2,,0,0,1,0,13
0,6.0,0,4.0,281,0,0,2,-16.539414999999998,-68.07337199999999,285000.0,2,,0,1,0,0,4
0,4.0,0,3.0,249,0,0,1,-16.546188,-68.053619,190000.0,2,2012.0,1,0,0,0,11
0,1.0,0,1.0,52,0,0,1,-16.523535,-68.055626,48000.0,1,2018.0,1,0,0,0,1
0,2.0,0,2.0,80,0,0,1,-16.514704000000002,-68.087067,81999.0,2,,0,0,1,0,8
0,3.0,0,3.0,160,0,0,2,-16.534167999999998,-68.070595,183000.0,1,2018.0,1,0,0,0,1
0,6.0,0,4.0,281,0,0,2,-16.539991,-68.07328000000001,285000.0,2,,0,1,0,0,4
0,2.0,0,2.0,79,0,0,1,-16.514704000000002,-68.087067,81473.0,2,,0,0,1,0,8
0,3.0,0,3.0,144,0,0,1,-16.514720999999998,-68.08699,158103.0,2,,0,0,1,0,8
0,1.0,0,1.0,58,0,0,0,-16.540385999999998,-68.087532,78000.0,2,,0,1,0,0,4
0,3.0,0,3.0,130,0,0,1,-16.520861,-68.06012700000001,55000.0,1,2019.0,1,0,0,0,1
0,3.0,0,3.0,280,0,0,1,-16.514720999999998,-68.08699,235250.0,2,,0,0,1,0,8
0,3.0,0,3.0,120,0,0,1,-16.543177,-68.05967700000001,130000.0,1,2002.0,0,0,1,0,10
0,2.0,0,3.0,62,0,0,1,-16.526169,-68.053566,57000.0,1,2019.0,1,0,0,0,1
0,2.0,0,2.0,69,0,0,1,-16.501831,-68.082413,76000.0,2,,0,0,1,0,8
0,4.0,0,3.0,130,0,0,1,-16.542562,-68.071312,125000.0,2,2015.0,0,0,1,0,9
0,6.0,0,3.0,311,0,0,2,-16.545773,-68.089233,550000.0,2,,0,0,1,0,14
0,2.0,0,2.0,75,0,0,1,-16.519718,-68.08770799999999,130000.0,1,2018.0,0,0,1,0,8
0,5.0,0,3.0,207,0,0,1,-16.538729,-68.080727,370000.0,2,2017.0,0,1,0,0,4
0,6.0,0,3.0,311,0,0,2,-16.545648999999994,-68.089272,500000.0,2,,0,0,1,0,14
0,4.0,0,3.0,120,0,0,1,-16.541363,-68.077232,132000.0,2,2007.0,0,1,0,0,4
0,1.0,0,1.0,48,0,0,0,-16.51165,-68.123795,77000.0,1,2017.0,0,0,1,0,13
0,3.0,0,3.0,126,0,0,1,-16.519842,-68.05534399999999,84000.0,1,2019.0,1,0,0,0,1
0,4.0,0,4.0,252,0,0,2,-16.514269,-68.059563,240000.0,2,2014.0,1,0,0,0,1
0,4.0,0,3.0,216,0,0,2,-16.520411,-68.058426,155000.0,2,2015.0,1,0,0,0,1
0,2.0,0,3.0,79,0,0,0,-16.543526,-68.075813,92000.0,2,,0,0,1,0,9
0,2.0,0,3.0,89,0,0,0,-16.500954,-68.12323,89000.0,2,2016.0,0,0,0,1,16
0,3.0,0,3.0,93,0,0,1,-16.525328,-68.087265,109000.0,1,,0,0,1,0,8
0,3.0,0,3.0,170,0,0,1,-16.522217,-68.084236,148000.0,2,,0,0,1,0,8
0,4.0,0,3.0,152,0,0,1,-16.513289999999998,-68.05729699999999,137000.0,1,2014.0,1,0,0,0,1
0,4.0,0,3.0,141,0,0,1,-16.519029999999994,-68.062439,130000.0,1,2019.0,1,0,0,0,1
0,1.0,0,1.0,40,0,0,0,-16.523371,-68.112251,55000.0,2,2015.0,0,1,0,0,7
0,4.0,0,3.0,200,0,0,1,-16.529512,-68.078629,175000.0,2,1994.0,0,1,0,0,25
0,2.0,0,2.0,92,0,0,1,-16.524975,-68.06884000000001,125000.0,1,2019.0,1,0,0,0,1
0,2.0,0,3.0,156,0,0,0,-16.518024,-68.132912,130000.0,2,2015.0,0,0,1,0,13
0,4.0,0,3.0,180,0,0,1,-16.526042999999998,-68.08528100000001,166000.0,2,1990.0,0,0,1,0,8
0,3.0,0,3.0,140,0,0,1,-16.545916000000002,-68.061272,185000.0,1,2018.0,0,0,1,0,10
0,4.0,0,3.0,170,0,0,1,-16.518760999999998,-68.08704399999999,139000.0,1,2018.0,0,0,1,0,8
0,4.0,0,3.0,140,0,0,0,-16.528595000000006,-68.102463,100000.0,2,2008.0,0,1,0,0,7
0,4.0,0,3.0,190,0,0,2,-16.519092999999998,-68.06360600000001,178000.0,2,2007.0,1,0,0,0,1
0,4.0,0,4.0,168,0,0,1,-16.508221,-68.128731,168000.0,2,,0,0,1,0,13
0,2.0,0,3.0,100,0,0,0,-16.498466,-68.134979,125000.0,2,1993.0,0,1,0,0,18
0,2.0,0,1.0,59,0,0,1,-16.512463,-68.08551,70000.0,2,2013.0,0,0,1,0,8
0,2.0,0,3.0,156,0,0,0,-16.518055,-68.132912,130000.0,2,2015.0,0,0,1,0,13
0,4.0,0,3.0,165,0,0,1,-16.541616,-68.09034,200000.0,2,,0,1,0,0,4
0,1.0,0,1.0,62,0,0,1,-16.536427,-68.099419,65000.0,2,,0,1,0,0,22
0,4.0,0,3.0,165,0,0,1,-16.541348,-68.08980600000001,200000.0,2,,0,1,0,0,4
0,2.0,0,4.0,140,0,0,0,-16.487202,-68.132141,50000.0,2,2010.0,0,1,0,0,18
0,2.0,0,3.0,105,0,0,0,-16.493622,-68.13185899999999,110000.0,2,,0,1,0,0,18
0,4.0,0,3.0,185,0,0,2,-16.545052,-68.055862,195000.0,1,2019.0,1,0,0,0,11
0,2.0,0,3.0,90,0,0,1,-16.528387,-68.085899,99500.0,1,2019.0,0,0,1,0,8
0,2.0,0,2.0,91,0,0,1,-16.515348,-68.06064599999999,101000.0,1,2019.0,1,0,0,0,1
0,1.0,0,1.0,62,0,0,0,-16.541923999999998,-68.09549,65000.0,1,2018.0,0,1,0,0,22
0,2.0,0,2.0,82,0,0,1,-16.514854,-68.061417,126000.0,1,2019.0,1,0,0,0,1
0,2.0,0,2.0,86,0,0,1,-16.514196,-68.06133299999999,125500.0,1,2019.0,1,0,0,0,1
0,2.0,0,2.0,86,0,0,1,-16.514772,-68.06133299999999,112000.0,1,2019.0,1,0,0,0,1
0,3.0,0,2.0,138,0,0,1,-16.502679999999998,-68.070419,112000.0,1,2019.0,1,0,0,0,1
0,3.0,0,3.0,118,0,0,0,-16.522629000000002,-68.087212,122000.0,1,2019.0,0,0,1,0,8
0,2.0,0,3.0,163,0,0,1,-16.510579999999994,-68.127258,170000.0,2,,0,0,1,0,13
0,5.0,0,4.0,161,0,0,1,-16.521355,-68.063538,138000.0,2,,1,0,0,0,1
0,3.0,0,3.0,170,0,0,2,-16.529684,-68.088272,165000.0,2,,0,0,1,0,8
0,2.0,0,3.0,90,0,0,1,-16.545873999999998,-68.07384499999999,158000.0,2,,0,0,1,0,9
0,3.0,0,3.0,164,0,0,1,-16.525783999999998,-68.068466,165000.0,2,,1,0,0,0,1
0,2.0,0,2.0,92,0,0,0,-16.519588,-68.064087,89000.0,1,,1,0,0,0,1
0,3.0,0,3.0,180,0,0,1,-16.545622,-68.05579399999999,175000.0,2,2017.0,1,0,0,0,11
0,3.0,0,3.0,118,0,0,0,-16.522591000000002,-68.087112,122000.0,2,,0,0,1,0,8
0,4.0,0,3.0,148,0,0,0,-16.541829999999994,-68.077354,220000.0,2,2013.0,0,1,0,0,4
0,1.0,0,1.0,45,0,0,0,-16.54213,-68.087448,75000.0,1,2014.0,0,1,0,0,4
0,3.0,0,3.0,145,0,0,1,-16.515581,-68.061447,148000.0,2,2011.0,1,0,0,0,1
0,2.0,0,2.0,98,0,0,1,-16.545422,-68.069199,110000.0,2,,0,0,1,0,9
0,2.0,0,2.0,100,0,0,1,-16.522322,-68.062874,128000.0,2,2018.0,1,0,0,0,1
0,3.0,0,4.0,155,0,0,1,-16.521723,-68.08635699999999,155000.0,2,1994.0,0,0,1,0,8
0,3.0,0,3.0,118,0,0,0,-16.485429999999994,-68.122574,120000.0,2,2013.0,0,0,0,1,16
0,3.0,0,2.0,109,0,0,1,-16.538612,-68.076706,160500.0,2,,0,1,0,0,4
0,3.0,0,2.0,160,88,0,1,-16.523703,-68.085976,111000.0,2,,0,0,1,0,8
0,2.0,0,4.0,137,0,0,1,-16.50757,-68.129143,155000.0,2,,0,0,1,0,13
0,5.0,0,3.0,280,0,0,2,-16.541470999999998,-68.08335100000001,325000.0,2,,0,1,0,0,4
0,2.0,0,2.0,103,0,0,0,-16.502645,-68.12178,110000.0,2,2007.0,0,0,0,1,16
0,2.0,0,1.0,66,0,0,1,-16.537373000000002,-68.049988,57000.0,2,2014.0,0,1,0,0,3
0,2.0,0,2.0,0,93,0,1,-16.514167999999998,-68.061363,102000.0,2,,1,0,0,0,1
0,2.0,0,2.0,69,0,0,0,-16.522591000000002,-68.087112,74500.0,2,,0,0,1,0,8
0,2.0,0,2.0,86,146,0,1,-16.514122,-68.063774,125000.0,2,,1,0,0,0,1
0,2.0,0,2.0,82,163,0,1,-16.514122,-68.063774,126000.0,2,,1,0,0,0,1
0,2.0,0,2.0,86,138,0,1,-16.515154000000006,-68.06085999999999,112000.0,2,,1,0,0,0,1
0,4.0,0,4.0,240,0,0,1,-16.542680999999998,-68.065483,220000.0,2,2008.0,0,1,0,0,4
0,4.0,0,3.0,260,0,0,3,-16.538960999999997,-68.082672,360000.0,2,,0,1,0,0,4
0,4.0,0,3.0,140,0,0,1,-16.529123000000002,-68.068497,135000.0,2,2010.0,1,0,0,0,1
0,3.0,0,3.0,180,0,0,2,-16.540228,-68.08622,260000.0,2,,0,1,0,0,4
0,4.0,0,4.0,281,0,0,2,-16.539558,-68.07045,285000.0,2,2015.0,0,0,1,0,10
0,1.0,0,1.0,52,0,0,1,-16.545832,-68.06809200000001,52100.0,1,2019.0,0,1,0,0,6
0,4.0,0,3.0,123,0,0,1,-16.54645,-68.06815300000001,143500.0,1,2019.0,0,1,0,0,6
0,3.0,0,3.0,160,0,0,1,-16.542126,-68.056885,109000.0,2,2004.0,0,0,1,0,10
0,4.0,0,3.0,156,0,0,1,-16.517692999999998,-68.06189,145000.0,2,2015.0,1,0,0,0,1
0,3.0,0,3.0,180,0,0,0,-16.503511,-68.130486,260000.0,2,,0,0,0,1,5
0,4.0,0,3.0,0,132,0,1,-16.528093,-68.086708,129000.0,2,,0,0,1,0,8
0,4.0,0,4.0,179,0,0,1,-16.513947,-68.119972,189000.0,2,2013.0,0,0,0,1,5
0,4.0,0,3.0,127,0,0,1,-16.526312,-68.064575,130000.0,1,2018.0,1,0,0,0,1
0,3.0,0,5.0,172,0,0,1,-16.540846,-68.073669,140000.0,2,,0,0,1,0,9
0,4.0,0,3.0,182,0,0,1,-16.528,-68.070312,220000.0,1,2016.0,1,0,0,0,1
0,3.0,0,2.0,125,0,0,1,-16.525141,-68.069229,122000.0,2,2012.0,1,0,0,0,1
0,3.0,0,3.0,101,0,0,0,-16.513248,-68.12236,110000.0,2,1988.0,0,0,1,0,13
0,3.0,0,3.0,150,0,0,1,-16.544538,-68.07324200000001,143000.0,2,,0,0,1,0,9
0,4.0,0,3.0,120,0,0,1,-16.545586,-68.077751,129000.0,2,2016.0,0,0,1,0,9
0,4.0,0,3.0,154,0,0,1,-16.524199,-68.111603,210000.0,2,,0,1,0,0,7
0,1.0,0,2.0,113,0,0,1,-16.541431,-68.079124,153000.0,1,2018.0,0,1,0,0,17
0,2.0,0,1.0,53,0,0,0,-16.543806,-68.078453,83500.0,1,2019.0,0,1,0,0,17
0,,0,,45,0,0,1,-16.517895000000006,-68.057114,72000.0,2,,1,0,0,0,1
0,2.0,0,3.0,100,0,0,0,-16.500938,-68.13203399999999,125000.0,2,,0,1,0,0,18
0,1.0,0,1.0,0,0,0,0,-16.514841,-68.13117199999999,55000.0,2,,0,0,1,0,13
0,3.0,0,3.0,158,0,0,1,-16.538933,-68.078239,228000.0,2,,0,1,0,0,4
0,1.0,0,1.0,39,0,0,0,-16.524469,-68.111168,52000.0,2,2015.0,0,1,0,0,7
0,3.0,0,4.0,157,0,0,1,-16.538347,-68.053093,110000.0,2,,0,0,1,0,10
0,3.0,0,3.0,120,0,0,1,-16.540443,-68.06276700000001,120000.0,2,2015.0,0,0,1,0,10
0,4.0,0,3.0,152,0,0,1,-16.519381,-68.053551,104000.0,2,2019.0,1,0,0,0,1
0,1.0,0,1.0,65,0,0,0,-16.538591,-68.073753,71600.0,1,2019.0,0,1,0,0,4
0,,0,,84,0,0,1,-16.523613,-68.062561,107000.0,2,,1,0,0,0,1
0,4.0,0,3.0,130,0,0,1,-16.542994,-68.071655,125000.0,2,2016.0,0,0,1,0,9
0,2.0,0,2.0,87,0,0,0,-16.537687,-68.073715,94786.0,1,2019.0,0,1,0,0,4
1,1.0,1,1.0,89,0,1,1,-16.515093,-68.060822,135000.0,2,2011.0,1,0,0,0,1
0,3.0,0,4.0,168,0,0,1,-16.521931,-68.05169699999999,96000.0,1,,1,0,0,0,1
0,2.0,0,3.0,87,0,0,1,-16.491913,-68.143623,100000.0,2,,0,0,1,0,24
0,4.0,0,3.0,180,0,1,1,-16.529320000000002,-68.073051,185000.0,2,2013.0,1,0,0,0,1
0,3.0,0,3.0,135,0,0,0,-16.523094,-68.084579,168000.0,2,,0,0,1,0,8
0,2.0,1,2.0,99,0,1,1,-16.517239,-68.063347,125000.0,1,2017.0,1,0,0,0,1
0,2.0,0,3.0,150,0,0,1,-16.511495999999998,-68.122063,143.0,2,,0,0,0,1,5
0,6.0,0,4.0,265,0,0,2,-16.516157,-68.061752,240000.0,1,,1,0,0,0,1
0,4.0,0,3.0,138,138,0,2,-16.54298,-68.085014,168000.0,2,,0,1,0,0,4
0,3.0,0,3.0,176,0,0,2,-16.530178,-68.056488,118000.0,2,,1,0,0,0,1
0,3.0,0,3.0,153,0,0,1,-16.540854,-68.06336999999999,115000.0,2,,0,0,1,0,10
0,2.0,0,3.0,0,145,0,1,-16.529888,-68.086563,238000.0,2,,0,0,1,0,8
0,2.0,0,2.0,0,112,0,1,-16.544453,-68.07309000000001,132000.0,2,,0,0,1,0,9
0,2.0,0,2.0,148,0,0,1,-16.537769,-68.07465400000001,130000.0,1,2015.0,0,1,0,0,4
0,3.0,0,3.0,167,0,0,1,-16.541059,-68.090836,220000.0,2,,0,1,0,0,4
0,4.0,1,3.0,202,0,0,2,-16.542553,-68.08728,340000.0,2,,0,1,0,0,4
0,1.0,0,1.0,26,0,0,0,-16.519037,-68.05903599999999,28000.0,2,,1,0,0,0,1
0,2.0,0,3.0,62,0,0,0,-16.518326000000002,-68.062225,57000.0,2,,1,0,0,0,1
0,1.0,0,2.0,46,0,0,0,-16.521852,-68.061752,42000.0,2,,1,0,0,0,1
0,3.0,0,2.0,84,0,0,1,-16.514687,-68.087425,127000.0,2,,0,0,1,0,8
0,4.0,0,3.0,148,0,0,1,-16.511047,-68.124184,158000.0,2,1999.0,0,0,0,1,5
0,2.0,0,3.0,61,0,0,0,-16.519806,-68.06282,57000.0,2,,1,0,0,0,1
0,1.0,0,1.0,26,0,0,0,-16.523443,-68.062729,28000.0,2,,1,0,0,0,1
0,5.0,0,4.0,185,0,0,1,-16.546758999999998,-68.062218,180000.0,2,2015.0,0,0,1,0,10
0,3.0,0,3.0,0,0,0,1,-16.530403,-68.06774899999999,180000.0,2,,1,0,0,0,1
0,2.0,0,2.0,97,0,0,1,-16.544804,-68.07157099999999,124570.0,1,2019.0,0,0,1,0,9
0,2.0,0,1.0,52,0,0,0,-16.543364999999998,-68.079422,83000.0,1,2018.0,0,1,0,0,17
0,4.0,0,4.0,210,0,0,1,-16.530127,-68.078903,153000.0,2,,0,1,0,0,25
0,5.0,0,3.0,210,0,0,2,-16.540676,-68.08284,290000.0,2,2016.0,0,1,0,0,4
0,4.0,0,3.0,216,0,0,3,-16.51996,-68.062096,160000.0,2,2015.0,1,0,0,0,1
0,2.0,0,2.0,79,0,0,1,-16.537232999999997,-68.078926,119500.0,1,2019.0,0,1,0,0,4
0,3.0,0,3.0,152,0,0,1,-16.518520000000002,-68.056259,121000.0,1,2018.0,1,0,0,0,1
0,2.0,0,3.0,79,0,0,0,-16.544864999999998,-68.074348,90000.0,2,1983.0,0,0,1,0,9
0,4.0,0,3.0,151,0,0,1,-16.542076,-68.083389,180000.0,2,,0,1,0,0,4
0,3.0,0,3.0,255,0,0,1,-16.493847,-68.123131,58000.0,1,2019.0,0,0,0,1,16
0,4.0,0,3.0,120,0,0,1,-16.543186,-68.075172,135000.0,2,2000.0,0,0,1,0,9
0,2.0,0,2.0,125,0,0,1,-16.524441,-68.06755799999999,122000.0,2,2011.0,1,0,0,0,1
0,1.0,0,3.0,0,0,0,1,-16.524309,-68.08689100000001,140000.0,2,,0,0,1,0,8
0,2.0,0,3.0,79,0,0,0,-16.54431,-68.075089,87000.0,2,,0,0,1,0,9
0,1.0,0,1.0,85,0,0,0,-16.40016,-67.249825,82000.0,2,,1,0,0,0,15
0,2.0,0,2.0,115,0,0,1,-16.521479,-68.062279,110000.0,2,2014.0,1,0,0,0,1
0,3.0,0,3.0,99,0,0,1,-16.539576999999998,-68.063499,125000.0,1,2019.0,0,0,1,0,10
0,3.0,0,2.0,98,0,0,1,-16.522123,-68.060677,115000.0,2,2015.0,1,0,0,0,1
0,1.0,0,1.0,49,0,0,1,-16.487099,-68.12044499999999,58000.0,1,2019.0,0,0,0,1,16
0,1.0,0,1.0,48,0,0,1,-16.539127,-68.07547,83000.0,1,,0,1,0,0,4
0,4.0,0,4.0,264,0,0,1,-16.54501,-68.082726,215000.0,2,2014.0,0,1,0,0,4
0,4.0,0,3.0,150,0,0,1,-16.540731,-68.06289699999999,115000.0,2,2000.0,0,0,1,0,10
0,4.0,0,4.0,200,0,0,1,-16.540335,-68.08017,370000.0,2,,0,1,0,0,17
0,2.0,0,4.0,138,0,0,0,-16.485885999999994,-68.137466,89000.0,2,2011.0,0,1,0,0,18
0,2.0,0,3.0,90,0,0,1,-16.513626000000002,-68.129875,85000.0,2,1989.0,0,0,1,0,13
0,4.0,0,3.0,222,0,0,2,-16.539776,-68.084038,330000.0,1,2017.0,0,1,0,0,4
0,4.0,1,3.0,210,0,0,2,-16.546204,-68.068001,298000.0,2,,0,1,0,0,4
0,3.0,0,2.0,113,0,0,0,-16.543163,-68.078232,160000.0,2,,0,1,0,0,17
0,4.0,0,3.0,160,0,0,1,-16.542505,-68.100075,139520.0,2,,0,1,0,0,22
0,1.0,0,2.0,71,0,0,1,-16.542185,-68.083954,79800.0,1,2008.0,0,1,0,0,4
0,3.0,1,3.0,160,0,0,1,-16.535313000000002,-68.072075,150000.0,2,,1,0,0,0,1
0,3.0,0,3.0,177,0,0,1,-16.541742000000006,-68.078636,187000.0,2,,0,1,0,0,17
0,1.0,0,1.0,49,0,0,0,-16.541954,-68.097305,62000.0,2,,0,1,0,0,22
0,2.0,0,2.0,80,0,0,1,-16.517925,-68.084183,82000.0,1,,0,1,0,0,2
0,4.0,0,3.0,160,0,0,1,-16.537819,-68.0989,139520.0,2,,0,1,0,0,22
0,1.0,0,1.0,56,0,0,0,-16.524658,-68.110794,73000.0,1,2017.0,0,1,0,0,7
0,3.0,0,3.0,92,0,0,1,-16.528225,-68.086525,99500.0,1,2018.0,0,0,1,0,8
0,3.0,0,3.0,135,0,0,1,-16.544783,-68.054695,140000.0,2,,0,1,0,0,3
0,4.0,0,4.0,200,0,0,1,-16.519768,-68.06163000000001,150000.0,1,2010.0,1,0,0,0,1
0,4.0,0,3.0,168,0,0,1,-16.518366,-68.062157,169000.0,2,,1,0,0,0,1
0,2.0,0,3.0,98,0,0,1,-16.511116,-68.12258100000001,120000.0,2,1985.0,0,0,0,1,5
0,6.0,0,4.0,300,0,0,1,-16.537025,-68.074265,320000.0,1,2018.0,0,1,0,0,4
0,1.0,0,1.0,46,0,0,1,-16.545795000000002,-68.063148,75500.0,2,,0,0,1,0,10
0,5.0,0,4.0,244,0,0,1,-16.490589,-68.11563100000001,190000.0,2,2011.0,0,0,0,1,26
0,1.0,0,1.0,31,0,0,0,-16.525537,-68.109276,47000.0,2,2015.0,0,1,0,0,7
0,3.0,0,3.0,158,0,0,1,-16.518454000000002,-68.062302,11111.0,2,2011.0,1,0,0,0,1
0,4.0,0,3.0,164,0,0,1,-16.542007,-68.073097,185000.0,2,2017.0,0,0,1,0,9
0,5.0,0,4.0,164,0,0,1,-16.535856,-68.07382199999999,195000.0,1,2018.0,1,0,0,0,1
0,4.0,0,4.0,177,0,0,1,-16.490526000000006,-68.11563100000001,142000.0,2,2011.0,0,0,0,1,26
0,,0,2.0,130,0,0,1,-16.518862,-68.086166,106000.0,2,,0,0,1,0,8
0,1.0,0,2.0,46,0,0,0,-16.519247,-68.05841099999999,42000.0,2,,1,0,0,0,1
0,1.0,0,2.0,46,0,0,0,-16.518358,-68.060753,42000.0,2,,1,0,0,0,1
0,3.0,0,2.0,108,0,0,1,-16.49761,-68.12113199999999,122000.0,2,2008.0,0,0,0,1,16
0,3.0,0,3.0,100,0,0,0,-16.542994,-68.06121800000001,98100.0,1,2019.0,0,0,1,0,10
0,2.0,0,2.0,76,0,0,1,-16.512878,-68.127251,72960.0,1,2019.0,0,0,1,0,13
0,4.0,0,3.0,120,0,0,1,-16.543797,-68.084595,168000.0,1,2018.0,0,1,0,0,4
0,2.0,0,3.0,113,0,0,1,-16.513783,-68.128624,108634.0,1,2019.0,0,0,1,0,13
0,5.0,0,3.0,178,0,0,1,-16.543913,-68.06603199999999,160000.0,2,2014.0,0,0,1,0,9
0,2.0,0,3.0,100,0,0,0,-16.522053,-68.113708,103000.0,1,1999.0,0,1,0,0,7
0,1.0,0,1.0,39,0,0,0,-16.541265,-68.07527900000001,57000.0,1,2018.0,0,0,1,0,9
0,1.0,0,2.0,47,0,0,0,-16.521814000000006,-68.05746500000001,43000.0,2,,1,0,0,0,1
0,1.0,0,2.0,46,0,0,0,-16.518213,-68.061134,42000.0,2,,1,0,0,0,1
0,2.0,0,3.0,62,0,0,0,-16.522738,-68.06154599999999,57000.0,2,,1,0,0,0,1
0,2.0,0,2.0,90,0,0,1,-16.543995000000002,-68.084755,120000.0,2,2013.0,0,1,0,0,4
0,2.0,0,1.0,60,0,0,0,-16.544024,-68.079163,83000.0,1,2019.0,0,1,0,0,17
0,1.0,0,2.0,47,0,0,0,-16.518156,-68.06085999999999,43000.0,2,,1,0,0,0,1
0,1.0,0,1.0,28,0,0,0,-16.51844,-68.057091,28000.0,2,,1,0,0,0,1
0,2.0,0,3.0,61,0,0,0,-16.523371,-68.057823,57000.0,2,,1,0,0,0,1
0,2.0,0,2.0,93,0,0,0,-16.545795000000002,-68.063148,132000.0,2,,0,0,1,0,10
0,5.0,0,4.0,168,0,0,1,-16.537101999999994,-68.074348,212000.0,2,,0,1,0,0,4
0,1.0,0,1.0,28,0,0,0,-16.523418,-68.058449,28000.0,2,,1,0,0,0,1
0,4.0,0,3.0,140,0,0,1,-16.545795000000002,-68.063148,142000.0,2,,0,0,1,0,10
0,4.0,1,2.0,266,0,0,2,-16.542553,-68.08728,280000.0,2,,0,1,0,0,4
0,2.0,0,2.0,109,109,0,1,-16.529083,-68.088486,128000.0,2,,0,0,1,0,8
0,4.0,0,4.0,387,0,0,1,-16.545795000000002,-68.063148,314500.0,2,,0,0,1,0,10
0,2.0,0,2.0,84,0,0,0,-16.545271,-68.073235,75000.0,2,,0,0,1,0,9
0,3.0,0,3.0,135,0,0,1,-16.520224,-68.08382399999999,128000.0,1,2019.0,0,1,0,0,2
0,2.0,0,3.0,100,0,0,0,-16.513556,-68.12043800000001,125000.0,1,2000.0,0,0,0,1,5
0,2.0,0,2.0,69,0,0,0,-16.529169,-68.086143,78000.0,1,2019.0,0,0,1,0,8
0,1.0,0,1.0,61,0,0,1,-16.525509,-68.086525,79000.0,1,2019.0,0,0,1,0,8
0,2.0,0,1.0,52,0,0,0,-16.542295000000006,-68.07899499999999,82300.0,1,2019.0,0,1,0,0,17
0,3.0,0,3.0,162,0,0,1,-16.530468,-68.06854200000001,180000.0,2,,1,0,0,0,1
0,5.0,0,4.0,305,0,0,1,-16.537268,-68.07429499999999,345000.0,2,,0,1,0,0,4
0,2.0,0,3.0,99,0,0,1,-16.539331,-68.063278,120000.0,2,2017.0,0,0,1,0,10
0,2.0,0,2.0,77,0,0,1,-16.509792,-68.05085,82000.0,1,2018.0,1,0,0,0,1
0,3.0,0,3.0,126,0,0,0,-16.538591,-68.079124,159779.0,1,2019.0,0,1,0,0,4
0,3.0,0,3.0,107,0,0,1,-16.509752,-68.050903,114000.0,1,2018.0,1,0,0,0,1
0,4.0,0,3.0,162,0,0,1,-16.529419,-68.06987,180000.0,2,,1,0,0,0,1
0,6.0,0,4.0,281,0,0,2,-16.53977,-68.073196,285000.0,2,2014.0,0,1,0,0,4
0,4.0,0,3.0,164,0,0,1,-16.540319,-68.072769,185000.0,2,2017.0,0,1,0,0,4
0,3.0,0,2.0,114,0,0,1,-16.525141,-68.066223,100000.0,1,2017.0,1,0,0,0,1
0,3.0,0,3.0,107,0,0,1,-16.509783,-68.050919,114000.0,1,2018.0,1,0,0,0,1
0,3.0,0,3.0,135,0,0,1,-16.509342,-68.080864,127500.0,1,2019.0,0,0,1,0,8
0,1.0,0,2.0,78,0,0,1,-16.540567000000006,-68.066422,95000.0,1,2016.0,0,0,1,0,10
0,2.0,0,2.0,77,0,0,1,-16.509804000000006,-68.050888,82000.0,1,2018.0,1,0,0,0,1
0,3.0,0,3.0,100,0,0,0,-16.505695000000006,-68.122742,109500.0,2,1991.0,0,0,0,1,16
0,3.0,0,3.0,166,0,0,0,-16.542328,-68.08094,145000.0,2,,0,1,0,0,4
0,4.0,0,3.0,151,0,0,1,-16.520393,-68.058174,115000.0,2,,1,0,0,0,1
0,4.0,0,4.0,200,0,0,1,-16.528202,-68.079391,160000.0,2,,0,1,0,0,25
0,2.0,0,2.0,80,0,0,0,-16.516413,-68.084686,69000.0,1,2019.0,0,1,0,0,2
0,4.0,0,3.0,130,0,0,1,-16.525278,-68.068962,150000.0,2,,1,0,0,0,1
0,5.0,1,4.0,199,0,0,1,-16.513287,-68.08744,180000.0,2,,0,0,1,0,8
0,4.0,0,3.0,151,0,0,1,-16.520113000000002,-68.058563,115000.0,2,,1,0,0,0,1
0,4.0,0,3.0,155,0,0,1,-16.502651,-68.08279399999999,130000.0,2,,0,0,1,0,8
0,3.0,0,2.0,98,0,0,1,-16.549578,-68.089745,116000.0,1,2019.0,0,0,1,0,14
0,2.0,0,3.0,62,0,0,0,-16.518944,-68.062637,57000.0,2,,1,0,0,0,1
0,1.0,0,1.0,46,0,0,1,-16.545379999999998,-68.069511,75500.0,1,2019.0,0,0,1,0,9
0,4.0,0,3.0,140,0,0,1,-16.542459,-68.076035,130000.0,2,2015.0,0,0,1,0,9
0,3.0,0,3.0,140,0,0,1,-16.529335,-68.086182,159000.0,1,2018.0,0,0,1,0,8
0,2.0,0,3.0,62,0,0,0,-16.523178,-68.059349,57000.0,2,,1,0,0,0,1
0,2.0,0,2.0,90,0,0,1,-16.522382999999998,-68.08626600000001,106000.0,1,2019.0,0,0,1,0,8
0,1.0,0,1.0,45,0,0,0,-16.524110999999998,-68.11241899999999,65000.0,1,2018.0,0,1,0,0,7
0,4.0,0,3.0,186,0,0,1,-16.540443,-68.087776,260000.0,1,,0,1,0,0,4
0,4.0,0,3.0,206,0,0,1,-16.54501,-68.085213,210000.0,1,2014.0,0,1,0,0,4
0,1.0,0,2.0,60,0,0,0,-16.521314999999998,-68.06073,65000.0,1,2018.0,1,0,0,0,1
0,1.0,0,2.0,46,0,0,0,-16.519054,-68.061249,42000.0,2,,1,0,0,0,1
0,3.0,0,3.0,80,0,0,1,-16.517281,-68.08326,80000.0,1,,0,1,0,0,2
0,4.0,0,4.0,137,0,0,1,-16.525581,-68.109711,178000.0,2,2016.0,0,1,0,0,7
0,1.0,0,2.0,47,0,0,0,-16.523771,-68.059288,43000.0,2,,1,0,0,0,1
0,1.0,0,1.0,26,0,0,0,-16.521513,-68.061035,28000.0,2,,1,0,0,0,1
0,1.0,0,1.0,26,0,0,0,-16.522697,-68.061897,28000.0,2,,1,0,0,0,1
0,1.0,0,2.0,47,0,0,0,-16.518307,-68.058945,43000.0,2,,1,0,0,0,1
0,1.0,0,2.0,46,0,0,0,-16.522688,-68.057091,42000.0,2,,1,0,0,0,1
0,2.0,0,3.0,62,0,0,0,-16.521046,-68.061066,57000.0,2,,1,0,0,0,1
0,2.0,0,2.0,98,0,0,1,-16.521601,-68.08446500000001,100000.0,1,2018.0,0,0,1,0,8
0,3.0,0,2.0,128,0,0,1,-16.540976999999998,-68.090324,160000.0,2,,0,1,0,0,4
0,1.0,0,2.0,47,0,0,0,-16.523433999999998,-68.057487,43000.0,2,,1,0,0,0,1
0,1.0,0,2.0,47,0,0,0,-16.522465,-68.058273,43000.0,2,,1,0,0,0,1
0,2.0,0,3.0,62,0,0,0,-16.523654999999998,-68.057793,57000.0,2,,1,0,0,0,1
0,2.0,0,1.0,62,102,0,1,-16.527054,-68.086632,79000.0,2,,0,0,1,0,8
0,3.0,0,3.0,162,0,0,1,-16.53055,-68.067642,180000.0,2,,1,0,0,0,1
0,2.0,0,3.0,79,0,0,0,-16.543651999999998,-68.07401999999999,82000.0,2,2006.0,0,0,1,0,9
0,3.0,0,2.0,101,0,0,0,-16.517899,-68.132599,100000.0,2,2012.0,0,0,1,0,13
0,3.0,0,3.0,127,0,0,1,-16.522907,-68.064545,120536.0,2,,1,0,0,0,1
0,3.0,0,2.0,92,53,0,0,-16.537647,-68.06034100000001,110900.0,2,,0,0,1,0,10
0,1.0,0,1.0,49,0,0,0,-16.544279,-68.060677,47800.0,1,,0,0,1,0,10
0,2.0,0,2.0,84,0,0,0,-16.537508,-68.060135,81869.0,2,,0,0,1,0,10
0,4.0,0,3.0,215,0,0,1,-16.539265,-68.084091,255000.0,2,2011.0,0,1,0,0,4
0,4.0,1,3.0,148,0,0,1,-16.54295,-68.063843,134000.0,2,,0,0,1,0,10
0,3.0,0,3.0,158,0,0,1,-16.539602,-68.082451,220000.0,2,,0,1,0,0,4
0,4.0,0,3.0,169,0,0,1,-16.547356,-68.087814,259000.0,2,2016.0,0,0,1,0,14
0,1.0,0,1.0,0,0,0,1,-16.545359,-68.069496,118000.0,2,,0,0,1,0,9
0,3.0,0,4.0,176,0,0,1,-16.496745999999998,-68.125191,210000.0,1,2018.0,0,0,0,1,16
0,4.0,0,3.0,133,0,0,1,-16.527164000000006,-68.086342,145000.0,2,,0,0,1,0,8
0,1.0,0,1.0,53,0,0,0,-16.502613,-68.120125,83000.0,2,,0,0,0,1,16
0,3.0,0,3.0,125,0,0,0,-16.509375,-68.086235,124632.0,2,,0,0,1,0,8
0,2.0,0,3.0,94,0,0,1,-16.486857999999998,-68.140274,81840.0,2,,0,1,0,0,18
0,5.0,1,4.0,272,0,0,2,-16.524199,-68.1119,260000.0,2,,0,1,0,0,7
0,4.0,0,3.0,222,0,0,2,-16.539167000000006,-68.083969,350000.0,2,2017.0,0,1,0,0,4
0,3.0,0,3.0,145,0,0,1,-16.518557,-68.06231700000001,120000.0,1,2018.0,1,0,0,0,1
0,2.0,0,2.0,75,0,0,1,-16.501192,-68.121323,103470.0,2,,0,0,0,1,16
0,2.0,0,2.0,81,93,0,1,-16.499775,-68.120544,116448.0,2,,0,0,0,1,16
0,2.0,0,2.0,75,0,0,1,-16.501829,-68.12359599999999,103470.0,2,,0,0,0,1,16
0,2.0,0,2.0,80,0,0,1,-16.500013,-68.12305500000001,110000.0,2,,0,0,0,1,16
0,3.0,0,3.0,157,0,0,1,-16.499802,-68.123024,189490.0,2,,0,0,0,1,16
0,2.0,0,2.0,81,93,0,1,-16.498596,-68.119331,116448.0,2,,0,0,0,1,16
0,2.0,0,2.0,80,0,0,1,-16.501972,-68.119553,110000.0,2,,0,0,0,1,16
0,2.0,0,2.0,113,157,0,1,-16.501901999999998,-68.12289399999999,179000.0,2,,0,0,0,1,16
0,3.0,0,3.0,125,0,0,0,-16.509293,-68.086334,118750.0,2,,0,0,1,0,8
0,2.0,0,2.0,113,157,0,1,-16.504208,-68.12334399999999,179000.0,2,,0,0,0,1,16
0,2.0,0,3.0,94,0,0,1,-16.48525,-68.137627,81840.0,2,,0,1,0,0,18
0,3.0,0,2.0,88,0,0,1,-16.540762,-68.063339,90000.0,2,,0,0,1,0,10
0,3.0,0,3.0,157,0,0,1,-16.499403,-68.11882800000001,189490.0,2,,0,0,0,1,16
0,3.0,0,3.0,125,0,0,0,-16.509293,-68.086334,121250.0,2,,0,0,1,0,8
0,3.0,0,3.0,145,0,0,0,-16.518805,-68.063263,120000.0,1,2018.0,1,0,0,0,1
0,2.0,0,2.0,77,0,0,1,-16.487161999999998,-68.135727,70000.0,2,,0,1,0,0,18
0,3.0,0,4.0,186,0,0,1,-16.489079,-68.134674,135400.0,1,,0,1,0,0,18
0,4.0,0,3.0,205,0,0,1,-16.515759,-68.056442,160000.0,1,2018.0,1,0,0,0,1
0,4.0,0,3.0,167,0,0,1,-16.526332999999994,-68.108215,230000.0,2,2010.0,0,1,0,0,7
0,3.0,0,4.0,186,0,0,1,-16.488708,-68.136398,135400.0,2,,0,1,0,0,18
0,4.0,0,3.0,128,0,0,1,-16.53965,-68.048218,105000.0,1,,0,1,0,0,3
0,2.0,0,2.0,77,0,0,1,-16.483929,-68.135277,70000.0,2,,0,1,0,0,18
0,1.0,0,1.0,50,0,0,0,-16.506563,-68.135216,80000.0,2,,0,0,1,0,24
0,4.0,0,3.0,170,0,0,2,-16.514278,-68.063393,165000.0,2,2012.0,1,0,0,0,1
0,4.0,1,3.0,115,0,0,0,-16.499689,-68.11752299999999,114000.0,2,,0,0,0,1,16
0,1.0,0,1.0,60,0,0,0,-16.51189,-68.123047,72000.0,2,2005.0,0,0,1,0,13
0,1.0,0,1.0,39,0,0,0,-16.540134,-68.075462,61000.0,1,2018.0,0,0,1,0,9
0,2.0,0,2.0,73,0,0,1,-16.543454999999998,-68.087082,95000.0,1,,0,1,0,0,4
0,3.0,0,3.0,120,0,0,1,-16.540565,-68.083519,165000.0,2,,0,1,0,0,4
0,2.0,0,2.0,78,0,0,0,-16.513575,-68.130585,96000.0,2,2015.0,0,0,1,0,13
0,2.0,0,2.0,73,0,0,1,-16.543303,-68.08916500000001,95000.0,2,,0,1,0,0,4
0,3.0,0,3.0,140,0,0,0,-16.492801999999998,-68.12129200000001,139999.0,2,,0,0,0,1,16
0,2.0,0,2.0,62,0,0,0,-16.497709,-68.132561,83000.0,2,,0,1,0,0,18
0,2.0,0,3.0,94,0,0,1,-16.50831,-68.125771,120000.0,2,1990.0,0,0,0,1,5
0,3.0,0,3.0,128,0,0,1,-16.527403,-68.106323,175000.0,1,2018.0,0,1,0,0,7
0,5.0,0,4.0,393,0,0,2,-16.539467000000002,-68.083969,380000.0,2,,0,1,0,0,4
0,4.0,0,3.0,141,0,0,1,-16.540936,-68.068687,179128.0,1,2019.0,0,0,1,0,10
0,3.0,0,3.0,150,0,0,1,16.502836,-68.11975100000001,135000.0,2,,0,0,0,1,16
0,3.0,0,3.0,150,0,0,1,-16.501808,-68.123482,135000.0,2,,0,0,0,1,16
0,1.0,0,1.0,61,0,0,0,-16.505409,-68.13678,60000.0,1,2018.0,0,0,1,0,24
0,4.0,0,4.0,237,0,0,2,-16.527185,-68.084846,195000.0,2,,0,0,1,0,8
0,4.0,0,3.0,150,0,0,1,-16.544491,-68.088539,190000.0,2,,0,1,0,0,4
0,3.0,0,2.0,87,0,0,1,-16.524357000000002,-68.085922,105000.0,1,2019.0,0,0,1,0,8
0,3.0,0,3.0,90,0,0,1,-16.516904999999998,-68.08631899999999,82000.0,2,,0,0,1,0,8
0,4.0,0,3.0,226,0,0,0,-16.524481,-68.11148100000001,210000.0,2,2002.0,0,1,0,0,7
0,2.0,0,2.0,75,0,0,1,-16.542542,-68.086761,103000.0,1,2018.0,0,1,0,0,4
0,3.0,0,2.0,161,0,0,1,-16.523123000000002,-68.08575400000001,115000.0,1,2019.0,0,0,1,0,8
0,3.0,0,3.0,163,0,0,1,-16.540976999999998,-68.085815,210000.0,2,,0,1,0,0,4
0,3.0,0,2.0,120,0,0,1,-16.519842,-68.062569,150000.0,2,2014.0,1,0,0,0,1
0,5.0,0,4.0,193,0,0,1,-16.541595,-68.06671899999999,309223.0,1,2019.0,0,0,1,0,10
0,4.0,0,3.0,130,0,0,1,-16.539949,-68.091179,196000.0,1,2018.0,0,1,0,0,4
0,3.0,0,3.0,150,0,0,1,-16.545545999999998,-68.070541,140000.0,2,1999.0,0,0,1,0,9
0,3.0,0,2.0,103,0,0,1,-16.546967000000002,-68.06485699999999,148000.0,1,,0,1,0,0,6
0,3.0,0,3.0,204,0,0,2,-16.535547,-68.087875,336000.0,1,2018.0,0,1,0,0,4
0,2.0,0,3.0,148,0,1,1,-16.487167000000003,-68.13975500000001,128700.0,2,,0,1,0,0,18
0,2.0,0,3.0,81,0,0,0,-16.543454999999998,-68.073128,80000.0,2,,0,0,1,0,9
0,3.0,0,3.0,130,0,0,1,-16.529701,-68.072334,197000.0,1,,0,1,0,0,4
0,4.0,0,3.0,230,0,0,1,-16.528923000000002,-68.086525,177000.0,2,2009.0,0,0,1,0,8
0,4.0,0,4.0,180,0,0,1,-16.540855,-68.085297,180000.0,2,2012.0,0,1,0,0,4
0,2.0,0,1.0,61,0,0,1,-16.545998,-68.071701,82300.0,1,2019.0,0,0,1,0,9
0,2.0,0,2.0,94,0,0,0,-16.509293,-68.086334,84132.0,2,,0,0,1,0,8
0,1.0,0,2.0,0,76,0,0,-16.499689,-68.10811600000001,65000.0,2,,1,0,0,0,27
0,4.0,0,3.0,184,0,0,1,-16.540499,-68.087662,250000.0,2,,0,1,0,0,4
0,4.0,0,3.0,184,0,0,1,-16.542782,-68.089058,250000.0,2,,0,1,0,0,4
0,3.0,0,3.0,100,0,0,1,-16.540113,-68.07058,110000.0,2,2015.0,0,0,1,0,10
0,4.0,0,3.0,210,0,0,1,-16.542939999999998,-68.079697,248000.0,2,2000.0,0,1,0,0,17
0,3.0,0,3.0,177,0,0,1,-16.528019,-68.086143,140000.0,2,2003.0,0,0,1,0,8
0,5.0,0,4.0,231,0,0,1,-16.509741,-68.12690699999999,257000.0,2,1995.0,0,0,1,0,13
0,5.0,0,4.0,376,0,0,1,-16.512283,-68.121994,390000.0,2,1999.0,0,0,1,0,13
0,2.0,0,3.0,100,0,0,0,-16.52243,-68.113419,103000.0,2,,0,1,0,0,7
0,2.0,0,3.0,97,0,0,0,-16.50252,-68.12982199999999,100000.0,2,2008.0,0,1,0,0,18
0,5.0,0,4.0,202,0,0,1,-16.526087,-68.106415,260000.0,1,2018.0,0,1,0,0,7
0,3.0,0,3.0,99,182,0,1,-16.516583999999998,-68.084793,109000.0,2,,0,1,0,0,2
0,3.0,0,3.0,141,0,0,1,-16.546059,-68.06144,180000.0,1,2018.0,0,0,1,0,10
0,3.0,0,4.0,197,0,0,1,-16.515432,-68.125977,160000.0,2,2003.0,0,0,1,0,13
0,3.0,0,3.0,116,0,0,1,-16.513158999999998,-68.087021,110000.0,2,2000.0,0,0,1,0,8
0,3.0,0,3.0,92,0,0,1,-16.515844,-68.08470200000001,87000.0,2,,0,1,0,0,2
0,3.0,0,3.0,175,0,0,1,-16.518129000000002,-68.05825,125000.0,1,2017.0,1,0,0,0,1
0,3.0,0,3.0,120,0,0,1,-16.544825,-68.071579,130000.0,2,2000.0,0,0,1,0,9
0,4.0,1,3.0,145,145,1,1,-16.528276,-68.08624300000001,238000.0,2,,0,0,1,0,8
0,2.0,0,2.0,108,0,0,1,-16.499115,-68.08266400000001,88500.0,2,2015.0,0,0,1,0,8
0,3.0,0,2.0,112,112,1,1,-16.526192,-68.088081,149000.0,2,,0,0,1,0,8
0,4.0,1,3.0,145,145,1,1,-16.528933,-68.086197,238000.0,2,,0,0,1,0,8
0,5.0,0,3.0,178,0,0,1,-16.543045000000006,-68.068954,160000.0,2,2013.0,0,0,1,0,9
0,3.0,1,2.0,112,112,0,1,-16.525316,-68.085136,146000.0,2,,0,0,1,0,8
0,1.0,0,1.0,49,0,0,0,-16.542015,-68.060837,47800.0,2,,0,0,1,0,10
0,1.0,0,1.0,49,0,0,0,-16.542625,-68.06566600000001,47800.0,2,,0,0,1,0,10
0,3.0,0,3.0,100,0,0,0,-16.541601,-68.060333,98100.0,2,,0,0,1,0,10
0,3.0,0,3.0,100,0,0,0,-16.541367,-68.06178299999999,98100.0,2,,0,0,1,0,10
0,4.0,0,3.0,252,0,0,1,-16.50915,-68.124222,197000.0,2,1990.0,0,0,0,1,5
0,2.0,0,2.0,84,0,0,0,-16.544088000000002,-68.060722,81869.0,1,2019.0,0,0,1,0,10
0,3.0,0,2.0,113,0,0,1,-16.510141,-68.125084,137000.0,2,,0,0,0,1,5
0,2.0,0,3.0,100,0,0,0,-16.544125,-68.060631,98100.0,1,,0,0,1,0,10
0,4.0,0,3.0,120,0,0,1,-16.545065,-68.070778,120000.0,1,2014.0,0,0,1,0,9
0,3.0,0,3.0,125,0,0,0,-16.510326,-68.08579300000001,115000.0,1,,0,0,1,0,8
0,3.0,0,2.0,92,53,0,0,-16.542451999999994,-68.060089,110900.0,2,,0,0,1,0,10
0,2.0,0,3.0,97,0,0,1,-16.513422,-68.121712,117000.0,2,,0,0,0,1,5
0,2.0,0,3.0,99,0,0,1,-16.484322,-68.138199,128000.0,2,,0,1,0,0,18
0,2.0,0,3.0,99,0,0,1,-16.485216,-68.138275,128000.0,2,,0,1,0,0,18
0,4.0,0,4.0,205,0,0,2,-16.545166000000002,-68.083015,220000.0,2,2012.0,0,1,0,0,4
0,1.0,0,1.0,48,0,0,0,-16.531084,-68.07337199999999,65000.0,1,2018.0,1,0,0,0,1
0,3.0,0,4.0,157,0,0,1,-16.54215,-68.05465699999999,110000.0,2,2013.0,0,0,1,0,10
0,2.0,0,2.0,75,0,0,1,-16.519121,-68.088562,130000.0,1,2018.0,0,0,1,0,8
0,4.0,0,3.0,188,0,0,2,-16.538622,-68.077766,270000.0,1,2017.0,0,1,0,0,4
0,2.0,0,2.0,90,0,0,1,-16.544970000000006,-68.08710500000001,120000.0,2,2015.0,0,1,0,0,4
0,3.0,0,3.0,160,0,0,1,-16.534952,-68.076263,135000.0,2,2005.0,1,0,0,0,1
0,4.0,0,3.0,152,0,0,1,-16.540905,-68.095963,162000.0,1,,0,1,0,0,22
0,3.0,0,2.0,100,0,0,1,-16.542995,-68.07972,140000.0,2,2010.0,0,1,0,0,17
0,3.0,0,4.0,202,0,0,1,-16.546614,-68.060837,75000.0,1,2018.0,0,0,1,0,10
0,2.0,0,2.0,100,0,0,1,-16.522261,-68.066612,122000.0,2,2013.0,1,0,0,0,1
0,4.0,0,3.0,120,0,0,1,-16.544598,-68.070068,135000.0,2,2017.0,0,0,1,0,9
0,4.0,0,3.0,468,0,0,3,-16.543127,-68.085243,540000.0,2,2010.0,0,1,0,0,4
0,3.0,1,3.0,210,210,1,1,-16.540865,-68.089348,242000.0,2,,0,1,0,0,4
0,4.0,0,3.0,155,0,0,1,-16.524829999999998,-68.111885,175000.0,1,2019.0,0,1,0,0,7
0,4.0,0,3.0,157,0,0,1,-16.514372,-68.08638,139000.0,2,,0,0,1,0,8
0,2.0,0,2.0,114,0,0,1,-16.524811,-68.110229,149000.0,1,2018.0,0,1,0,0,7
0,3.0,0,3.0,160,0,0,2,-16.544501999999998,-68.06929000000001,160000.0,1,2019.0,0,0,1,0,9
0,4.0,0,3.0,150,0,0,1,-16.526909,-68.109245,205500.0,2,,0,1,0,0,7
0,4.0,0,3.0,288,0,0,2,-16.519751,-68.06201899999999,280000.0,1,2018.0,1,0,0,0,1
0,3.0,0,2.0,92,0,0,1,-16.543819,-68.066299,110000.0,2,,0,0,1,0,10
0,,0,3.0,85,0,0,1,-16.527704,-68.053444,90000.0,2,,1,0,0,0,1
0,2.0,0,2.0,100,0,0,1,-16.550266,-68.087006,118000.0,1,2018.0,0,0,1,0,14
0,3.0,0,3.0,157,0,0,1,-16.522396,-68.087639,155000.0,2,,0,0,1,0,8
0,5.0,0,3.0,150,0,0,1,-16.541523,-68.074394,185000.0,2,2017.0,0,0,1,0,9
0,3.0,0,3.0,137,0,0,1,-16.519566,-68.089897,85900.0,1,2018.0,0,1,0,0,20
0,2.0,0,3.0,100,0,1,1,-16.538470999999998,-68.065628,122000.0,2,,0,0,1,0,10
0,4.0,0,2.0,165,0,0,1,-16.519663,-68.08766899999999,136000.0,2,,0,0,1,0,8
0,4.0,0,3.0,147,0,0,1,-16.518978,-68.058121,142000.0,1,,1,0,0,0,1
0,4.0,0,3.0,178,0,0,1,-16.526281,-68.108223,180000.0,2,2004.0,0,1,0,0,7
0,4.0,0,3.0,230,0,0,1,-16.512745000000002,-68.124977,240000.0,2,2000.0,0,0,1,0,13
0,4.0,1,3.0,185,0,0,1,-16.546404000000006,-68.06397199999999,185000.0,2,,0,1,0,0,6
0,4.0,0,3.0,215,0,0,1,-16.539414999999998,-68.086288,248000.0,2,,0,1,0,0,4
0,3.0,1,3.0,138,138,1,1,-16.538609,-68.059937,140000.0,2,,0,0,1,0,10
0,3.0,0,3.0,166,0,0,0,-16.540526999999994,-68.084808,145000.0,2,,0,1,0,0,4
0,4.0,0,3.0,0,125,0,1,-16.52392,-68.05413100000001,100000.0,2,,1,0,0,0,1
0,4.0,0,3.0,0,154,0,2,-16.529066,-68.085014,160000.0,2,,0,0,1,0,8
0,4.0,0,3.0,120,0,0,1,-16.54179,-68.060577,120000.0,2,2016.0,0,0,1,0,10
0,5.0,1,3.0,0,129,0,1,-16.524820000000002,-68.069801,133000.0,2,,1,0,0,0,1
0,5.0,1,3.0,0,139,0,1,-16.524820000000002,-68.069801,134000.0,2,,1,0,0,0,1
0,5.0,1,3.0,0,129,0,1,-16.524820000000002,-68.069801,142000.0,2,,1,0,0,0,1
0,5.0,1,3.0,0,129,0,1,-16.524820000000002,-68.069801,135000.0,2,,1,0,0,0,1
0,5.0,1,3.0,139,139,0,1,-16.524820000000002,-68.069801,125000.0,2,,1,0,0,0,1
0,5.0,1,3.0,0,129,0,1,-16.524820000000002,-68.069801,137000.0,2,,1,0,0,0,1
0,5.0,1,3.0,0,139,0,1,-16.525797,-68.064583,145000.0,2,,1,0,0,0,1
0,5.0,1,3.0,0,139,0,1,-16.524466,-68.069466,145000.0,2,,1,0,0,0,1
0,5.0,1,3.0,0,139,0,1,-16.524466,-68.069466,128000.0,2,,1,0,0,0,1
0,5.0,1,3.0,0,129,0,1,-16.524466,-68.069466,139000.0,2,,1,0,0,0,1
0,5.0,1,3.0,0,139000,0,1,-16.524820000000002,-68.069801,143000.0,2,,1,0,0,0,1
0,5.0,1,3.0,0,139,0,1,-16.524820000000002,-68.069801,147000.0,2,,1,0,0,0,1
0,2.0,0,2.0,0,110,0,1,-16.544453,-68.07309000000001,110000.0,2,,0,0,1,0,9
0,3.0,0,3.0,160,0,0,1,-16.5422,-68.05294,109000.0,2,2003.0,0,1,0,0,3
0,4.0,0,3.0,0,132,0,1,-16.529684,-68.087158,129000.0,2,,0,0,1,0,8
0,2.0,0,2.0,110,0,0,1,-16.544885999999998,-68.07173900000001,110000.0,1,2014.0,0,0,1,0,9
0,4.0,0,3.0,150,0,0,1,-16.514509,-68.087845,133000.0,2,,0,0,1,0,8
0,3.0,0,3.0,118,0,0,1,-16.538263,-68.083023,143000.0,2,,0,0,1,0,8
0,5.0,0,4.0,258,0,0,1,-16.510614,-68.124115,185000.0,2,2000.0,0,0,1,0,13
0,4.0,1,3.0,160,160,1,1,-16.52297,-68.057022,145000.0,2,,1,0,0,0,1
0,4.0,0,3.0,0,125,0,1,-16.528151,-68.08381700000001,140000.0,2,,0,0,1,0,8
0,4.0,0,3.0,160,0,0,3,-16.521561,-68.057426,145000.0,2,,1,0,0,0,1
0,1.0,0,3.0,150,0,0,1,-16.54155,-68.06094399999999,130000.0,2,,0,0,1,0,10
0,3.0,0,3.0,140,140,0,0,-16.54505,-68.09603100000001,148000.0,2,1996.0,0,1,0,0,22
0,4.0,0,4.0,230,0,0,2,-16.513948000000006,-68.054726,197000.0,1,2013.0,1,0,0,0,1
0,4.0,0,4.0,255,0,0,1,-16.540762,-68.068924,226000.0,2,2002.0,0,0,1,0,10
0,2.0,0,3.0,300,300,0,1,-16.51395,-68.12915799999999,390000.0,2,,0,0,1,0,13
0,2.0,0,3.0,300,0,0,1,-16.510244,-68.124504,420000.0,2,,0,0,0,1,5
0,3.0,0,4.0,160,0,0,1,-16.526457,-68.108299,135000.0,2,,0,1,0,0,7
0,5.0,0,4.0,200,0,0,1,-16.54141,-68.08828000000001,220000.0,2,,0,1,0,0,4
0,3.0,0,3.0,144,0,0,1,-16.529861,-68.07058,139000.0,2,2005.0,1,0,0,0,1
0,2.0,0,2.0,90,0,0,0,-16.540607,-68.057144,90000.0,1,2018.0,0,0,1,0,10
0,1.0,0,1.0,36,0,0,0,-16.544106,-68.078476,51000.0,1,,0,1,0,0,17
0,4.0,1,3.0,150,0,0,1,-16.544453,-68.07309000000001,135000.0,2,,0,0,1,0,9
0,3.0,0,3.0,190,0,0,1,-16.539908999999998,-68.084785,260000.0,2,,0,1,0,0,4
0,3.0,0,3.0,139,0,0,0,-16.526951,-68.06356,125000.0,1,2018.0,1,0,0,0,1
0,2.0,0,3.0,115,0,0,1,-16.540464,-68.068214,102000.0,2,2014.0,0,0,1,0,10
0,4.0,0,3.0,155,0,0,1,-16.524820000000002,-68.069801,134000.0,2,,1,0,0,0,1
0,4.0,0,3.0,134,0,0,1,-16.517056,-68.061386,145000.0,2,2016.0,1,0,0,0,1
0,3.0,0,5.0,172,0,0,1,-16.540771,-68.072975,140000.0,2,,0,0,1,0,9
0,3.0,0,3.0,197,0,0,3,-16.539661,-68.079468,210000.0,2,,0,1,0,0,4
0,3.0,0,3.0,166,0,0,0,-16.540075,-68.084633,145000.0,2,,0,1,0,0,4
0,1.0,0,1.0,78,0,0,0,-16.540932,-68.074554,89000.0,2,,0,0,1,0,9
0,4.0,0,4.0,150,0,0,2,-16.514029999999998,-68.130859,150000.0,1,2001.0,0,0,1,0,13
0,,0,,0,0,0,0,-16.529682,-68.07311999999999,109000.0,2,,1,0,0,0,1
0,2.0,0,2.0,85,0,0,0,-16.521307,-68.123909,63400.0,1,2013.0,0,0,0,1,5
0,2.0,0,2.0,114,0,0,1,-16.525292999999998,-68.10951999999999,150000.0,1,2017.0,0,1,0,0,7
0,4.0,0,3.0,147,0,0,1,-16.522043,-68.05879200000001,142000.0,2,,1,0,0,0,1
0,3.0,0,3.0,155,0,0,1,-16.525314,-68.10951999999999,185000.0,1,2017.0,0,1,0,0,7
0,3.0,0,3.0,182,0,0,1,-16.527815,-68.069443,220000.0,1,,1,0,0,0,1
0,3.0,0,3.0,150,0,0,1,-16.545113,-68.07171600000001,143000.0,2,,0,0,1,0,9
0,2.0,0,2.0,148,148,0,1,-16.540229999999998,-68.069641,129000.0,2,,0,0,1,0,10
0,4.0,0,2.0,94,0,0,1,-16.510117,-68.085953,84132.0,1,2019.0,0,0,1,0,8
0,3.0,0,3.0,92,0,0,1,-16.516342,-68.084694,84000.0,1,2018.0,0,1,0,0,2
0,4.0,0,3.0,126,0,0,1,-16.539673,-68.09356700000001,122000.0,2,,0,0,1,0,12
0,3.0,0,3.0,196,0,0,1,-16.539167000000006,-68.077873,215000.0,2,2013.0,0,0,1,0,9
0,3.0,1,3.0,120,0,0,1,-16.528446,-68.049759,116000.0,2,,1,0,0,0,1
0,2.0,0,3.0,114,0,0,1,-16.509991,-68.086075,105000.0,2,2015.0,0,0,1,0,8
0,2.0,1,2.0,95,0,0,1,-16.528446,-68.049759,95000.0,2,,1,0,0,0,1
0,4.0,0,4.0,150,0,0,0,-16.513454,-68.130424,150000.0,2,,0,0,1,0,13
0,3.0,0,1.0,111,0,0,1,-16.512094,-68.121262,95000.0,2,2000.0,0,0,0,1,5
0,4.0,0,3.0,102,0,0,1,-16.539579,-68.086075,160000.0,1,2018.0,0,1,0,0,4
0,3.0,0,2.0,115,0,0,1,-16.525234,-68.11093100000001,159000.0,2,2014.0,0,1,0,0,7
0,3.0,0,3.0,160,0,0,1,-16.520981,-68.063896,176000.0,2,,1,0,0,0,1
0,5.0,0,3.0,0,0,0,1,-16.523657,-68.05566400000001,284800.0,2,,1,0,0,0,1
0,3.0,0,3.0,155,0,0,1,-16.525208,-68.110382,209000.0,2,,0,1,0,0,7
0,4.0,0,2.0,197,0,0,1,-16.538662,-68.077721,225000.0,2,,0,1,0,0,4
0,4.0,0,3.0,236,0,0,1,-16.540485,-68.084953,270000.0,2,2010.0,0,1,0,0,4
0,4.0,0,4.0,167,0,0,1,-16.524649,-68.054298,132000.0,2,,1,0,0,0,1
0,2.0,1,3.0,135,135,1,0,-16.517897,-68.106422,148000.0,2,,0,0,1,0,28
0,3.0,0,3.0,114,0,0,1,-16.540392,-68.06626899999999,114000.0,2,2013.0,0,0,1,0,10
0,3.0,1,3.0,200,200,1,1,-16.549631,-68.087227,285000.0,2,,0,0,1,0,14
0,4.0,0,4.0,167,0,0,1,-16.524649,-68.054298,128000.0,2,,1,0,0,0,1
0,3.0,1,2.0,147,0,0,1,-16.517349,-68.060921,159000.0,2,,1,0,0,0,1
0,3.0,1,3.0,150,0,0,1,-16.508562,-68.050499,110000.0,2,,1,0,0,0,1
0,3.0,1,3.0,170,0,0,1,-16.537903,-68.078445,215000.0,2,,0,1,0,0,4
0,4.0,0,3.0,182,0,0,1,-16.527782000000002,-68.070076,220000.0,1,2016.0,1,0,0,0,1
0,5.0,0,3.0,300,0,0,3,-16.540401,-68.084785,570000.0,1,,0,1,0,0,4
0,5.0,0,3.0,155,0,0,1,-16.523782999999998,-68.067406,165000.0,2,2016.0,1,0,0,0,1
0,4.0,0,3.0,190,0,0,1,-16.508272,-68.129768,175000.0,2,1993.0,0,0,1,0,13
0,4.0,1,3.0,175,0,0,1,-16.540215,-68.087311,240000.0,2,2010.0,0,1,0,0,4
0,3.0,0,2.0,229,0,0,1,-16.547577,-68.052811,152000.0,2,,1,0,0,0,11
0,3.0,0,3.0,120,0,0,1,-16.529260999999998,-68.08612099999999,152000.0,2,,0,0,1,0,8
0,2.0,1,1.0,143,0,0,1,-16.549543,-68.074547,207000.0,2,,0,1,0,0,6
0,2.0,0,2.0,83,0,0,1,-16.516581,-68.086258,97800.0,2,,0,0,1,0,8
0,2.0,0,2.0,60,0,0,1,-16.501726,-68.08266400000001,67000.0,1,2018.0,0,0,1,0,8
0,4.0,0,3.0,144,0,0,1,-16.529671,-68.070366,168000.0,2,,1,0,0,0,1
0,3.0,0,3.0,103,0,0,1,-16.541923999999998,-68.062424,98000.0,2,2005.0,0,0,1,0,10
0,3.0,0,3.0,137,0,0,0,-16.530279,-68.085136,165000.0,2,,0,0,1,0,8
0,3.0,0,3.0,151,0,0,1,-16.518639,-68.055412,115000.0,1,2018.0,1,0,0,0,1
0,2.0,0,1.0,62,0,0,0,-16.539742999999998,-68.073975,65000.0,2,,0,1,0,0,4
0,3.0,1,3.0,132,0,1,1,-16.518526,-68.05793,147000.0,2,,1,0,0,0,1
0,3.0,0,3.0,170,0,0,1,-16.539579,-68.08195500000001,215000.0,1,2018.0,0,1,0,0,4
0,2.0,0,1.0,46,0,0,0,-16.539825,-68.078949,60000.0,2,,0,1,0,0,4
0,4.0,0,3.0,145,0,0,1,-16.520726999999994,-68.057114,142000.0,2,,1,0,0,0,1
0,5.0,0,4.0,393,0,0,1,-16.540073,-68.086159,394500.0,2,,0,1,0,0,4
0,4.0,0,3.0,150,0,0,2,-16.528629000000002,-68.07132,145000.0,2,,1,0,0,0,1
0,4.0,0,3.0,145,0,0,1,-16.521816,-68.06150799999999,142000.0,2,,1,0,0,0,1
0,4.0,0,3.0,180,0,0,1,-16.52944,-68.068436,220000.0,2,,1,0,0,0,1
0,2.0,0,2.0,80,0,0,1,-16.542959,-68.057343,93000.0,2,,0,0,1,0,10
0,5.0,0,3.0,228,0,0,1,-16.540073,-68.080833,295000.0,1,,0,1,0,0,4
0,3.0,0,3.0,155,0,0,1,-16.525291,-68.10955,185000.0,1,2018.0,0,1,0,0,7
0,2.0,0,2.0,85,0,0,1,-16.542961,-68.057343,103000.0,2,,0,0,1,0,10
0,3.0,0,3.0,118,0,0,1,-16.508207000000002,-68.084099,125000.0,2,,0,0,1,0,8
0,3.0,0,3.0,211,0,0,1,-16.539414999999998,-68.081345,210000.0,2,,0,1,0,0,4
0,4.0,0,3.0,220,0,0,1,-16.546944,-68.08644100000001,240000.0,1,2018.0,0,0,1,0,14
0,4.0,1,4.0,167,167,1,1,-16.542198000000006,-68.089249,195000.0,2,,0,1,0,0,4
0,4.0,0,3.0,220,0,0,1,-16.54501,-68.081223,230000.0,2,2012.0,0,1,0,0,17
0,3.0,0,2.0,107,0,0,1,-16.517269,-68.061089,114000.0,2,,1,0,0,0,1
0,2.0,0,3.0,80,0,0,0,-16.541265,-68.07423399999999,80000.0,2,,0,0,1,0,9
0,4.0,0,3.0,210,0,0,1,-16.529917,-68.07869000000001,165000.0,2,,0,1,0,0,25
0,3.0,0,3.0,200,0,0,1,-16.517692999999998,-68.061523,182000.0,1,2018.0,1,0,0,0,1
0,3.0,0,2.0,169,0,0,1,-16.546368,-68.058418,150000.0,1,2017.0,1,0,0,0,11
0,1.0,0,1.0,61,0,0,1,-16.546198,-68.070419,82000.0,1,,0,0,1,0,9
0,3.0,0,3.0,114,0,0,1,-16.546057,-68.068138,109500.0,1,2018.0,0,1,0,0,6
0,2.0,0,3.0,97,0,0,0,-16.48679,-68.136261,99000.0,1,2019.0,0,1,0,0,18
0,5.0,0,3.0,220,0,0,1,-16.541801,-68.085732,255000.0,2,,0,1,0,0,4
0,2.0,0,2.0,0,0,0,1,-16.540910999999998,-68.05596899999999,105000.0,2,,0,0,1,0,10
0,4.0,0,4.0,165,0,0,1,-16.519627,-68.06381999999999,163000.0,2,2012.0,1,0,0,0,1
0,5.0,0,3.0,152,0,0,2,-16.517899,-68.056999,160000.0,2,,1,0,0,0,1
0,2.0,0,2.0,91,0,0,1,-16.543009,-68.072639,130000.0,2,,0,1,0,0,4
0,2.0,0,3.0,125,0,0,0,-16.510099,-68.136818,125000.0,2,2008.0,0,0,1,0,24
0,2.0,0,2.0,90,0,0,1,-16.5439,-68.06259200000001,118000.0,2,,0,0,1,0,10
0,4.0,0,3.0,156,0,0,1,-16.515924,-68.061104,118000.0,2,,1,0,0,0,1
0,2.0,0,2.0,90,0,0,1,-16.54353,-68.079338,130000.0,1,2017.0,0,1,0,0,17
0,4.0,0,3.0,133,0,0,1,-16.527239,-68.086327,145000.0,2,,0,0,1,0,8
0,2.0,0,1.0,76,0,0,0,-16.522876999999998,-68.06746700000001,83000.0,1,,1,0,0,0,1
0,3.0,0,2.0,75,0,0,1,-16.512056,-68.056786,67000.0,1,2017.0,1,0,0,0,1
0,3.0,0,3.0,164,0,0,2,-16.519924,-68.087959,172000.0,2,,0,0,1,0,8
0,1.0,0,1.0,58,0,0,0,-16.54298,-68.085014,87455.0,2,,0,1,0,0,4
0,3.0,0,3.0,128,0,0,0,-16.54298,-68.085014,182360.0,2,,0,1,0,0,4
0,4.0,1,4.0,232,0,0,0,-16.54298,-68.085014,336350.0,2,,0,1,0,0,4
0,3.0,0,3.0,135,0,0,1,-16.511341,-68.050804,132000.0,2,,1,0,0,0,1
0,6.0,0,4.0,338,0,0,2,-16.53743,-68.07339499999999,350000.0,2,,0,1,0,0,4
0,3.0,1,3.0,183,0,0,2,-16.540758,-68.063416,159000.0,2,,0,0,1,0,10
0,2.0,0,2.0,99,0,0,0,-16.539984,-68.08651,140650.0,2,,0,1,0,0,4
0,5.0,0,4.0,270,0,0,2,-16.489689000000002,-68.119293,197000.0,2,,0,0,0,1,16
0,3.0,1,3.0,150,0,1,1,-16.522648,-68.05365,125000.0,1,2017.0,1,0,0,0,1
0,2.0,1,2.0,91,0,1,1,-16.543787,-68.066109,97000.0,2,,0,0,1,0,9
0,4.0,1,3.0,160,0,0,1,-16.546633,-68.077934,168000.0,2,,0,1,0,0,6
0,3.0,1,3.0,160,0,1,0,-16.490191,-68.124565,140000.0,1,,0,0,0,1,16
0,1.0,0,1.0,50,0,1,0,-16.518145,-68.085876,54000.0,1,2017.0,0,0,1,0,8
0,3.0,0,3.0,190,0,0,0,-16.480074,-68.121086,150000.0,1,,0,1,0,0,23
0,4.0,0,3.0,238,0,0,1,-16.536278,-68.091301,238000.0,2,,0,0,1,0,8
0,3.0,0,3.0,228,0,0,0,-16.545807,-68.067513,289000.0,2,,0,1,0,0,6
0,3.0,0,3.0,187,0,0,0,-16.545807,-68.067513,224000.0,2,,0,1,0,0,6
0,3.0,0,8.0,229,0,0,0,-16.510761,-68.127495,440000.0,1,,0,0,1,0,13
0,3.0,0,3.0,120,0,0,1,-16.542141,-68.063683,118000.0,2,2005.0,0,0,1,0,10
0,3.0,0,3.0,166,0,0,0,-16.545807,-68.067513,184000.0,2,,0,1,0,0,6
0,3.0,0,3.0,189,0,0,1,-16.508910999999998,-68.129295,195000.0,2,,0,0,1,0,13
0,3.0,1,4.0,168,0,0,1,-16.524573999999998,-68.05584,125000.0,2,,1,0,0,0,1
0,3.0,0,3.0,144,0,1,2,-16.528448,-68.083511,125000.0,2,2008.0,0,0,1,0,8
0,3.0,0,3.0,136,0,1,2,-16.524182999999994,-68.08426700000001,130000.0,2,,0,0,1,0,8
0,3.0,0,4.0,152,0,1,1,-16.50992,-68.057526,98000.0,2,,1,0,0,0,1
0,2.0,0,1.0,64,0,0,0,-16.518328,-68.062187,84000.0,2,,1,0,0,0,1
0,3.0,1,3.0,145,0,0,1,-16.546829000000002,-68.07435600000001,172000.0,2,,0,0,1,0,9
0,2.0,0,3.0,160,0,1,2,-16.516829,-68.06210300000001,138000.0,1,,1,0,0,0,1
0,3.0,1,3.0,150,0,1,1,-16.52092,-68.053177,80000.0,1,,1,0,0,0,1
0,3.0,1,2.0,245,0,0,1,-16.516829,-68.06210300000001,170000.0,1,,1,0,0,0,1
1,3.0,1,4.0,220,0,1,1,-16.54298,-68.085014,290000.0,2,,0,1,0,0,4
0,3.0,1,3.0,142,0,1,1,-16.515009,-68.06255300000001,147000.0,2,,1,0,0,0,1
0,4.0,0,8.0,240,0,1,0,-16.494408,-68.138535,225000.0,2,,0,1,0,0,18
0,2.0,0,3.0,87,0,1,0,-16.510761,-68.127495,85000.0,2,,0,0,1,0,13
0,1.0,1,1.0,30,0,0,1,-16.524883,-68.069717,42500.0,2,,1,0,0,0,1
0,1.0,0,1.0,45,0,0,0,-16.522160999999997,-68.113617,65000.0,2,,0,1,0,0,7
0,3.0,0,3.0,245,0,1,2,-16.537184,-68.075737,260000.0,2,,0,1,0,0,4
0,2.0,1,2.0,75,0,1,1,-16.539709,-68.090813,109000.0,2,,0,1,0,0,4
0,2.0,1,2.0,78,0,0,1,-16.505129,-68.13183599999999,115000.0,2,,0,0,1,0,13
0,3.0,1,3.0,153,0,1,1,-16.510618,-68.085762,120000.0,1,,0,0,1,0,8
0,3.0,1,3.0,220,0,0,1,-16.517694,-68.06302600000001,168000.0,2,,1,0,0,0,1
0,3.0,0,5.0,172,0,0,1,-16.545212,-68.072563,165000.0,2,,0,0,1,0,9
0,3.0,1,3.0,143,0,0,1,-16.528461,-68.07124300000001,159000.0,1,2018.0,1,0,0,0,1
0,3.0,0,3.0,130,0,1,0,-16.527433,-68.083572,145000.0,1,2017.0,0,0,1,0,8
0,4.0,1,3.0,220,0,1,1,-16.518885,-68.063911,168000.0,2,,1,0,0,0,1
0,2.0,0,2.0,110,0,0,1,-16.518847,-68.06443,112000.0,2,,1,0,0,0,1
0,3.0,1,3.0,126,0,1,0,-16.540394,-68.054558,94500.0,2,,0,0,1,0,10
0,3.0,0,3.0,108,0,1,1,-16.540903,-68.063438,110000.0,2,,0,0,1,0,10
0,3.0,1,3.0,178,0,0,1,-16.544792,-68.067665,150000.0,2,,0,0,1,0,9
0,3.0,0,3.0,170,0,0,2,-16.489689000000002,-68.119293,144000.0,1,,0,0,0,1,16
0,4.0,1,3.0,245,0,1,1,-16.540894,-68.063416,200000.0,2,,0,0,1,0,10
0,2.0,0,2.0,135,0,0,1,-16.510288,-68.123245,125000.0,2,,0,0,1,0,13
0,3.0,1,4.0,235,0,1,1,-16.522516,-68.057182,177000.0,1,2017.0,1,0,0,0,1
0,3.0,0,3.0,150,0,0,1,-16.508364,-68.049164,120000.0,2,,1,0,0,0,1
0,3.0,1,2.0,70,0,1,0,-16.542656,-68.061996,65500.0,1,2017.0,0,0,1,0,10
0,1.0,0,3.0,80,0,0,0,-16.504726,-68.116188,85000.0,2,2005.0,0,0,0,1,16
0,4.0,1,3.0,150,0,0,1,-16.530594,-68.083618,152000.0,2,,0,0,1,0,8
0,4.0,1,3.0,230,0,0,1,-16.520695,-68.087074,189000.0,2,,0,0,1,0,8
0,3.0,0,3.0,230,0,0,1,-16.520346,-68.086555,177000.0,2,,0,0,1,0,8
0,2.0,0,3.0,97,0,1,0,-16.496172,-68.121223,105000.0,2,,0,0,0,1,16
0,2.0,0,3.0,185,0,0,1,-16.515493,-68.131653,165000.0,2,,0,0,1,0,13
0,4.0,0,3.0,160,0,0,1,-16.540960000000002,-68.07629399999999,170000.0,1,,0,0,1,0,9
0,3.0,0,3.0,151,0,0,1,-16.539194000000002,-68.076195,240000.0,2,,0,0,1,0,9
0,1.0,0,1.0,42,0,0,0,-16.540014000000006,-68.086647,58825.0,2,,0,1,0,0,4
0,4.0,0,3.0,170,0,0,2,-16.520044,-68.06510899999999,150000.0,2,,1,0,0,0,1
0,3.0,1,3.0,210,0,1,2,-16.546637,-68.070915,174000.0,2,,0,1,0,0,6
0,4.0,0,3.0,400,0,0,3,-16.489689000000002,-68.119293,432000.0,2,,0,0,0,1,16
0,3.0,0,3.0,137,0,1,0,-16.541114999999998,-68.089256,155000.0,2,,0,1,0,0,4
0,3.0,0,3.0,170,0,1,1,-16.518938000000002,-68.058426,160000.0,2,,1,0,0,0,1
0,3.0,0,3.0,240,0,0,1,-16.533682000000002,-68.067162,165000.0,2,,1,0,0,0,1
0,2.0,1,2.0,112,0,0,1,-16.495184,-68.121948,125000.0,2,,0,0,0,1,16
0,5.0,0,3.0,0,320,0,2,-16.545362,-68.058052,330000.0,1,,1,0,0,0,11
0,3.0,0,3.0,202,0,0,2,-16.522909,-68.056793,180000.0,2,,1,0,0,0,1
0,2.0,1,3.0,200,0,0,1,-16.520119,-68.101692,128000.0,2,1990.0,0,0,1,0,28
0,3.0,0,3.0,180,0,0,0,-16.522392,-68.06414000000001,196000.0,2,,1,0,0,0,1
0,5.0,1,3.0,147,0,0,2,-16.50828,-68.052254,130000.0,2,2014.0,1,0,0,0,1
0,1.0,0,3.0,162,0,0,1,-16.530239,-68.067627,190000.0,2,,1,0,0,0,1
0,3.0,0,3.0,176,0,0,0,-16.536358,-68.096138,190000.0,2,,0,0,1,0,12
0,2.0,1,3.0,159,0,0,1,-16.533754000000002,-68.071671,145000.0,2,,1,0,0,0,1
0,3.0,0,3.0,190,0,0,0,-16.536358,-68.096138,200000.0,2,,0,0,1,0,12
0,3.0,0,3.0,222,0,0,2,-16.536358,-68.096138,235000.0,2,,0,0,1,0,12
0,4.0,1,3.0,220,0,0,0,-16.526532999999993,-68.107124,195000.0,2,,0,1,0,0,7
0,4.0,0,4.0,210,0,0,1,-16.521923,-68.062393,199000.0,2,,1,0,0,0,1
0,1.0,1,1.0,68,0,0,0,-16.54298,-68.085014,95413.0,2,,0,1,0,0,4
0,1.0,0,1.0,60,0,0,0,-16.542604,-68.078056,95000.0,2,,0,1,0,0,17
0,2.0,1,2.0,73,0,0,1,-16.54298,-68.085014,135000.0,2,,0,1,0,0,4
0,5.0,0,3.0,280,200,0,2,-16.526789,-68.06796999999999,280000.0,1,2018.0,1,0,0,0,1
0,1.0,0,1.0,58,0,0,0,-16.54298,-68.085014,80650.0,2,,0,1,0,0,4
0,3.0,1,3.0,184,0,1,1,-16.527314999999998,-68.086975,158000.0,1,2017.0,0,0,1,0,8
0,4.0,0,3.0,211,0,0,0,-16.520077,-68.061287,150000.0,2,,1,0,0,0,1
0,4.0,0,3.0,172,0,1,1,-16.538834,-68.063377,150000.0,1,,0,0,1,0,10
0,3.0,1,4.0,248,0,1,1,-16.541649,-68.06636800000001,228000.0,2,1999.0,0,0,1,0,10
0,2.0,0,2.0,100,0,0,0,-16.54063,-68.089394,128000.0,1,2017.0,0,1,0,0,4
0,3.0,0,3.0,188,0,1,2,-16.541428,-68.087479,315000.0,1,2017.0,0,1,0,0,4
0,4.0,1,3.0,183,0,1,2,-16.541601,-68.065865,159000.0,2,,0,0,1,0,10
0,4.0,1,2.0,240,0,1,2,-16.542191,-68.08564,280000.0,1,2018.0,0,1,0,0,4
0,3.0,1,3.0,153,0,1,1,-16.540674,-68.089584,183000.0,1,,0,1,0,0,4
0,4.0,0,3.0,140,0,1,1,-16.528510999999998,-68.087715,161000.0,2,2016.0,0,0,1,0,8
0,4.0,0,3.0,169,0,1,1,-16.541183,-68.058304,143000.0,1,2018.0,0,0,1,0,10
0,3.0,1,3.0,152,0,1,1,-16.511709,-68.128716,168000.0,2,,0,0,1,0,13
0,4.0,0,3.0,200,0,1,2,-16.529776000000002,-68.106628,200000.0,1,2018.0,0,1,0,0,7
0,3.0,0,3.0,112,0,0,1,-16.518818,-68.09182,85900.0,1,2019.0,0,1,0,0,20
0,3.0,0,3.0,112,0,0,1,-16.518867,-68.091553,85900.0,1,2018.0,0,1,0,0,20
0,5.0,0,4.0,231,0,0,0,-16.510510999999994,-68.127464,239000.0,2,,0,0,1,0,13
0,3.0,0,4.0,280,0,0,2,-16.540731,-68.086075,315000.0,2,,0,1,0,0,4
0,5.0,1,3.0,198,198,0,1,-16.541365,-68.073463,195000.0,2,,0,0,1,0,9
0,2.0,1,2.0,0,148,0,1,-16.53425,-68.103386,125000.0,1,,0,1,0,0,22
0,2.0,0,3.0,103,0,0,1,-16.543429999999994,-68.063393,100000.0,2,,0,0,1,0,10
0,3.0,0,2.0,103,0,0,1,-16.505594,-68.083435,100000.0,1,2018.0,0,0,1,0,8
0,2.0,1,2.0,0,148,0,1,-16.53425,-68.103386,125000.0,2,,0,1,0,0,22
0,5.0,0,3.0,0,180,0,2,-16.525789000000003,-68.088387,181000.0,2,,0,0,1,0,8
0,3.0,0,3.0,150,0,0,2,-16.529013,-68.07034300000001,155000.0,2,2004.0,1,0,0,0,1
0,4.0,0,3.0,0,182,0,1,-16.529066,-68.085014,132000.0,2,,0,0,1,0,8
0,5.0,0,3.0,0,180,0,2,-16.526175,-68.08667,181000.0,2,,0,0,1,0,8
0,4.0,1,3.0,158,140,0,1,-16.529066,-68.085014,150000.0,2,,0,0,1,0,8
0,4.0,1,3.0,0,170,0,1,-16.519514,-68.06076,160000.0,2,,1,0,0,0,1
0,3.0,1,3.0,0,160,0,1,-16.539158,-68.097527,135000.0,2,,0,1,0,0,22
0,3.0,1,3.0,0,164,0,1,-16.53425,-68.103386,144000.0,2,,0,1,0,0,22
0,2.0,0,2.0,72,0,0,1,-16.544073,-68.083855,125000.0,1,2017.0,0,1,0,0,4
0,6.0,1,4.0,0,280,0,1,-16.520979,-68.059067,185000.0,2,,1,0,0,0,1
0,4.0,0,4.0,210,0,0,1,-16.528431,-68.0709,199000.0,1,,1,0,0,0,1
0,6.0,1,4.0,0,200,0,1,-16.52072,-68.062294,180000.0,2,,1,0,0,0,1
0,4.0,0,3.0,121,0,0,0,-16.540119,-68.08785999999999,163998.0,1,2017.0,0,1,0,0,4
0,6.0,1,4.0,0,280,0,1,-16.521362,-68.062874,185000.0,2,,1,0,0,0,1
0,3.0,0,3.0,180,180,0,1,-16.519613,-68.06041,185000.0,2,,1,0,0,0,1
0,3.0,0,3.0,143,0,0,0,-16.522713,-68.067429,162000.0,1,2018.0,1,0,0,0,1
0,6.0,1,4.0,0,200,0,1,-16.521423000000002,-68.05866999999999,180000.0,2,,1,0,0,0,1
0,2.0,0,3.0,152,0,0,1,-16.521614000000003,-68.061348,135000.0,1,2015.0,1,0,0,0,1
0,3.0,0,3.0,180,180,0,1,-16.52125,-68.059067,185000.0,2,,1,0,0,0,1
0,3.0,0,3.0,126,0,0,1,-16.512468,-68.058159,112000.0,2,2010.0,1,0,0,0,1
0,3.0,0,3.0,124,0,0,1,-16.526482,-68.05459599999999,90000.0,2,,1,0,0,0,1
0,7.0,1,5.0,0,305,0,1,-16.519254999999998,-68.059143,280000.0,2,,1,0,0,0,1
0,5.0,0,3.0,300,0,0,0,-16.539020999999998,-68.086632,403000.0,1,,0,1,0,0,4
0,4.0,0,3.0,0,134,0,1,-16.523636,-68.059685,130000.0,2,,1,0,0,0,1
0,4.0,0,3.0,0,180,0,2,-16.550388,-68.072624,145000.0,2,,0,1,0,0,6
0,4.0,0,3.0,0,134,0,1,-16.520107,-68.05835,130000.0,2,,1,0,0,0,1
0,3.0,0,3.0,124,0,0,0,-16.491357999999998,-68.15214499999999,130000.0,1,2018.0,0,0,1,0,29
0,3.0,0,2.0,98,0,0,1,-16.521729999999998,-68.086395,98000.0,1,,0,0,1,0,8
0,4.0,0,4.0,164,0,0,1,-16.537271,-68.074371,195000.0,2,2017.0,0,1,0,0,4
0,4.0,0,4.0,0,290,0,1,-16.537704,-68.06308,230000.0,2,,0,0,1,0,10
0,4.0,0,4.0,0,290,0,1,-16.537956,-68.06324000000001,230000.0,2,,0,0,1,0,10
0,3.0,0,3.0,205,0,0,2,-16.539867,-68.081223,336000.0,1,2018.0,0,1,0,0,4
0,3.0,0,3.0,202,0,0,1,-16.538116,-68.050255,105000.0,1,,0,1,0,0,3
0,5.0,1,3.0,0,139,0,1,-16.524466,-68.069466,131000.0,2,,1,0,0,0,1
0,1.0,0,1.0,0,36,0,0,-16.538839000000007,-68.086327,51500.0,2,,0,1,0,0,4
0,1.0,0,1.0,0,63,0,0,-16.542692000000002,-68.087242,67000.0,2,,0,1,0,0,4
0,1.0,0,1.0,0,36,0,0,-16.542360000000002,-68.08530400000001,51500.0,2,,0,1,0,0,4
0,2.0,1,2.0,82,0,1,1,-16.540607,-68.056076,100000.0,1,2016.0,0,0,1,0,10
0,3.0,1,3.0,136,0,1,2,-16.544792,-68.05501600000001,170000.0,2,2016.0,0,0,1,0,9
0,3.0,1,4.0,284,0,0,0,-16.509462,-68.12812,250000.0,2,,0,0,1,0,13
0,3.0,0,3.0,300,0,0,1,-16.544516,-68.072548,180000.0,2,,0,0,1,0,9
0,5.0,1,3.0,206,0,1,2,-16.544453,-68.07309000000001,250000.0,1,2016.0,0,0,1,0,9
0,4.0,1,3.0,135,0,1,1,-16.506157,-68.081322,105000.0,1,2018.0,0,0,1,0,8
